5.419075144508670450e-01, 2.449539486576523747e-02, 1.150829999655576863e+00
5.509393063583815087e-01, 2.449539486576523747e-02, 1.146991514912014232e+00
5.599710982658959724e-01, 2.449539486576523747e-02, 1.143451341374802643e+00
5.690028901734104361e-01, 2.449539486576523747e-02, 1.140187449541822939e+00
5.780346820809247887e-01, 2.449539486576523747e-02, 1.137180065200316337e+00
5.870664739884392525e-01, 2.449539486576523747e-02, 1.134411350855312195e+00
5.960982658959537162e-01, 2.449539486576523747e-02, 1.131865124515551990e+00
6.051300578034681799e-01, 2.449539486576523747e-02, 1.129526611623648202e+00
6.141618497109826436e-01, 2.449539486576523747e-02, 1.127382226489869188e+00
6.231936416184971073e-01, 2.449539486576523747e-02, 1.125419380039657691e+00
6.322254335260115710e-01, 2.449539486576523747e-02, 1.123626311041695525e+00
6.367413294797688028e-01, 2.449539486576523747e-02, 1.122789957291429053e+00
6.378703034682080553e-01, 2.449539486576523747e-02, 1.122586909936539534e+00
6.381525469653178684e-01, 2.449539486576523747e-02, 1.122536520034287610e+00
6.382936687138728304e-01, 2.449539486576523747e-02, 1.122511380654139135e+00
6.384347904624276815e-01, 2.449539486576523747e-02, 1.417504410656790670e+00
6.474665823699421452e-01, 2.449539486576523747e-02, 1.394105979861833156e+00
6.564983742774566089e-01, 2.449539486576523747e-02, 1.371601983971618699e+00
6.655301661849710726e-01, 2.449539486576523747e-02, 1.349951876251766825e+00
6.745619580924855363e-01, 2.449539486576523747e-02, 1.329117329869400566e+00
6.835937500000000000e-01, 2.449539486576523747e-02, 1.309062071601994726e+00
6.926255419075144637e-01, 2.449539486576523747e-02, 1.289751729557622850e+00
7.016573338150289274e-01, 2.449539486576523747e-02, 1.271153694047582050e+00
7.106891257225432801e-01, 2.449539486576523747e-02, 1.253236990761006586e+00
7.197209176300577438e-01, 2.449539486576523747e-02, 1.235972165395075040e+00
7.287527095375722075e-01, 2.449539486576523747e-02, 1.219331178901338353e+00
7.377845014450866712e-01, 2.449539486576523747e-02, 1.203287312518420471e+00
7.468162933526011349e-01, 2.449539486576523747e-02, 1.187815081778851756e+00
7.558480852601155986e-01, 2.449539486576523747e-02, 1.172890158700468088e+00
7.648798771676300623e-01, 2.449539486576523747e-02, 1.158489301402610971e+00
7.739116690751445260e-01, 2.449539486576523747e-02, 1.144590290422889289e+00
7.829434609826588787e-01, 2.449539486576523747e-02, 1.131171871050027589e+00
7.919752528901733424e-01, 2.449539486576523747e-02, 1.118213701032346519e+00
8.010070447976878061e-01, 2.449539486576523747e-02, 1.105696303067429165e+00
8.100388367052022698e-01, 2.449539486576523747e-02, 1.093601021525896000e+00
8.190706286127167335e-01, 2.449539486576523747e-02, 1.081909982910103762e+00
8.281024205202311972e-01, 2.449539486576523747e-02, 1.070606059595854198e+00
8.371342124277456609e-01, 2.449539486576523747e-02, 1.059672836451000189e+00
8.461660043352601246e-01, 2.449539486576523747e-02, 1.049094579968710805e+00
8.551977962427744773e-01, 2.449539486576523747e-02, 1.038856209594968494e+00
8.642295881502889410e-01, 2.449539486576523747e-02, 1.028943270968668333e+00
8.732613800578034047e-01, 2.449539486576523747e-02, 1.019341910828247322e+00
8.822931719653178684e-01, 2.449539486576523747e-02, 1.010038853372400069e+00
8.913249638728323321e-01, 2.449539486576523747e-02, 1.001021377891367026e+00
9.003567557803467958e-01, 2.449539486576523747e-02, 9.922772975126652462e-01
9.093885476878612595e-01, 2.449539486576523747e-02, 9.837949389284588175e-01
9.184203395953757232e-01, 2.449539486576523747e-02, 9.755631229933667825e-01
9.274521315028901869e-01, 2.449539486576523747e-02, 9.675711460991130997e-01
9.364839234104045396e-01, 2.449539486576523747e-02, 9.598087622487516679e-01
9.455157153179190033e-01, 2.449539486576523747e-02, 9.522661657670526969e-01
9.545475072254334670e-01, 2.449539486576523747e-02, 9.449339745946190305e-01
9.635792991329479307e-01, 2.449539486576523747e-02, 9.378032141243738407e-01
9.726110910404623944e-01, 2.449539486576523747e-02, 9.308653015451460178e-01
9.816428829479768581e-01, 2.449539486576523747e-02, 9.241120306663312967e-01
9.906746748554913218e-01, 2.449539486576523747e-02, 9.175355572014507466e-01
9.997064667630057855e-01, 2.449539486576523747e-02, 9.111283844932726028e-01
1.008738258670520249e+00, 2.449539486576523747e-02, 9.048833496668708953e-01
1.017770050578034713e+00, 2.449539486576523747e-02, 8.987936102000166905e-01
1.026801842485549177e+00, 2.449539486576523747e-02, 8.928526309010725859e-01
1.035833634393063640e+00, 2.449539486576523747e-02, 8.870541712883092123e-01
1.044865426300577882e+00, 2.449539486576523747e-02, 8.813922733631769368e-01
1.053897218208092346e+00, 2.449539486576523747e-02, 8.758612497727382706e-01
1.062929010115606809e+00, 2.449539486576523747e-02, 8.704556723556424735e-01
1.071960802023121273e+00, 2.449539486576523747e-02, 8.651703610669100319e-01
1.080992593930635737e+00, 2.449539486576523747e-02, 8.600003732764253117e-01
1.090024385838150200e+00, 2.449539486576523747e-02, 8.549409934361066332e-01
1.099056177745664664e+00, 2.449539486576523747e-02, 8.499877231104318032e-01
1.108087969653179128e+00, 2.449539486576523747e-02, 8.451362713644147151e-01
1.117119761560693592e+00, 2.449539486576523747e-02, 8.403825455035589531e-01
1.126151553468208055e+00, 2.449539486576523747e-02, 8.357226421590693288e-01
1.135183345375722519e+00, 2.449539486576523747e-02, 8.311528387119346828e-01
1.144215137283236983e+00, 2.449539486576523747e-02, 8.266695850487804087e-01
1.153246929190751446e+00, 2.449539486576523747e-02, 8.222694956420463219e-01
1.162278721098265910e+00, 2.449539486576523747e-02, 8.179493419471789428e-01
1.171310513005780374e+00, 2.449539486576523747e-02, 8.137060451086240986e-01
1.180342304913294837e+00, 2.449539486576523747e-02, 8.095366689669724058e-01
1.189374096820809301e+00, 2.449539486576523747e-02, 8.054384133585118510e-01
1.198405888728323543e+00, 2.449539486576523747e-02, 8.014086076989157537e-01
1.207437680635838007e+00, 2.449539486576523747e-02, 7.974447048426976936e-01
1.216469472543352470e+00, 2.449539486576523747e-02, 7.935442752095046570e-01
1.225501264450866934e+00, 2.449539486576523747e-02, 7.897050011689444871e-01
1.234533056358381398e+00, 2.449539486576523747e-02, 7.859246716749970219e-01
1.243564848265895861e+00, 2.449539486576523747e-02, 7.822011771412141767e-01
1.252596640173410325e+00, 2.449539486576523747e-02, 7.785325045487367923e-01
1.261628432080924789e+00, 2.449539486576523747e-02, 7.749167327778888614e-01
1.270660223988439252e+00, 2.449539486576523747e-02, 7.713520281553775115e-01
1.279692015895953716e+00, 2.449539486576523747e-02, 7.678366402088381282e-01
1.288723807803468180e+00, 2.449539486576523747e-02, 7.643688976201380436e-01
1.297755599710982644e+00, 2.449539486576523747e-02, 7.609472043699190280e-01
1.306787391618497107e+00, 2.449539486576523747e-02, 7.575700360655031051e-01
1.315819183526011571e+00, 2.449539486576523747e-02, 7.542359364442337011e-01
1.324850975433526035e+00, 2.449539486576523747e-02, 7.509435140450823054e-01
1.333882767341040498e+00, 2.449539486576523747e-02, 7.476914390413610390e-01
1.342914559248554962e+00, 2.449539486576523747e-02, 7.444784402269836177e-01
1.351946351156069204e+00, 2.449539486576523747e-02, 7.413033021506749698e-01
1.360978143063583667e+00, 2.449539486576523747e-02, 7.381648623899258466e-01
1.370009934971098131e+00, 2.449539486576523747e-02, 7.350620089595986117e-01
1.379041726878612595e+00, 2.449539486576523747e-02, 7.319936778484515960e-01
1.388073518786127059e+00, 2.449539486576523747e-02, 7.289588506781475852e-01
1.397105310693641522e+00, 2.449539486576523747e-02, 7.259565524781554924e-01
1.406137102601155986e+00, 2.449539486576523747e-02, 7.229858495723966438e-01
1.415168894508670450e+00, 2.449539486576523747e-02, 7.200458475704997197e-01
1.424200686416184913e+00, 2.449539486576523747e-02, 7.171356894610809718e-01
1.433232478323699377e+00, 2.449539486576523747e-02, 7.142545537993807425e-01
1.442264270231213841e+00, 2.449539486576523747e-02, 7.114016529874831463e-01
1.451296062138728304e+00, 2.449539486576523747e-02, 7.085762316398260818e-01
1.460327854046242768e+00, 2.449539486576523747e-02, 7.057775650324895622e-01
1.469359645953757232e+00, 2.449539486576523747e-02, 7.030049576298025293e-01
1.478391437861271696e+00, 2.449539486576523747e-02, 7.002577416856026193e-01
1.487423229768786159e+00, 2.449539486576523747e-02, 6.975352759162057881e-01
1.496455021676300623e+00, 2.449539486576523747e-02, 6.948369442393884654e-01
1.505486813583814865e+00, 2.449539486576523747e-02, 6.921621545776911466e-01
1.514518605491329328e+00, 2.449539486576523747e-02, 6.895103377224396368e-01
1.523550397398843792e+00, 2.449539486576523747e-02, 6.868809462551220824e-01
1.532582189306358256e+00, 2.449539486576523747e-02, 6.842734535237212645e-01
1.541613981213872719e+00, 2.449539486576523747e-02, 6.816873526703847164e-01
1.550645773121387183e+00, 2.449539486576523747e-02, 6.791221557084753391e-01
1.559677565028901647e+00, 2.449539486576523747e-02, 6.765773926465412647e-01
1.568709356936416111e+00, 2.449539486576523747e-02, 6.740526106563202724e-01
1.577741148843930574e+00, 2.449539486576523747e-02, 6.715473732825713027e-01
1.586772940751445038e+00, 2.449539486576523747e-02, 6.690612596933591671e-01
1.595804732658959502e+00, 2.449539486576523747e-02, 6.665938639671445953e-01
1.604836524566473965e+00, 2.449539486576523747e-02, 6.641447944165210782e-01
1.613868316473988429e+00, 2.449539486576523747e-02, 6.617136729457570032e-01
1.622900108381502893e+00, 2.449539486576523747e-02, 6.593001344403033315e-01
1.631931900289017356e+00, 2.449539486576523747e-02, 6.569038261868771489e-01
1.640963692196531820e+00, 2.449539486576523747e-02, 6.545244073227742820e-01
1.649995484104046284e+00, 2.449539486576523747e-02, 6.521615483122386037e-01
1.659027276011560526e+00, 2.449539486576523747e-02, 6.498149304493643363e-01
1.668059067919074989e+00, 2.449539486576523747e-02, 6.474842453850800927e-01
1.677090859826589453e+00, 2.449539486576523747e-02, 6.451691946782307507e-01
1.686122651734103917e+00, 2.449539486576523747e-02, 6.428694893677984190e-01
1.695154443641618380e+00, 2.449539486576523747e-02, 6.405848495676393917e-01
1.704186235549132844e+00, 2.449539486576523747e-02, 6.383150040795743108e-01
1.713218027456647308e+00, 2.449539486576523747e-02, 6.360596900267260212e-01
1.722249819364161771e+00, 2.449539486576523747e-02, 6.338186525037915464e-01
1.731281611271676235e+00, 2.449539486576523747e-02, 6.315916442449631685e-01
1.740313403179190699e+00, 2.449539486576523747e-02, 6.293784253074304891e-01
1.749345195086705163e+00, 2.449539486576523747e-02, 6.271787627708326207e-01
1.758376986994219626e+00, 2.449539486576523747e-02, 6.249924304505526385e-01
1.767408778901734090e+00, 2.449539486576523747e-02, 6.228192086253160342e-01
1.776440570809248554e+00, 2.449539486576523747e-02, 6.206588837770066203e-01
1.785472362716763017e+00, 2.449539486576523747e-02, 6.185112483441388420e-01
1.794504154624277481e+00, 2.449539486576523747e-02, 6.163761004857493120e-01
1.803535946531791723e+00, 2.449539486576523747e-02, 6.142532438572951836e-01
5.419075144508670450e-01, 2.449539486576523539e-01, 1.145907823361308475e+00
5.509393063583815087e-01, 2.449539486576523539e-01, 1.141971459933633692e+00
5.599710982658959724e-01, 2.449539486576523539e-01, 1.138335676033398469e+00
5.690028901734104361e-01, 2.449539486576523539e-01, 1.134978204201380514e+00
5.780346820809247887e-01, 2.449539486576523539e-01, 1.131879054054234945e+00
5.870664739884392525e-01, 2.449539486576523539e-01, 1.129020191880870438e+00
5.960982658959537162e-01, 2.449539486576523539e-01, 1.126385258050674354e+00
6.051300578034681799e-01, 2.449539486576523539e-01, 1.123959317956880088e+00
6.141618497109826436e-01, 2.449539486576523539e-01, 1.121728642805314369e+00
6.231936416184971073e-01, 2.449539486576523539e-01, 1.119680517022889177e+00
6.322254335260115710e-01, 2.449539486576523539e-01, 1.117803069429464502e+00
6.412572254335260347e-01, 2.449539486576523539e-01, 1.116085125610069229e+00
6.502890173410403873e-01, 2.449539486576523539e-01, 1.114516079154759476e+00
6.593208092485548510e-01, 2.449539486576523539e-01, 1.113085779609580772e+00
6.683526011560693147e-01, 2.449539486576523539e-01, 1.111784435111600633e+00
6.773843930635837784e-01, 2.449539486576523539e-01, 1.110602527770192527e+00
6.864161849710982422e-01, 2.449539486576523539e-01, 1.109530739910475905e+00
6.954479768786127059e-01, 2.449539486576523539e-01, 1.108559889317574765e+00
7.044797687861271696e-01, 2.449539486576523539e-01, 1.107680871613557994e+00
7.135115606936416333e-01, 2.449539486576523539e-01, 1.106884607861911896e+00
7.225433526011559859e-01, 2.449539486576523539e-01, 1.106161995422162647e+00
7.315751445086704496e-01, 2.449539486576523539e-01, 1.105503859959102497e+00
7.406069364161849133e-01, 2.449539486576523539e-01, 1.104900906329044474e+00
7.496387283236993770e-01, 2.449539486576523539e-01, 1.104343665791564399e+00
7.586705202312138407e-01, 2.449539486576523539e-01, 1.103822436586243017e+00
7.677023121387283044e-01, 2.449539486576523539e-01, 1.103327214306101478e+00
7.767341040462427681e-01, 2.449539486576523539e-01, 1.102847607596115553e+00
7.857658959537572319e-01, 2.449539486576523539e-01, 1.102372733357578349e+00
7.947976878612716956e-01, 2.449539486576523539e-01, 1.101891083614445099e+00
8.038294797687860482e-01, 2.449539486576523539e-01, 1.101390353119272358e+00
8.128612716763005119e-01, 2.449539486576523539e-01, 1.100857212018981901e+00
8.218930635838149756e-01, 2.449539486576523539e-01, 1.100277000391248761e+00
8.220341853323699377e-01, 2.449539486576523539e-01, 1.100267476328108840e+00
8.221753070809247887e-01, 2.449539486576523539e-01, 1.127297862764381708e+00
8.312070989884392525e-01, 2.449539486576523539e-01, 1.113545870392764536e+00
8.402388908959537162e-01, 2.449539486576523539e-01, 1.100364856169661509e+00
8.492706828034681799e-01, 2.449539486576523539e-01, 1.087717878472370003e+00
8.583024747109826436e-01, 2.449539486576523539e-01, 1.075571707407548150e+00
8.673342666184971073e-01, 2.449539486576523539e-01, 1.063896201884149795e+00
8.763660585260115710e-01, 2.449539486576523539e-01, 1.052663834648092323e+00
8.853978504335259236e-01, 2.449539486576523539e-01, 1.041849322775096676e+00
8.944296423410403873e-01, 2.449539486576523539e-01, 1.031429334971976974e+00
9.034614342485548510e-01, 2.449539486576523539e-01, 1.021382255902173464e+00
9.124932261560693147e-01, 2.449539486576523539e-01, 1.011687993578787248e+00
9.215250180635837784e-01, 2.449539486576523539e-01, 1.002327819791112296e+00
9.305568099710982422e-01, 2.449539486576523539e-01, 9.932842362279551418e-01
9.395886018786127059e-01, 2.449539486576523539e-01, 9.845408608511326820e-01
9.486203937861271696e-01, 2.449539486576523539e-01, 9.760823304197911998e-01
9.576521856936416333e-01, 2.449539486576523539e-01, 9.678942160418310126e-01
9.666839776011559859e-01, 2.449539486576523539e-01, 9.599629493444424844e-01
9.757157695086704496e-01, 2.449539486576523539e-01, 9.522757573883557924e-01
9.847475614161849133e-01, 2.449539486576523539e-01, 9.448206048505930488e-01
9.937793533236993770e-01, 2.449539486576523539e-01, 9.375861423048912346e-01
1.002811145231213841e+00, 2.449539486576523539e-01, 9.305616596625656545e-01
1.011842937138728304e+00, 2.449539486576523539e-01, 9.237370440173193753e-01
1.020874729046242768e+00, 2.449539486576523539e-01, 9.171027412787857713e-01
1.029906520953757232e+00, 2.449539486576523539e-01, 9.106497210907765760e-01
1.038938312861271696e+00, 2.449539486576523539e-01, 9.043694446181651525e-01
1.047970104768786159e+00, 2.449539486576523539e-01, 8.982538348567407072e-01
1.057001896676300623e+00, 2.449539486576523539e-01, 8.922952491767631722e-01
1.066033688583815087e+00, 2.449539486576523539e-01, 8.864864538565614405e-01
1.075065480491329328e+00, 2.449539486576523539e-01, 8.808206003997024469e-01
1.084097272398843792e+00, 2.449539486576523539e-01, 8.752912034594513280e-01
1.093129064306358256e+00, 2.449539486576523539e-01, 8.698921202192657631e-01
1.102160856213872719e+00, 2.449539486576523539e-01, 8.646175310985542151e-01
1.111192648121387183e+00, 2.449539486576523539e-01, 8.594619216701240294e-01
1.120224440028901647e+00, 2.449539486576523539e-01, 8.544200656898717217e-01
1.129256231936416111e+00, 2.449539486576523539e-01, 8.494870091513826438e-01
1.138288023843930574e+00, 2.449539486576523539e-01, 8.446580552879706660e-01
1.147319815751445038e+00, 2.449539486576523539e-01, 8.399287504534063142e-01
1.156351607658959502e+00, 2.449539486576523539e-01, 8.352948708197029948e-01
1.165383399566473965e+00, 2.449539486576523539e-01, 8.307524098365079990e-01
1.174415191473988429e+00, 2.449539486576523539e-01, 8.262975664020794087e-01
1.183446983381502893e+00, 2.449539486576523539e-01, 8.219267337002451601e-01
1.192478775289017356e+00, 2.449539486576523539e-01, 8.176364886618344707e-01
1.201510567196531820e+00, 2.449539486576523539e-01, 8.134235820124995353e-01
1.210542359104046284e+00, 2.449539486576523539e-01, 8.092849288718377831e-01
1.219574151011560748e+00, 2.449539486576523539e-01, 8.052175998714380389e-01
1.228605942919074989e+00, 2.449539486576523539e-01, 8.012188127618501410e-01
1.237637734826589453e+00, 2.449539486576523539e-01, 7.972859244805360346e-01
1.246669526734103917e+00, 2.449539486576523539e-01, 7.934164236547821547e-01
1.255701318641618380e+00, 2.449539486576523539e-01, 7.896079235152130282e-01
1.264733110549132844e+00, 2.449539486576523539e-01, 7.858581551971997037e-01
1.273764902456647308e+00, 2.449539486576523539e-01, 7.821649614086507718e-01
1.282796694364161771e+00, 2.449539486576523539e-01, 7.785262904441387910e-01
1.291828486271676235e+00, 2.449539486576523539e-01, 7.749401905264287072e-01
1.300860278179190699e+00, 2.449539486576523539e-01, 7.714048044575059215e-01
1.309892070086705163e+00, 2.449539486576523539e-01, 7.679183645623399723e-01
1.318923861994219626e+00, 2.449539486576523539e-01, 7.644791879093384424e-01
1.327955653901734090e+00, 2.449539486576523539e-01, 7.610856717925991166e-01
1.336987445809248554e+00, 2.449539486576523539e-01, 7.577362894616269662e-01
1.346019237716763017e+00, 2.449539486576523539e-01, 7.544295860851210067e-01
1.355051029624277481e+00, 2.449539486576523539e-01, 7.511641749360584708e-01
1.364082821531791945e+00, 2.449539486576523539e-01, 7.479387337860633478e-01
1.373114613439306408e+00, 2.449539486576523539e-01, 7.447520014976006797e-01
1.382146405346820650e+00, 2.449539486576523539e-01, 7.416027748032315570e-01
1.391178197254335114e+00, 2.449539486576523539e-01, 7.384899052616732407e-01
1.400209989161849577e+00, 2.449539486576523539e-01, 7.354122963809757163e-01
1.409241781069364041e+00, 2.449539486576523539e-01, 7.323689008996591143e-01
1.418273572976878505e+00, 2.449539486576523539e-01, 7.293587182171158423e-01
1.427305364884392969e+00, 2.449539486576523539e-01, 7.263807919650523415e-01
1.436337156791907432e+00, 2.449539486576523539e-01, 7.234342077122001280e-01
1.445368948699421896e+00, 2.449539486576523539e-01, 7.205180907949665370e-01
1.454400740606936360e+00, 2.449539486576523539e-01, 7.176316042669634854e-01
1.463432532514450823e+00, 2.449539486576523539e-01, 7.147739469609386553e-01
1.472464324421965287e+00, 2.449539486576523539e-01, 7.119443516567713903e-01
1.481496116329479751e+00, 2.449539486576523539e-01, 7.091420833497610321e-01
1.490527908236994215e+00, 2.449539486576523539e-01, 7.063664376135155853e-01
1.499559700144508678e+00, 2.449539486576523539e-01, 7.036167390522205523e-01
1.508591492052023142e+00, 2.449539486576523539e-01, 7.008923398373262392e-01
1.517623283959537606e+00, 2.449539486576523539e-01, 6.981926183239328676e-01
1.526655075867052069e+00, 2.449539486576523539e-01, 6.955169777424194955e-01
1.535686867774566311e+00, 2.449539486576523539e-01, 6.928648449611271021e-01
1.544718659682080775e+00, 2.449539486576523539e-01, 6.902356693161038059e-01
1.553750451589595238e+00, 2.449539486576523539e-01, 6.876289215042400427e-01
1.562782243497109702e+00, 2.449539486576523539e-01, 6.850440925361176436e-01
1.571814035404624166e+00, 2.449539486576523539e-01, 6.824806927454137861e-01
1.580845827312138629e+00, 2.449539486576523539e-01, 6.799382508515090517e-01
1.589877619219653093e+00, 2.449539486576523539e-01, 6.774163130725189275e-01
1.598909411127167557e+00, 2.449539486576523539e-01, 6.749144422857639158e-01
1.607941203034682021e+00, 2.449539486576523539e-01, 6.724322172331242964e-01
1.616972994942196484e+00, 2.449539486576523539e-01, 6.699692317688054066e-01
1.626004786849710948e+00, 2.449539486576523539e-01, 6.675250941470159960e-01
1.635036578757225412e+00, 2.449539486576523539e-01, 6.650994263475014101e-01
1.644068370664739875e+00, 2.449539486576523539e-01, 6.626918634366785188e-01
1.653100162572254339e+00, 2.449539486576523539e-01, 6.603020529624898938e-01
1.662131954479768803e+00, 2.449539486576523539e-01, 6.579296543810619902e-01
1.671163746387283267e+00, 2.449539486576523539e-01, 6.555743385134428225e-01
1.680195538294797508e+00, 2.449539486576523539e-01, 6.532357870306380043e-01
1.689227330202311972e+00, 2.449539486576523539e-01, 6.509136919655351683e-01
1.698259122109826436e+00, 2.449539486576523539e-01, 6.486077552501450239e-01
1.707290914017340899e+00, 2.449539486576523539e-01, 6.463176882767025511e-01
1.716322705924855363e+00, 2.449539486576523539e-01, 6.440432114815040077e-01
1.725354497832369827e+00, 2.449539486576523539e-01, 6.417840539499610752e-01
1.734386289739884290e+00, 2.449539486576523539e-01, 6.395399530419588752e-01
1.743418081647398754e+00, 2.449539486576523539e-01, 6.373106540362668548e-01
1.752449873554913218e+00, 2.449539486576523539e-01, 6.350959097929413932e-01
1.761481665462427681e+00, 2.449539486576523539e-01, 6.328954804328612571e-01
1.770513457369942145e+00, 2.449539486576523539e-01, 6.307091330333118862e-01
1.779545249277456609e+00, 2.449539486576523539e-01, 6.285366413388709939e-01
1.788577041184971073e+00, 2.449539486576523539e-01, 6.263777854866683370e-01
1.797608833092485536e+00, 2.449539486576523539e-01, 6.242323517453218784e-01
5.419075144508670450e-01, 4.899078973153047079e-01, 1.140470863404731805e+00
5.509393063583815087e-01, 4.899078973153047079e-01, 1.136426216151334989e+00
5.599710982658959724e-01, 4.899078973153047079e-01, 1.132684726623352844e+00
5.690028901734104361e-01, 4.899078973153047079e-01, 1.129223862678845558e+00
5.780346820809247887e-01, 4.899078973153047079e-01, 1.126023393766784286e+00
5.870664739884392525e-01, 4.899078973153047079e-01, 1.123065068424389912e+00
5.960982658959537162e-01, 4.899078973153047079e-01, 1.120332330088471551e+00
6.051300578034681799e-01, 4.899078973153047079e-01, 1.117810066870189356e+00
6.141618497109826436e-01, 4.899078973153047079e-01, 1.115484391545927378e+00
6.231936416184971073e-01, 4.899078973153047079e-01, 1.113342448494923254e+00
6.322254335260115710e-01, 4.899078973153047079e-01, 1.111372244696954725e+00
6.412572254335260347e-01, 4.899078973153047079e-01, 1.109562502209615165e+00
6.502890173410403873e-01, 4.899078973153047079e-01, 1.107902529788316492e+00
6.593208092485548510e-01, 4.899078973153047079e-01, 1.106382111502624443e+00
6.683526011560693147e-01, 4.899078973153047079e-01, 1.104991410348280523e+00
6.773843930635837784e-01, 4.899078973153047079e-01, 1.103720884961898019e+00
6.864161849710982422e-01, 4.899078973153047079e-01, 1.102561217621605527e+00
6.954479768786127059e-01, 4.899078973153047079e-01, 1.101503251766678959e+00
7.044797687861271696e-01, 4.899078973153047079e-01, 1.100537937296753865e+00
7.135115606936416333e-01, 4.899078973153047079e-01, 1.099656281918033773e+00
7.225433526011559859e-01, 4.899078973153047079e-01, 1.098849306789023927e+00
7.315751445086704496e-01, 4.899078973153047079e-01, 1.098108004677174065e+00
7.406069364161849133e-01, 4.899078973153047079e-01, 1.097423298760755062e+00
7.496387283236993770e-01, 4.899078973153047079e-01, 1.096786000082324186e+00
7.586705202312138407e-01, 4.899078973153047079e-01, 1.096186761457915937e+00
7.677023121387283044e-01, 4.899078973153047079e-01, 1.095616025336365595e+00
7.767341040462427681e-01, 4.899078973153047079e-01, 1.095063962636581234e+00
7.857658959537572319e-01, 4.899078973153047079e-01, 1.094520398895916236e+00
7.947976878612716956e-01, 4.899078973153047079e-01, 1.093974723032455465e+00
8.038294797687860482e-01, 4.899078973153047079e-01, 1.093415772493803617e+00
8.128612716763005119e-01, 4.899078973153047079e-01, 1.092831686275895553e+00
8.218930635838149756e-01, 4.899078973153047079e-01, 1.092209713828562245e+00
8.309248554913294393e-01, 4.899078973153047079e-01, 1.091535962521891445e+00
8.399566473988439030e-01, 4.899078973153047079e-01, 1.090795057928116929e+00
8.489884393063583667e-01, 4.899078973153047079e-01, 1.089969677541760218e+00
8.580202312138728304e-01, 4.899078973153047079e-01, 1.089039895764846611e+00
8.670520231213872941e-01, 4.899078973153047079e-01, 1.087982238386682399e+00
8.760838150289016468e-01, 4.899078973153047079e-01, 1.086768272847010053e+00
8.851156069364161105e-01, 4.899078973153047079e-01, 1.085362422678858296e+00
8.941473988439305742e-01, 4.899078973153047079e-01, 1.083718412505445761e+00
8.986632947976878061e-01, 4.899078973153047079e-01, 1.082788287911446545e+00
9.009212427745664220e-01, 4.899078973153047079e-01, 1.082292049545245716e+00
9.020502167630057855e-01, 4.899078973153047079e-01, 1.082035520298141762e+00
9.021913385115606365e-01, 4.899078973153047079e-01, 1.082003045833360044e+00
9.023324602601155986e-01, 4.899078973153047079e-01, 1.062118927844524219e+00
9.113642521676300623e-01, 4.899078973153047079e-01, 1.049909234920787249e+00
9.203960440751445260e-01, 4.899078973153047079e-01, 1.038328233306276216e+00
9.294278359826588787e-01, 4.899078973153047079e-01, 1.027303726662116556e+00
9.384596278901733424e-01, 4.899078973153047079e-01, 1.016779337437206054e+00
9.474914197976878061e-01, 4.899078973153047079e-01, 1.006709300743308333e+00
9.565232117052022698e-01, 4.899078973153047079e-01, 9.970553793607791482e-01
9.655550036127167335e-01, 4.899078973153047079e-01, 9.877849146325703433e-01
9.745867955202311972e-01, 4.899078973153047079e-01, 9.788695307422352609e-01
9.836185874277456609e-01, 4.899078973153047079e-01, 9.702842368165778275e-01
9.926503793352601246e-01, 4.899078973153047079e-01, 9.620067827534326543e-01
1.001682171242774588e+00, 4.899078973153047079e-01, 9.540171832500193849e-01
1.010713963150289052e+00, 4.899078973153047079e-01, 9.462973570522156264e-01
1.019745755057803516e+00, 4.899078973153047079e-01, 9.388308473914748209e-01
1.028777546965317979e+00, 4.899078973153047079e-01, 9.316026010529897539e-01
1.037809338872832221e+00, 4.899078973153047079e-01, 9.245987907133678130e-01
1.046841130780346685e+00, 4.899078973153047079e-01, 9.178066698331476259e-01
1.055872922687861148e+00, 4.899078973153047079e-01, 9.112144524708211124e-01
1.064904714595375612e+00, 4.899078973153047079e-01, 9.048112124766215514e-01
1.073936506502890076e+00, 4.899078973153047079e-01, 8.985867979737708344e-01
1.082968298410404540e+00, 4.899078973153047079e-01, 8.925317580584661847e-01
1.092000090317919003e+00, 4.899078973153047079e-01, 8.866372793849570666e-01
1.101031882225433467e+00, 4.899078973153047079e-01, 8.808951308381518519e-01
1.110063674132947931e+00, 4.899078973153047079e-01, 8.752976148927498201e-01
1.119095466040462394e+00, 4.899078973153047079e-01, 8.698375245548662926e-01
1.128127257947976858e+00, 4.899078973153047079e-01, 8.645081050073536444e-01
1.137159049855491322e+00, 4.899078973153047079e-01, 8.593030192524553357e-01
1.146190841763005785e+00, 4.899078973153047079e-01, 8.542163171791208320e-01
1.155222633670520249e+00, 4.899078973153047079e-01, 8.492424075864813959e-01
1.164254425578034713e+00, 4.899078973153047079e-01, 8.443760327773569552e-01
1.173286217485549177e+00, 4.899078973153047079e-01, 8.396122454008994040e-01
1.182318009393063640e+00, 4.899078973153047079e-01, 8.349463872758140504e-01
1.191349801300577882e+00, 4.899078973153047079e-01, 8.303740699677439885e-01
1.200381593208092346e+00, 4.899078973153047079e-01, 8.258911569286816468e-01
1.209413385115606809e+00, 4.899078973153047079e-01, 8.214937470341804326e-01
1.218445177023121273e+00, 4.899078973153047079e-01, 8.171781593772545760e-01
1.227476968930635737e+00, 4.899078973153047079e-01, 8.129409191967155168e-01
1.236508760838150200e+00, 4.899078973153047079e-01, 8.087787448337486751e-01
1.245540552745664664e+00, 4.899078973153047079e-01, 8.046885356235877751e-01
1.254572344653179128e+00, 4.899078973153047079e-01, 8.006673606404490773e-01
1.263604136560693592e+00, 4.899078973153047079e-01, 7.967124482232703642e-01
1.272635928468208055e+00, 4.899078973153047079e-01, 7.928211762178312139e-01
1.281667720375722519e+00, 4.899078973153047079e-01, 7.889910628777544455e-01
1.290699512283236983e+00, 4.899078973153047079e-01, 7.852197583727736907e-01
1.299731304190751446e+00, 4.899078973153047079e-01, 7.815050368577984852e-01
1.308763096098265910e+00, 4.899078973153047079e-01, 7.778447890607496085e-01
1.317794888005780374e+00, 4.899078973153047079e-01, 7.742370153510151898e-01
1.326826679913294837e+00, 4.899078973153047079e-01, 7.706798192538328873e-01
1.335858471820809301e+00, 4.899078973153047079e-01, 7.671714013789211473e-01
1.344890263728323543e+00, 4.899078973153047079e-01, 7.637100537342784712e-01
1.353922055635838007e+00, 4.899078973153047079e-01, 7.602941543986238004e-01
1.362953847543352470e+00, 4.899078973153047079e-01, 7.569221625278571564e-01
1.371985639450866934e+00, 4.899078973153047079e-01, 7.535926136730968228e-01
1.381017431358381398e+00, 4.899078973153047079e-01, 7.503041153893129644e-01
1.390049223265895861e+00, 4.899078973153047079e-01, 7.470553431153843515e-01
1.399081015173410325e+00, 4.899078973153047079e-01, 7.438450363076452021e-01
1.408112807080924789e+00, 4.899078973153047079e-01, 7.406719948103952511e-01
1.417144598988439252e+00, 4.899078973153047079e-01, 7.375350754479617077e-01
1.426176390895953716e+00, 4.899078973153047079e-01, 7.344331888240452910e-01
1.435208182803468180e+00, 4.899078973153047079e-01, 7.313652963150298891e-01
1.444239974710982644e+00, 4.899078973153047079e-01, 7.283304072448384403e-01
1.453271766618497107e+00, 4.899078973153047079e-01, 7.253275762298779794e-01
1.462303558526011571e+00, 4.899078973153047079e-01, 7.223559006831845597e-01
1.471335350433526035e+00, 4.899078973153047079e-01, 7.194145184678504279e-01
1.480367142341040498e+00, 4.899078973153047079e-01, 7.165026056902732421e-01
1.489398934248554962e+00, 4.899078973153047079e-01, 7.136193746244807734e-01
1.498430726156069204e+00, 4.899078973153047079e-01, 7.107640717594093660e-01
1.507462518063583667e+00, 4.899078973153047079e-01, 7.079359759614111125e-01
1.516494309971098131e+00, 4.899078973153047079e-01, 7.051343967448776562e-01
1.525526101878612595e+00, 4.899078973153047079e-01, 7.023586726443090678e-01
1.534557893786127059e+00, 4.899078973153047079e-01, 6.996081696815221740e-01
1.543589685693641522e+00, 4.899078973153047079e-01, 6.968822799222125219e-01
1.552621477601155986e+00, 4.899078973153047079e-01, 6.941804201162963261e-01
1.561653269508670450e+00, 4.899078973153047079e-01, 6.915020304170131915e-01
1.570685061416184913e+00, 4.899078973153047079e-01, 6.888465731738836473e-01
1.579716853323699377e+00, 4.899078973153047079e-01, 6.862135317950842639e-01
1.588748645231213841e+00, 4.899078973153047079e-01, 6.836024096749984125e-01
1.597780437138728304e+00, 4.899078973153047079e-01, 6.810127291829960461e-01
1.606812229046242768e+00, 4.899078973153047079e-01, 6.784440307097535650e-01
1.615844020953757232e+00, 4.899078973153047079e-01, 6.758958717676371020e-01
1.624875812861271696e+00, 4.899078973153047079e-01, 6.733678261418692967e-01
1.633907604768786159e+00, 4.899078973153047079e-01, 6.708594830895157068e-01
1.642939396676300401e+00, 4.899078973153047079e-01, 6.683704465832962516e-01
1.651971188583814865e+00, 4.899078973153047079e-01, 6.659003345976898247e-01
1.661002980491329328e+00, 4.899078973153047079e-01, 6.634487784346942973e-01
1.670034772398843792e+00, 4.899078973153047079e-01, 6.610154220869893793e-01
1.679066564306358256e+00, 4.899078973153047079e-01, 6.585999216361720920e-01
1.688098356213872719e+00, 4.899078973153047079e-01, 6.562019446841280690e-01
1.697130148121387183e+00, 4.899078973153047079e-01, 6.538211698154329232e-01
1.706161940028901647e+00, 4.899078973153047079e-01, 6.514572860891013617e-01
1.715193731936416111e+00, 4.899078973153047079e-01, 6.491099925578833751e-01
1.724225523843930574e+00, 4.899078973153047079e-01, 6.467789978135173312e-01
1.733257315751445038e+00, 4.899078973153047079e-01, 6.444640195563946516e-01
1.742289107658959502e+00, 4.899078973153047079e-01, 6.421647841883114660e-01
1.751320899566473965e+00, 4.899078973153047079e-01, 6.398810264268580683e-01
1.760352691473988429e+00, 4.899078973153047079e-01, 6.376124889402285945e-01
1.769384483381502893e+00, 4.899078973153047079e-01, 6.353589220013519112e-01
1.778416275289017356e+00, 4.899078973153047079e-01, 6.331200831600994894e-01
1.787448067196531820e+00, 4.899078973153047079e-01, 6.308957369326549935e-01
1.796479859104046062e+00, 4.899078973153047079e-01, 6.286856545069892110e-01
1.805511651011560526e+00, 4.899078973153047079e-01, 6.264896134635491443e-01
5.419075144508670450e-01, 7.348618459729571173e-01, 1.135067403758525328e+00
5.509393063583815087e-01, 7.348618459729571173e-01, 1.130914938414271820e+00
5.599710982658959724e-01, 7.348618459729571173e-01, 1.127068267985392058e+00
5.690028901734104361e-01, 7.348618459729571173e-01, 1.123504595143019813e+00
5.780346820809247887e-01, 7.348618459729571173e-01, 1.120203448980255256e+00
5.870664739884392525e-01, 7.348618459729571173e-01, 1.117146360344531519e+00
5.960982658959537162e-01, 7.348618459729571173e-01, 1.114316575983917312e+00
6.051300578034681799e-01, 7.348618459729571173e-01, 1.111698807080390816e+00
6.141618497109826436e-01, 7.348618459729571173e-01, 1.109279008361921504e+00
6.231936416184971073e-01, 7.348618459729571173e-01, 1.107044184477074200e+00
6.322254335260115710e-01, 7.348618459729571173e-01, 1.104982220710997831e+00
6.412572254335260347e-01, 7.348618459729571173e-01, 1.103081735439895184e+00
6.502890173410403873e-01, 7.348618459729571173e-01, 1.101331951976610490e+00
6.593208092485548510e-01, 7.348618459729571173e-01, 1.099722587662978812e+00
6.683526011560693147e-01, 7.348618459729571173e-01, 1.098243758223690580e+00
6.773843930635837784e-01, 7.348618459729571173e-01, 1.096885895519324361e+00
6.864161849710982422e-01, 7.348618459729571173e-01, 1.095639676929681450e+00
6.954479768786127059e-01, 7.348618459729571173e-01, 1.094495964669006671e+00
7.044797687861271696e-01, 7.348618459729571173e-01, 1.093445753386883990e+00
7.135115606936416333e-01, 7.348618459729571173e-01, 1.092480124446393530e+00
7.225433526011559859e-01, 7.348618459729571173e-01, 1.091590205295020599e+00
7.315751445086704496e-01, 7.348618459729571173e-01, 1.090767132353486213e+00
7.406069364161849133e-01, 7.348618459729571173e-01, 1.090002015837525873e+00
7.496387283236993770e-01, 7.348618459729571173e-01, 1.089285904890274104e+00
7.586705202312138407e-01, 7.348618459729571173e-01, 1.088609751325153141e+00
7.677023121387283044e-01, 7.348618459729571173e-01, 1.087964370143358117e+00
7.767341040462427681e-01, 7.348618459729571173e-01, 1.087340394770504481e+00
7.857658959537572319e-01, 7.348618459729571173e-01, 1.086728224618732419e+00
7.947976878612716956e-01, 7.348618459729571173e-01, 1.086117962073096965e+00
8.038294797687860482e-01, 7.348618459729571173e-01, 1.085499335251566499e+00
8.128612716763005119e-01, 7.348618459729571173e-01, 1.084861601787261209e+00
8.218930635838149756e-01, 7.348618459729571173e-01, 1.084193427262943876e+00
8.309248554913294393e-01, 7.348618459729571173e-01, 1.083482729528149502e+00
8.399566473988439030e-01, 7.348618459729571173e-01, 1.082716476524398841e+00
8.489884393063583667e-01, 7.348618459729571173e-01, 1.081880419728702192e+00
8.580202312138728304e-01, 7.348618459729571173e-01, 1.080958736695040390e+00
8.670520231213872941e-01, 7.348618459729571173e-01, 1.079933542298848748e+00
8.760838150289016468e-01, 7.348618459729571173e-01, 1.078784205269136320e+00
8.851156069364161105e-01, 7.348618459729571173e-01, 1.077486366965044962e+00
8.941473988439305742e-01, 7.348618459729571173e-01, 1.076010488127471465e+00
9.031791907514450379e-01, 7.348618459729571173e-01, 1.074319614590594218e+00
9.122109826589595016e-01, 7.348618459729571173e-01, 1.072365781796060125e+00
9.212427745664739653e-01, 7.348618459729571173e-01, 1.070083889245697861e+00
9.302745664739884290e-01, 7.348618459729571173e-01, 1.067380468512611147e+00
9.393063583815028927e-01, 7.348618459729571173e-01, 1.064110947546002661e+00
9.483381502890173564e-01, 7.348618459729571173e-01, 1.060026629642386142e+00
9.528540462427744773e-01, 7.348618459729571173e-01, 1.057540229555104849e+00
9.551119942196530932e-01, 7.348618459729571173e-01, 1.056144031919399318e+00
9.556764812138728304e-01, 7.348618459729571173e-01, 1.055775943230916170e+00
9.559587247109826436e-01, 7.348618459729571173e-01, 1.055588794324826551e+00
9.560998464595374946e-01, 7.348618459729571173e-01, 1.055494421654960657e+00
9.562409682080924567e-01, 7.348618459729571173e-01, 1.028413591760301449e+00
9.652727601156069204e-01, 7.348618459729571173e-01, 1.016893474731854319e+00
9.743045520231213841e-01, 7.348618459729571173e-01, 1.006121032391217085e+00
9.833363439306358478e-01, 7.348618459729571173e-01, 9.959497629793315765e-01
9.923681358381502005e-01, 7.348618459729571173e-01, 9.862894030003919177e-01
1.001399927745664664e+00, 7.348618459729571173e-01, 9.770765526276831148e-01
1.010431719653179128e+00, 7.348618459729571173e-01, 9.682631300985734546e-01
1.019463511560693592e+00, 7.348618459729571173e-01, 9.598108003804290966e-01
1.028495303468208055e+00, 7.348618459729571173e-01, 9.516879165713256761e-01
1.037527095375722519e+00, 7.348618459729571173e-01, 9.438676826420629995e-01
1.046558887283236983e+00, 7.348618459729571173e-01, 9.363269734168324643e-01
1.055590679190751446e+00, 7.348618459729571173e-01, 9.290455361880464169e-01
1.064622471098265910e+00, 7.348618459729571173e-01, 9.220054274706589448e-01
1.073654263005780374e+00, 7.348618459729571173e-01, 9.151906017111659519e-01
1.082686054913294837e+00, 7.348618459729571173e-01, 9.085866021299757733e-01
1.091717846820809301e+00, 7.348618459729571173e-01, 9.021803225154799710e-01
1.100749638728323765e+00, 7.348618459729571173e-01, 8.959598197187343960e-01
1.109781430635838007e+00, 7.348618459729571173e-01, 8.899141632747146202e-01
1.118813222543352470e+00, 7.348618459729571173e-01, 8.840333128000763541e-01
1.127845014450866934e+00, 7.348618459729571173e-01, 8.783080165714168830e-01
1.136876806358381398e+00, 7.348618459729571173e-01, 8.727297265322055964e-01
1.145908598265895861e+00, 7.348618459729571173e-01, 8.672905262402095250e-01
1.154940390173410325e+00, 7.348618459729571173e-01, 8.619830691516755516e-01
1.163972182080924789e+00, 7.348618459729571173e-01, 8.568005252688650764e-01
1.173003973988439252e+00, 7.348618459729571173e-01, 8.517365346344630828e-01
1.182035765895953716e+00, 7.348618459729571173e-01, 8.467851664926745459e-01
1.191067557803468180e+00, 7.348618459729571173e-01, 8.419408831876186161e-01
1.200099349710982644e+00, 7.348618459729571173e-01, 8.371985080592013739e-01
1.209131141618497107e+00, 7.348618459729571173e-01, 8.325531967414737666e-01
1.218162933526011571e+00, 7.348618459729571173e-01, 8.280004113803702825e-01
1.227194725433526035e+00, 7.348618459729571173e-01, 8.235358973750092071e-01
1.236226517341040498e+00, 7.348618459729571173e-01, 8.191556623154629957e-01
1.245258309248554962e+00, 7.348618459729571173e-01, 8.148559568444830870e-01
1.254290101156069204e+00, 7.348618459729571173e-01, 8.106332572144000492e-01
1.263321893063583667e+00, 7.348618459729571173e-01, 8.064842493456824135e-01
1.272353684971098131e+00, 7.348618459729571173e-01, 8.024058142223097212e-01
1.281385476878612595e+00, 7.348618459729571173e-01, 7.983950144826402751e-01
1.290417268786127059e+00, 7.348618459729571173e-01, 7.944490820838180367e-01
1.299449060693641522e+00, 7.348618459729571173e-01, 7.905654069337965106e-01
1.308480852601155986e+00, 7.348618459729571173e-01, 7.867415263985996221e-01
1.317512644508670450e+00, 7.348618459729571173e-01, 7.829751156036078852e-01
1.326544436416184913e+00, 7.348618459729571173e-01, 7.792639784573288653e-01
1.335576228323699377e+00, 7.348618459729571173e-01, 7.756060393341982495e-01
1.344608020231213841e+00, 7.348618459729571173e-01, 7.719993353598777475e-01
1.353639812138728304e+00, 7.348618459729571173e-01, 7.684420092486505816e-01
1.362671604046242768e+00, 7.348618459729571173e-01, 7.649323026474916798e-01
1.371703395953757232e+00, 7.348618459729571173e-01, 7.614685499461378848e-01
1.380735187861271696e+00, 7.348618459729571173e-01, 7.580491725162247230e-01
1.389766979768786159e+00, 7.348618459729571173e-01, 7.546726733461681658e-01
1.398798771676300623e+00, 7.348618459729571173e-01, 7.513376320414546505e-01
1.407830563583814865e+00, 7.348618459729571173e-01, 7.480427001627140138e-01
1.416862355491329328e+00, 7.348618459729571173e-01, 7.447865968764311173e-01
1.425894147398843792e+00, 7.348618459729571173e-01, 7.415681048952031951e-01
1.434925939306358256e+00, 7.348618459729571173e-01, 7.383860666864763278e-01
1.443957731213872719e+00, 7.348618459729571173e-01, 7.352393809303754413e-01
1.452989523121387183e+00, 7.348618459729571173e-01, 7.321269992088256240e-01
1.462021315028901647e+00, 7.348618459729571173e-01, 7.290479229095931935e-01
1.471053106936416111e+00, 7.348618459729571173e-01, 7.260012003301189454e-01
1.480084898843930574e+00, 7.348618459729571173e-01, 7.229859239672556948e-01
1.489116690751445038e+00, 7.348618459729571173e-01, 7.200012279800054316e-01
1.498148482658959502e+00, 7.348618459729571173e-01, 7.170462858133912487e-01
1.507180274566473965e+00, 7.348618459729571173e-01, 7.141203079724356417e-01
1.516212066473988429e+00, 7.348618459729571173e-01, 7.112225399360732059e-01
1.525243858381502893e+00, 7.348618459729571173e-01, 7.083522602015461800e-01
1.534275650289017356e+00, 7.348618459729571173e-01, 7.055087784505302828e-01
1.543307442196531820e+00, 7.348618459729571173e-01, 7.026914338288554607e-01
1.552339234104046284e+00, 7.348618459729571173e-01, 6.998995933322723628e-01
1.561371026011560526e+00, 7.348618459729571173e-01, 6.971326502912920109e-01
1.570402817919074989e+00, 7.348618459729571173e-01, 6.943900229485368003e-01
1.579434609826589453e+00, 7.348618459729571173e-01, 6.916711531225601117e-01
1.588466401734103917e+00, 7.348618459729571173e-01, 6.889755049525233543e-01
1.597498193641618380e+00, 7.348618459729571173e-01, 6.863025637184526628e-01
1.606529985549132844e+00, 7.348618459729571173e-01, 6.836518347322004807e-01
1.615561777456647308e+00, 7.348618459729571173e-01, 6.810228422945784343e-01
1.624593569364161771e+00, 7.348618459729571173e-01, 6.784151287143967979e-01
1.633625361271676235e+00, 7.348618459729571173e-01, 6.758282533854825802e-01
1.642657153179190699e+00, 7.348618459729571173e-01, 6.732617919179861854e-01
1.651688945086705163e+00, 7.348618459729571173e-01, 6.707153353205037583e-01
1.660720736994219626e+00, 7.348618459729571173e-01, 6.681884892298953771e-01
1.669752528901734090e+00, 7.348618459729571173e-01, 6.656808731857095651e-01
1.678784320809248554e+00, 7.348618459729571173e-01, 6.631921199464626548e-01
1.687816112716763017e+00, 7.348618459729571173e-01, 6.607218748452116097e-01
1.696847904624277481e+00, 7.348618459729571173e-01, 6.582697951818687887e-01
1.705879696531791945e+00, 7.348618459729571173e-01, 6.558355496501058202e-01
1.714911488439306186e+00, 7.348618459729571173e-01, 6.534188177966182565e-01
1.723943280346820650e+00, 7.348618459729571173e-01, 6.510192895108529720e-01
1.732975072254335114e+00, 7.348618459729571173e-01, 6.486366645432224409e-01
1.742006864161849577e+00, 7.348618459729571173e-01, 6.462706520502018437e-01
1.751038656069364041e+00, 7.348618459729571173e-01, 6.439209701645812745e-01
1.760070447976878505e+00, 7.348618459729571173e-01, 6.415873455893441601e-01
1.769102239884392969e+00, 7.348618459729571173e-01, 6.392695132138697112e-01
1.778134031791907432e+00, 7.348618459729571173e-01, 6.369672157509340682e-01
1.787165823699421896e+00, 7.348618459729571173e-01, 6.346802033934517695e-01
1.796197615606936360e+00, 7.348618459729571173e-01, 6.324082334896398150e-01
1.805229407514450823e+00, 7.348618459729571173e-01, 6.301510702355779259e-01
5.419075144508670450e-01, 1.224769743288261825e+00, 1.124359740278400688e+00
5.509393063583815087e-01, 1.224769743288261825e+00, 1.119992921131802932e+00
5.599710982658959724e-01, 1.224769743288261825e+00, 1.115937341192235976e+00
5.690028901734104361e-01, 1.224769743288261825e+00, 1.112169670491450102e+00
5.780346820809247887e-01, 1.224769743288261825e+00, 1.108668956069599476e+00
5.870664739884392525e-01, 1.224769743288261825e+00, 1.105416292782409160e+00
5.960982658959537162e-01, 1.224769743288261825e+00, 1.102394533919586639e+00
6.051300578034681799e-01, 1.224769743288261825e+00, 1.099588037046975275e+00
6.141618497109826436e-01, 1.224769743288261825e+00, 1.096982441135208708e+00
6.231936416184971073e-01, 1.224769743288261825e+00, 1.094564471556371377e+00
6.322254335260115710e-01, 1.224769743288261825e+00, 1.092321769949125221e+00
6.412572254335260347e-01, 1.224769743288261825e+00, 1.090242746293016651e+00
6.502890173410403873e-01, 1.224769743288261825e+00, 1.088316450809577285e+00
6.593208092485548510e-01, 1.224769743288261825e+00, 1.086532463531699300e+00
6.683526011560693147e-01, 1.224769743288261825e+00, 1.084880799563829656e+00
6.773843930635837784e-01, 1.224769743288261825e+00, 1.083351828201289058e+00
6.864161849710982422e-01, 1.224769743288261825e+00, 1.081936204195802054e+00
6.954479768786127059e-01, 1.224769743288261825e+00, 1.080624809552695131e+00
7.044797687861271696e-01, 1.224769743288261825e+00, 1.079408704329646973e+00
7.135115606936416333e-01, 1.224769743288261825e+00, 1.078279084982126657e+00
7.225433526011559859e-01, 1.224769743288261825e+00, 1.077227248870069376e+00
7.315751445086704496e-01, 1.224769743288261825e+00, 1.076244563605699422e+00
7.406069364161849133e-01, 1.224769743288261825e+00, 1.075322439983002365e+00
7.496387283236993770e-01, 1.224769743288261825e+00, 1.074452307283465968e+00
7.586705202312138407e-01, 1.224769743288261825e+00, 1.073625589795396351e+00
7.677023121387283044e-01, 1.224769743288261825e+00, 1.072833683410213457e+00
7.767341040462427681e-01, 1.224769743288261825e+00, 1.072067931160200827e+00
7.857658959537572319e-01, 1.224769743288261825e+00, 1.071319596528669704e+00
7.947976878612716956e-01, 1.224769743288261825e+00, 1.070579833283428872e+00
8.038294797687860482e-01, 1.224769743288261825e+00, 1.069839650441865686e+00
8.128612716763005119e-01, 1.224769743288261825e+00, 1.069089870751032123e+00
8.218930635838149756e-01, 1.224769743288261825e+00, 1.068321080732537398e+00
8.309248554913294393e-01, 1.224769743288261825e+00, 1.067523569846375420e+00
8.399566473988439030e-01, 1.224769743288261825e+00, 1.066687255666015188e+00
8.489884393063583667e-01, 1.224769743288261825e+00, 1.065801590931614973e+00
8.580202312138728304e-01, 1.224769743288261825e+00, 1.064855446989219745e+00
8.670520231213872941e-01, 1.224769743288261825e+00, 1.063836966088085534e+00
8.760838150289016468e-01, 1.224769743288261825e+00, 1.062733372080984395e+00
8.851156069364161105e-01, 1.224769743288261825e+00, 1.061530724726124530e+00
8.941473988439305742e-01, 1.224769743288261825e+00, 1.060213596234828914e+00
9.031791907514450379e-01, 1.224769743288261825e+00, 1.058764638613342024e+00
9.122109826589595016e-01, 1.224769743288261825e+00, 1.057163994427391618e+00
9.212427745664739653e-01, 1.224769743288261825e+00, 1.055388477844047879e+00
9.302745664739884290e-01, 1.224769743288261825e+00, 1.053410409801701197e+00
9.393063583815028927e-01, 1.224769743288261825e+00, 1.051195916953594045e+00
9.483381502890173564e-01, 1.224769743288261825e+00, 1.048702370759323932e+00
9.573699421965317091e-01, 1.224769743288261825e+00, 1.045874392784150952e+00
9.664017341040461728e-01, 1.224769743288261825e+00, 1.042637356292355211e+00
9.754335260115606365e-01, 1.224769743288261825e+00, 1.038886269136952256e+00
9.844653179190751002e-01, 1.224769743288261825e+00, 1.034465559349011743e+00
9.934971098265895639e-01, 1.224769743288261825e+00, 1.029129519383880531e+00
1.002528901734103917e+00, 1.224769743288261825e+00, 1.022458325470940732e+00
1.011560693641618380e+00, 1.224769743288261825e+00, 1.013672295359301589e+00
1.020592485549132844e+00, 1.224769743288261825e+00, 1.001427925300141908e+00
1.025108381502890076e+00, 1.224769743288261825e+00, 9.940083640438625023e-01
1.029624277456647308e+00, 1.224769743288261825e+00, 9.872033634336579988e-01
1.034140173410404540e+00, 1.224769743288261825e+00, 9.820819163685220454e-01
1.043171965317919003e+00, 1.224769743288261825e+00, 9.739161113812433435e-01
1.052203757225433467e+00, 1.224769743288261825e+00, 9.658008566279842055e-01
1.061235549132947931e+00, 1.224769743288261825e+00, 9.576568177331273857e-01
1.070267341040462394e+00, 1.224769743288261825e+00, 9.496670540852287790e-01
1.079299132947976858e+00, 1.224769743288261825e+00, 9.419029026400231874e-01
1.088330924855491322e+00, 1.224769743288261825e+00, 9.343837998590177607e-01
1.097362716763005785e+00, 1.224769743288261825e+00, 9.271088030049899897e-01
1.106394508670520249e+00, 1.224769743288261825e+00, 9.200690227286912881e-01
1.115426300578034713e+00, 1.224769743288261825e+00, 9.132526627586320389e-01
1.124458092485549177e+00, 1.224769743288261825e+00, 9.066471602409083008e-01
1.133489884393063640e+00, 1.224769743288261825e+00, 9.002401178121461900e-01
1.142521676300577882e+00, 1.224769743288261825e+00, 8.940197030460942385e-01
1.151553468208092346e+00, 1.224769743288261825e+00, 8.879748031722691781e-01
1.160585260115606809e+00, 1.224769743288261825e+00, 8.820950647456390348e-01
1.169617052023121273e+00, 1.224769743288261825e+00, 8.763708793104315609e-01
1.178648843930635737e+00, 1.224769743288261825e+00, 8.707933447297484530e-01
1.187680635838150200e+00, 1.224769743288261825e+00, 8.653542168835270942e-01
1.196712427745664664e+00, 1.224769743288261825e+00, 8.600458590468071929e-01
1.205744219653179128e+00, 1.224769743288261825e+00, 8.548611925175162440e-01
1.214776011560693592e+00, 1.224769743288261825e+00, 8.497936501365375150e-01
1.223807803468208055e+00, 1.224769743288261825e+00, 8.448371333457872501e-01
1.232839595375722519e+00, 1.224769743288261825e+00, 8.399859729185278345e-01
1.241871387283236983e+00, 1.224769743288261825e+00, 8.352348932418482974e-01
1.250903179190751446e+00, 1.224769743288261825e+00, 8.305789799141009011e-01
1.259934971098265910e+00, 1.224769743288261825e+00, 8.260136503756456694e-01
1.268966763005780374e+00, 1.224769743288261825e+00, 8.215346272849357590e-01
1.277998554913294837e+00, 1.224769743288261825e+00, 8.171379143643772158e-01
1.287030346820809301e+00, 1.224769743288261825e+00, 8.128197744616225684e-01
1.296062138728323543e+00, 1.224769743288261825e+00, 8.085767095959637274e-01
1.305093930635838007e+00, 1.224769743288261825e+00, 8.044054427838045473e-01
1.314125722543352470e+00, 1.224769743288261825e+00, 8.003029014599144508e-01
1.323157514450866934e+00, 1.224769743288261825e+00, 7.962662023320876692e-01
1.332189306358381398e+00, 1.224769743288261825e+00, 7.922926375254636389e-01
1.341221098265895861e+00, 1.224769743288261825e+00, 7.883796618892048302e-01
1.350252890173410325e+00, 1.224769743288261825e+00, 7.845248813528220566e-01
1.359284682080924789e+00, 1.224769743288261825e+00, 7.807260422320204674e-01
1.368316473988439252e+00, 1.224769743288261825e+00, 7.769810213951369171e-01
1.377348265895953716e+00, 1.224769743288261825e+00, 7.732878172108527126e-01
1.386380057803468180e+00, 1.224769743288261825e+00, 7.696445412064137903e-01
1.395411849710982644e+00, 1.224769743288261825e+00, 7.660494103730118853e-01
1.404443641618497107e+00, 1.224769743288261825e+00, 7.625007400614840503e-01
1.413475433526011571e+00, 1.224769743288261825e+00, 7.589969374172826910e-01
1.422507225433526035e+00, 1.224769743288261825e+00, 7.555364953087011504e-01
1.431539017341040498e+00, 1.224769743288261825e+00, 7.521179867068394920e-01
1.440570809248554962e+00, 1.224769743288261825e+00, 7.487400594797998243e-01
1.449602601156069204e+00, 1.224769743288261825e+00, 7.454014315670610680e-01
1.458634393063583667e+00, 1.224769743288261825e+00, 7.421008865032430180e-01
1.467666184971098131e+00, 1.224769743288261825e+00, 7.388372692631844929e-01
1.476697976878612595e+00, 1.224769743288261825e+00, 7.356094824028324153e-01
1.485729768786127059e+00, 1.224769743288261825e+00, 7.324164824727166234e-01
1.494761560693641522e+00, 1.224769743288261825e+00, 7.292572766827620789e-01
1.503793352601155986e+00, 1.224769743288261825e+00, 7.261309197990640785e-01
1.512825144508670450e+00, 1.224769743288261825e+00, 7.230365112549183015e-01
1.521856936416184913e+00, 1.224769743288261825e+00, 7.199731924598443689e-01
1.530888728323699377e+00, 1.224769743288261825e+00, 7.169401442917509026e-01
1.539920520231213841e+00, 1.224769743288261825e+00, 7.139365847585462665e-01
1.548952312138728304e+00, 1.224769743288261825e+00, 7.109617668167351745e-01
1.557984104046242768e+00, 1.224769743288261825e+00, 7.080149763353799086e-01
1.567015895953757232e+00, 1.224769743288261825e+00, 7.050955301949342058e-01
1.576047687861271696e+00, 1.224769743288261825e+00, 7.022027745111161234e-01
1.585079479768786159e+00, 1.224769743288261825e+00, 6.993360829748610508e-01
1.594111271676300623e+00, 1.224769743288261825e+00, 6.964948553000825937e-01
1.603143063583814865e+00, 1.224769743288261825e+00, 6.936785157715770200e-01
1.612174855491329328e+00, 1.224769743288261825e+00, 6.908865118860417764e-01
1.621206647398843792e+00, 1.224769743288261825e+00, 6.881183130796538761e-01
1.630238439306358256e+00, 1.224769743288261825e+00, 6.853734095362263856e-01
1.639270231213872719e+00, 1.224769743288261825e+00, 6.826513110703578135e-01
1.648302023121387183e+00, 1.224769743288261825e+00, 6.799515460803944311e-01
1.657333815028901647e+00, 1.224769743288261825e+00, 6.772736605664937404e-01
1.666365606936416111e+00, 1.224769743288261825e+00, 6.746172172093164443e-01
1.675397398843930574e+00, 1.224769743288261825e+00, 6.719817945052586339e-01
1.684429190751445038e+00, 1.224769743288261825e+00, 6.693669859544622014e-01
1.693460982658959502e+00, 1.224769743288261825e+00, 6.667723992980428838e-01
1.702492774566473965e+00, 1.224769743288261825e+00, 6.641976558012608889e-01
1.711524566473988429e+00, 1.224769743288261825e+00, 6.616423895796605947e-01
1.720556358381502893e+00, 1.224769743288261825e+00, 6.591062469652638756e-01
1.729588150289017356e+00, 1.224769743288261825e+00, 6.565888859102718689e-01
1.738619942196531820e+00, 1.224769743288261825e+00, 6.540899754258093779e-01
1.747651734104046062e+00, 1.224769743288261825e+00, 6.516091950534329547e-01
1.756683526011560526e+00, 1.224769743288261825e+00, 6.491462343673201074e-01
1.765715317919074989e+00, 1.224769743288261825e+00, 6.467007925051556638e-01
1.774747109826589453e+00, 1.224769743288261825e+00, 6.442725777258819786e-01
1.783778901734103917e+00, 1.224769743288261825e+00, 6.418613069926314418e-01
1.792810693641618380e+00, 1.224769743288261825e+00, 6.394667055792517818e-01
1.801842485549132844e+00, 1.224769743288261825e+00, 6.370885066988825063e-01
5.419075144508670450e-01, 1.714677640603566422e+00, 1.113782456541545507e+00
5.509393063583815087e-01, 1.714677640603566422e+00, 1.109202813849851532e+00
5.599710982658959724e-01, 1.714677640603566422e+00, 1.104940070831525567e+00
5.690028901734104361e-01, 1.714677640603566422e+00, 1.100970360752404620e+00
5.780346820809247887e-01, 1.714677640603566422e+00, 1.097272245682261671e+00
5.870664739884392525e-01, 1.714677640603566422e+00, 1.093826382520146856e+00
5.960982658959537162e-01, 1.714677640603566422e+00, 1.090615229829689614e+00
6.051300578034681799e-01, 1.714677640603566422e+00, 1.087622790728126843e+00
6.141618497109826436e-01, 1.714677640603566422e+00, 1.084834387754106677e+00
6.231936416184971073e-01, 1.714677640603566422e+00, 1.082236466184711032e+00
6.322254335260115710e-01, 1.714677640603566422e+00, 1.079816422714130475e+00
6.412572254335260347e-01, 1.714677640603566422e+00, 1.077562456767406474e+00
6.502890173410403873e-01, 1.714677640603566422e+00, 1.075463442018309346e+00
6.593208092485548510e-01, 1.714677640603566422e+00, 1.073508815922430193e+00
6.683526011560693147e-01, 1.714677640603566422e+00, 1.071688485274892910e+00
6.773843930635837784e-01, 1.714677640603566422e+00, 1.069992745965282044e+00
6.864161849710982422e-01, 1.714677640603566422e+00, 1.068412215238538909e+00
6.954479768786127059e-01, 1.714677640603566422e+00, 1.066937774887061874e+00
7.044797687861271696e-01, 1.714677640603566422e+00, 1.065560523902459700e+00
7.135115606936416333e-01, 1.714677640603566422e+00, 1.064271739210953527e+00
7.225433526011559859e-01, 1.714677640603566422e+00, 1.063062843207894126e+00
7.315751445086704496e-01, 1.714677640603566422e+00, 1.061925376897275619e+00
7.406069364161849133e-01, 1.714677640603566422e+00, 1.060850977531925032e+00
7.496387283236993770e-01, 1.714677640603566422e+00, 1.059831359738833578e+00
7.586705202312138407e-01, 1.714677640603566422e+00, 1.058858299200174713e+00
7.677023121387283044e-01, 1.714677640603566422e+00, 1.057923618040701230e+00
7.767341040462427681e-01, 1.714677640603566422e+00, 1.057019171145537451e+00
7.857658959537572319e-01, 1.714677640603566422e+00, 1.056136832676316972e+00
7.947976878612716956e-01, 1.714677640603566422e+00, 1.055268482131211272e+00
8.038294797687860482e-01, 1.714677640603566422e+00, 1.054405989254390663e+00
8.128612716763005119e-01, 1.714677640603566422e+00, 1.053541197146932396e+00
8.218930635838149756e-01, 1.714677640603566422e+00, 1.052665902857413460e+00
8.309248554913294393e-01, 1.714677640603566422e+00, 1.051771834661296756e+00
8.399566473988439030e-01, 1.714677640603566422e+00, 1.050850625107859093e+00
8.489884393063583667e-01, 1.714677640603566422e+00, 1.049893778725179194e+00
8.580202312138728304e-01, 1.714677640603566422e+00, 1.048892633008286612e+00
8.670520231213872941e-01, 1.714677640603566422e+00, 1.047838310949306795e+00
8.760838150289016468e-01, 1.714677640603566422e+00, 1.046721662867333924e+00
8.851156069364161105e-01, 1.714677640603566422e+00, 1.045533194613707861e+00
8.941473988439305742e-01, 1.714677640603566422e+00, 1.044262978288017285e+00
9.031791907514450379e-01, 1.714677640603566422e+00, 1.042900540349280147e+00
9.122109826589595016e-01, 1.714677640603566422e+00, 1.041434720225451249e+00
9.212427745664739653e-01, 1.714677640603566422e+00, 1.039853490188079377e+00
9.302745664739884290e-01, 1.714677640603566422e+00, 1.038143723979982891e+00
9.393063583815028927e-01, 1.714677640603566422e+00, 1.036290897306129333e+00
9.483381502890173564e-01, 1.714677640603566422e+00, 1.034278697402054359e+00
9.573699421965317091e-01, 1.714677640603566422e+00, 1.032088511251150198e+00
9.664017341040461728e-01, 1.714677640603566422e+00, 1.029698752443392706e+00
9.754335260115606365e-01, 1.714677640603566422e+00, 1.027083975981689656e+00
9.844653179190751002e-01, 1.714677640603566422e+00, 1.024213721351198592e+00
9.934971098265895639e-01, 1.714677640603566422e+00, 1.021051025636982690e+00
1.002528901734103917e+00, 1.714677640603566422e+00, 1.017550583743607184e+00
1.011560693641618380e+00, 1.714677640603566422e+00, 1.013656661602139186e+00
1.020592485549132844e+00, 1.714677640603566422e+00, 1.009301237864568712e+00
1.029624277456647308e+00, 1.714677640603566422e+00, 1.004403801906359917e+00
1.038656069364161771e+00, 1.714677640603566422e+00, 9.988764587484689761e-01
1.047687861271676235e+00, 1.714677640603566422e+00, 9.926423117433154086e-01
1.056719653179190699e+00, 1.714677640603566422e+00, 9.856797383561380910e-01
1.065751445086705163e+00, 1.714677640603566422e+00, 9.780955017061956358e-01
1.074783236994219626e+00, 1.714677640603566422e+00, 9.701738673025382953e-01
1.083815028901734090e+00, 1.714677640603566422e+00, 9.622876157326291091e-01
1.092846820809248554e+00, 1.714677640603566422e+00, 9.546900966814290124e-01
1.101878612716763017e+00, 1.714677640603566422e+00, 9.474215870550898311e-01
1.110910404624277481e+00, 1.714677640603566422e+00, 9.404020663892455056e-01
1.119942196531791945e+00, 1.714677640603566422e+00, 9.335469327791492411e-01
1.128973988439306408e+00, 1.714677640603566422e+00, 9.268106835890033146e-01
1.138005780346820872e+00, 1.714677640603566422e+00, 9.201811592986999244e-01
1.147037572254335114e+00, 1.714677640603566422e+00, 9.136627269924411099e-01
1.156069364161849577e+00, 1.714677640603566422e+00, 9.072643350333392531e-01
1.165101156069364041e+00, 1.714677640603566422e+00, 9.009938515951398941e-01
1.174132947976878505e+00, 1.714677640603566422e+00, 8.948562578644290166e-01
1.183164739884392969e+00, 1.714677640603566422e+00, 8.888535943002552342e-01
1.192196531791907432e+00, 1.714677640603566422e+00, 8.829855084852957781e-01
1.201228323699421896e+00, 1.714677640603566422e+00, 8.772498987894131739e-01
1.210260115606936360e+00, 1.714677640603566422e+00, 8.716434734423802455e-01
1.219291907514450823e+00, 1.714677640603566422e+00, 8.661621837946392732e-01
1.228323699421965287e+00, 1.714677640603566422e+00, 8.608015413780528702e-01
1.237355491329479751e+00, 1.714677640603566422e+00, 8.555568421224830633e-01
1.246387283236994215e+00, 1.714677640603566422e+00, 8.504233210520258934e-01
1.255419075144508678e+00, 1.714677640603566422e+00, 8.453962566428421255e-01
1.264450867052023142e+00, 1.714677640603566422e+00, 8.404710394116392536e-01
1.273482658959537606e+00, 1.714677640603566422e+00, 8.356432153787904937e-01
1.282514450867052069e+00, 1.714677640603566422e+00, 8.309085120273973502e-01
1.291546242774566311e+00, 1.714677640603566422e+00, 8.262628521582436880e-01
1.300578034682080775e+00, 1.714677640603566422e+00, 8.217023594465227010e-01
1.309609826589595238e+00, 1.714677640603566422e+00, 8.172233583759336284e-01
1.318641618497109702e+00, 1.714677640603566422e+00, 8.128223704287339535e-01
1.327673410404624166e+00, 1.714677640603566422e+00, 8.084961078492738373e-01
1.336705202312138629e+00, 1.714677640603566422e+00, 8.042414659035148627e-01
1.345736994219653093e+00, 1.714677640603566422e+00, 8.000555142783942753e-01
1.354768786127167557e+00, 1.714677640603566422e+00, 7.959354880680651334e-01
1.363800578034682021e+00, 1.714677640603566422e+00, 7.918787786546723773e-01
1.372832369942196484e+00, 1.714677640603566422e+00, 7.878829246925173058e-01
1.381864161849710948e+00, 1.714677640603566422e+00, 7.839456033343925601e-01
1.390895953757225412e+00, 1.714677640603566422e+00, 7.800646217891550327e-01
1.399927745664739875e+00, 1.714677640603566422e+00, 7.762379092644262624e-01
1.408959537572254339e+00, 1.714677640603566422e+00, 7.724635093235517891e-01
1.417991329479768803e+00, 1.714677640603566422e+00, 7.687395726686023778e-01
1.427023121387283267e+00, 1.714677640603566422e+00, 7.650643503491920683e-01
1.436054913294797730e+00, 1.714677640603566422e+00, 7.614361873887833809e-01
1.445086705202311972e+00, 1.714677640603566422e+00, 7.578535168146822709e-01
1.454118497109826436e+00, 1.714677640603566422e+00, 7.543148540745884256e-01
1.463150289017340899e+00, 1.714677640603566422e+00, 7.508187918205042610e-01
1.472182080924855363e+00, 1.714677640603566422e+00, 7.473639950398341947e-01
1.481213872832369827e+00, 1.714677640603566422e+00, 7.439491965132022377e-01
1.490245664739884290e+00, 1.714677640603566422e+00, 7.405731925787196746e-01
1.499277456647398754e+00, 1.714677640603566422e+00, 7.372348391829678382e-01
1.508309248554913218e+00, 1.714677640603566422e+00, 7.339330481996765299e-01
1.517341040462427681e+00, 1.714677640603566422e+00, 7.306667839980192092e-01
1.526372832369942145e+00, 1.714677640603566422e+00, 7.274350602433379276e-01
1.535404624277456609e+00, 1.714677640603566422e+00, 7.242369369141817836e-01
1.544436416184971073e+00, 1.714677640603566422e+00, 7.210715175204528427e-01
1.553468208092485536e+00, 1.714677640603566422e+00, 7.179379465085188317e-01
1.562500000000000000e+00, 1.714677640603566422e+00, 7.148354068400424310e-01
1.571531791907514464e+00, 1.714677640603566422e+00, 7.117631177322226721e-01
1.580563583815028927e+00, 1.714677640603566422e+00, 7.087203325479914939e-01
1.589595375722543391e+00, 1.714677640603566422e+00, 7.057063368255203084e-01
1.598627167630057633e+00, 1.714677640603566422e+00, 7.027204464371882286e-01
1.607658959537572096e+00, 1.714677640603566422e+00, 6.997620058688458489e-01
1.616690751445086560e+00, 1.714677640603566422e+00, 6.968303866108978006e-01
1.625722543352601024e+00, 1.714677640603566422e+00, 6.939249856533393768e-01
1.634754335260115488e+00, 1.714677640603566422e+00, 6.910452240774878074e-01
1.643786127167629951e+00, 1.714677640603566422e+00, 6.881905457376327195e-01
1.652817919075144415e+00, 1.714677640603566422e+00, 6.853604160263920830e-01
1.661849710982658879e+00, 1.714677640603566422e+00, 6.825543207179585181e-01
1.670881502890173342e+00, 1.714677640603566422e+00, 6.797717648838998983e-01
1.679913294797687806e+00, 1.714677640603566422e+00, 6.770122718765149150e-01
1.688945086705202270e+00, 1.714677640603566422e+00, 6.742753823751806985e-01
1.697976878612716733e+00, 1.714677640603566422e+00, 6.715606534913772796e-01
1.707008670520231197e+00, 1.714677640603566422e+00, 6.688676579284525969e-01
1.716040462427745661e+00, 1.714677640603566422e+00, 6.661959831924701980e-01
1.725072254335260125e+00, 1.714677640603566422e+00, 6.635452308506794017e-01
1.734104046242774588e+00, 1.714677640603566422e+00, 6.609150158345019621e-01
1.743135838150289052e+00, 1.714677640603566422e+00, 6.583049657840588376e-01
1.752167630057803294e+00, 1.714677640603566422e+00, 6.557147204315083577e-01
1.761199421965317757e+00, 1.714677640603566422e+00, 6.531439310206789139e-01
1.770231213872832221e+00, 1.714677640603566422e+00, 6.505922597606144109e-01
1.779263005780346685e+00, 1.714677640603566422e+00, 6.480593793108434530e-01
1.788294797687861148e+00, 1.714677640603566422e+00, 6.455449722963372272e-01
1.797326589595375612e+00, 1.714677640603566422e+00, 6.430487308502661481e-01
1.806358381502890076e+00, 1.714677640603566422e+00, 6.405703561827318371e-01
5.419075144508670450e-01, 1.959631589261218831e+00, 1.108542011617233758e+00
5.509393063583815087e-01, 1.959631589261218831e+00, 1.103856467688207665e+00
5.599710982658959724e-01, 1.959631589261218831e+00, 1.099490731303282010e+00
5.690028901734104361e-01, 1.959631589261218831e+00, 1.095420665432567775e+00
5.780346820809247887e-01, 1.959631589261218831e+00, 1.091624588196139278e+00
5.870664739884392525e-01, 1.959631589261218831e+00, 1.088082936403809819e+00
5.960982658959537162e-01, 1.959631589261218831e+00, 1.084777970406411551e+00
6.051300578034681799e-01, 1.959631589261218831e+00, 1.081693515415038664e+00
6.141618497109826436e-01, 1.959631589261218831e+00, 1.078814735141918613e+00
6.231936416184971073e-01, 1.959631589261218831e+00, 1.076127934175164835e+00
6.322254335260115710e-01, 1.959631589261218831e+00, 1.073620385953059531e+00
6.412572254335260347e-01, 1.959631589261218831e+00, 1.071280183574615741e+00
6.502890173410403873e-01, 1.959631589261218831e+00, 1.069096110987717285e+00
6.593208092485548510e-01, 1.959631589261218831e+00, 1.067057532346441961e+00
6.683526011560693147e-01, 1.959631589261218831e+00, 1.065154297535326755e+00
6.773843930635837784e-01, 1.959631589261218831e+00, 1.063376662028686415e+00
6.864161849710982422e-01, 1.959631589261218831e+00, 1.061715219396622389e+00
6.954479768786127059e-01, 1.959631589261218831e+00, 1.060160844892386267e+00
7.044797687861271696e-01, 1.959631589261218831e+00, 1.058704648665963477e+00
7.135115606936416333e-01, 1.959631589261218831e+00, 1.057337937250652837e+00
7.225433526011559859e-01, 1.959631589261218831e+00, 1.056052182067691581e+00
7.315751445086704496e-01, 1.959631589261218831e+00, 1.054838993791139545e+00
7.406069364161849133e-01, 1.959631589261218831e+00, 1.053690101512124500e+00
7.496387283236993770e-01, 1.959631589261218831e+00, 1.052597335738496342e+00
7.586705202312138407e-01, 1.959631589261218831e+00, 1.051552614363078009e+00
7.677023121387283044e-01, 1.959631589261218831e+00, 1.050547930809972996e+00
7.767341040462427681e-01, 1.959631589261218831e+00, 1.049575343693672558e+00
7.857658959537572319e-01, 1.959631589261218831e+00, 1.048626967334399307e+00
7.947976878612716956e-01, 1.959631589261218831e+00, 1.047694962597188750e+00
8.038294797687860482e-01, 1.959631589261218831e+00, 1.046771527528305601e+00
8.128612716763005119e-01, 1.959631589261218831e+00, 1.045848887301260133e+00
8.218930635838149756e-01, 1.959631589261218831e+00, 1.044919282984788866e+00
8.309248554913294393e-01, 1.959631589261218831e+00, 1.043974958622194693e+00
8.399566473988439030e-01, 1.959631589261218831e+00, 1.043008146058438390e+00
8.489884393063583667e-01, 1.959631589261218831e+00, 1.042011046863081880e+00
8.580202312138728304e-01, 1.959631589261218831e+00, 1.040975810565927695e+00
8.670520231213872941e-01, 1.959631589261218831e+00, 1.039894508237593218e+00
8.760838150289016468e-01, 1.959631589261218831e+00, 1.038759100197276686e+00
8.851156069364161105e-01, 1.959631589261218831e+00, 1.037561396281659887e+00
8.941473988439305742e-01, 1.959631589261218831e+00, 1.036293006680572670e+00
9.031791907514450379e-01, 1.959631589261218831e+00, 1.034945280722143535e+00
9.122109826589595016e-01, 1.959631589261218831e+00, 1.033509230242363186e+00
9.212427745664739653e-01, 1.959631589261218831e+00, 1.031975433165353895e+00
9.302745664739884290e-01, 1.959631589261218831e+00, 1.030333911673619207e+00
9.393063583815028927e-01, 1.959631589261218831e+00, 1.028573977784643878e+00
9.483381502890173564e-01, 1.959631589261218831e+00, 1.026684037378097436e+00
9.573699421965317091e-01, 1.959631589261218831e+00, 1.024651341697828899e+00
9.664017341040461728e-01, 1.959631589261218831e+00, 1.022461673586476882e+00
9.754335260115606365e-01, 1.959631589261218831e+00, 1.020098954734558916e+00
9.844653179190751002e-01, 1.959631589261218831e+00, 1.017544761682362298e+00
9.934971098265895639e-01, 1.959631589261218831e+00, 1.014777745068626613e+00
1.002528901734103917e+00, 1.959631589261218831e+00, 1.011772964636777239e+00
1.011560693641618380e+00, 1.959631589261218831e+00, 1.008501192891882781e+00
1.020592485549132844e+00, 1.959631589261218831e+00, 1.004928323600364992e+00
1.029624277456647308e+00, 1.959631589261218831e+00, 1.001015183298715971e+00
1.038656069364161771e+00, 1.959631589261218831e+00, 9.967183384310875915e-01
1.047687861271676235e+00, 1.959631589261218831e+00, 9.919929710656434363e-01
1.056719653179190699e+00, 1.959631589261218831e+00, 9.867995128249871239e-01
1.065751445086705163e+00, 1.959631589261218831e+00, 9.811160079793739275e-01
1.074783236994219626e+00, 1.959631589261218831e+00, 9.749566341441495698e-01
1.083815028901734090e+00, 1.959631589261218831e+00, 9.683909922222708744e-01
1.092846820809248554e+00, 1.959631589261218831e+00, 9.615492550699543672e-01
1.101878612716763017e+00, 1.959631589261218831e+00, 9.545967616321586746e-01
1.110910404624277481e+00, 1.959631589261218831e+00, 9.476835313897933322e-01
1.119942196531791945e+00, 1.959631589261218831e+00, 9.409025699820581234e-01
1.128973988439306408e+00, 1.959631589261218831e+00, 9.342840630183857353e-01
1.138005780346820872e+00, 1.959631589261218831e+00, 9.278178587553662648e-01
1.147037572254335114e+00, 1.959631589261218831e+00, 9.214801214847105904e-01
1.156069364161849577e+00, 1.959631589261218831e+00, 9.152498683179852712e-01
1.165101156069364041e+00, 1.959631589261218831e+00, 9.091145932710211763e-01
1.174132947976878505e+00, 1.959631589261218831e+00, 9.030695997865967328e-01
1.183164739884392969e+00, 1.959631589261218831e+00, 8.971152239235724579e-01
1.192196531791907432e+00, 1.959631589261218831e+00, 8.912541624411740582e-01
1.201228323699421896e+00, 1.959631589261218831e+00, 8.854896259819587945e-01
1.210260115606936360e+00, 1.959631589261218831e+00, 8.798243104530241165e-01
1.219291907514450823e+00, 1.959631589261218831e+00, 8.742599531364584342e-01
1.228323699421965287e+00, 1.959631589261218831e+00, 8.687972383230236906e-01
1.237355491329479751e+00, 1.959631589261218831e+00, 8.634358819975885835e-01
1.246387283236994215e+00, 1.959631589261218831e+00, 8.581747903681554712e-01
1.255419075144508678e+00, 1.959631589261218831e+00, 8.530122344624875286e-01
1.264450867052023142e+00, 1.959631589261218831e+00, 8.479460127133136016e-01
1.273482658959537606e+00, 1.959631589261218831e+00, 8.429735903187436374e-01
1.282514450867052069e+00, 1.959631589261218831e+00, 8.380922129552086375e-01
1.291546242774566311e+00, 1.959631589261218831e+00, 8.332989965447866743e-01
1.300578034682080775e+00, 1.959631589261218831e+00, 8.285909963822150059e-01
1.309609826589595238e+00, 1.959631589261218831e+00, 8.239652592595910763e-01
1.318641618497109702e+00, 1.959631589261218831e+00, 8.194188619781722638e-01
1.327673410404624166e+00, 1.959631589261218831e+00, 8.149489391677775529e-01
1.336705202312138629e+00, 1.959631589261218831e+00, 8.105527028229931874e-01
1.345736994219653093e+00, 1.959631589261218831e+00, 8.062274554914975466e-01
1.354768786127167557e+00, 1.959631589261218831e+00, 8.019705986427503319e-01
1.363800578034682021e+00, 1.959631589261218831e+00, 7.977796374100225574e-01
1.372832369942196484e+00, 1.959631589261218831e+00, 7.936521826296679682e-01
1.381864161849710948e+00, 1.959631589261218831e+00, 7.895859508889382372e-01
1.390895953757225412e+00, 1.959631589261218831e+00, 7.855787631274606664e-01
1.399927745664739875e+00, 1.959631589261218831e+00, 7.816285422085020862e-01
1.408959537572254339e+00, 1.959631589261218831e+00, 7.777333097764436154e-01
1.417991329479768803e+00, 1.959631589261218831e+00, 7.738911826400580729e-01
1.427023121387283267e+00, 1.959631589261218831e+00, 7.701003688621329557e-01
1.436054913294797730e+00, 1.959631589261218831e+00, 7.663591636906267324e-01
1.445086705202311972e+00, 1.959631589261218831e+00, 7.626659454317689102e-01
1.454118497109826436e+00, 1.959631589261218831e+00, 7.590191713389086159e-01
1.463150289017340899e+00, 1.959631589261218831e+00, 7.554173735705324022e-01
1.472182080924855363e+00, 1.959631589261218831e+00, 7.518591552553292034e-01
1.481213872832369827e+00, 1.959631589261218831e+00, 7.483431866903984542e-01
1.490245664739884290e+00, 1.959631589261218831e+00, 7.448682016896452929e-01
1.499277456647398754e+00, 1.959631589261218831e+00, 7.414329940927124607e-01
1.508309248554913218e+00, 1.959631589261218831e+00, 7.380364144396517334e-01
1.517341040462427681e+00, 1.959631589261218831e+00, 7.346773668128055990e-01
1.526372832369942145e+00, 1.959631589261218831e+00, 7.313548058445646927e-01
1.535404624277456609e+00, 1.959631589261218831e+00, 7.280677338876571092e-01
1.544436416184971073e+00, 1.959631589261218831e+00, 7.248151983432189471e-01
1.553468208092485536e+00, 1.959631589261218831e+00, 7.215962891409217761e-01
1.562500000000000000e+00, 1.959631589261218831e+00, 7.184101363647992233e-01
1.571531791907514464e+00, 1.959631589261218831e+00, 7.152559080180486140e-01
1.580563583815028927e+00, 1.959631589261218831e+00, 7.121328079199182870e-01
1.589595375722543391e+00, 1.959631589261218831e+00, 7.090400737277855470e-01
1.598627167630057633e+00, 1.959631589261218831e+00, 7.059769750775399810e-01
1.607658959537572096e+00, 1.959631589261218831e+00, 7.029428118356474409e-01
1.616690751445086560e+00, 1.959631589261218831e+00, 6.999369124563841194e-01
1.625722543352601024e+00, 1.959631589261218831e+00, 6.969586324380669939e-01
1.634754335260115488e+00, 1.959631589261218831e+00, 6.940073528722916496e-01
1.643786127167629951e+00, 1.959631589261218831e+00, 6.910824790805462081e-01
1.652817919075144415e+00, 1.959631589261218831e+00, 6.881834393328370991e-01
1.661849710982658879e+00, 1.959631589261218831e+00, 6.853096836432248651e-01
1.670881502890173342e+00, 1.959631589261218831e+00, 6.824606826375080315e-01
1.679913294797687806e+00, 1.959631589261218831e+00, 6.796359264885168949e-01
1.688945086705202270e+00, 1.959631589261218831e+00, 6.768349239147887220e-01
1.697976878612716733e+00, 1.959631589261218831e+00, 6.740572012386535361e-01
1.707008670520231197e+00, 1.959631589261218831e+00, 6.713023014999404126e-01
1.716040462427745661e+00, 1.959631589261218831e+00, 6.685697836218790213e-01
1.725072254335260125e+00, 1.959631589261218831e+00, 6.658592216258369945e-01
1.734104046242774588e+00, 1.959631589261218831e+00, 6.631702038918712017e-01
1.743135838150289052e+00, 1.959631589261218831e+00, 6.605023324621973613e-01
1.752167630057803294e+00, 1.959631589261218831e+00, 6.578552223848911362e-01
1.761199421965317757e+00, 1.959631589261218831e+00, 6.552285010952980659e-01
1.770231213872832221e+00, 1.959631589261218831e+00, 6.526218078328074323e-01
1.779263005780346685e+00, 1.959631589261218831e+00, 6.500347930907881544e-01
1.788294797687861148e+00, 1.959631589261218831e+00, 6.474671180976291351e-01
1.797326589595375612e+00, 1.959631589261218831e+00, 6.449184543269443903e-01
1.806358381502890076e+00, 1.959631589261218831e+00, 6.423884830351684894e-01
5.419075144508670450e-01, 2.449539486576523650e+00, 1.098156211763274381e+00
5.509393063583815087e-01, 2.449539486576523650e+00, 1.093259768274361887e+00
5.599710982658959724e-01, 2.449539486576523650e+00, 1.088689097441142728e+00
5.690028901734104361e-01, 2.449539486576523650e+00, 1.084419517176975489e+00
5.780346820809247887e-01, 2.449539486576523650e+00, 1.080428854132789329e+00
5.870664739884392525e-01, 2.449539486576523650e+00, 1.076697102078471024e+00
5.960982658959537162e-01, 2.449539486576523650e+00, 1.073206122606052082e+00
6.051300578034681799e-01, 2.449539486576523650e+00, 1.069939383131421895e+00
6.141618497109826436e-01, 2.449539486576523650e+00, 1.066881727900691690e+00
6.231936416184971073e-01, 2.449539486576523650e+00, 1.064019178292753498e+00
6.322254335260115710e-01, 2.449539486576523650e+00, 1.061338759185904257e+00
6.412572254335260347e-01, 2.449539486576523650e+00, 1.058828348547224740e+00
6.502890173410403873e-01, 2.449539486576523650e+00, 1.056476547725432980e+00
6.593208092485548510e-01, 2.449539486576523650e+00, 1.054272570194117131e+00
6.683526011560693147e-01, 2.449539486576523650e+00, 1.052206146712422630e+00
6.773843930635837784e-01, 2.449539486576523650e+00, 1.050267445054246185e+00
6.864161849710982422e-01, 2.449539486576523650e+00, 1.048447002612201473e+00
6.954479768786127059e-01, 2.449539486576523650e+00, 1.046735670317278544e+00
7.044797687861271696e-01, 2.449539486576523650e+00, 1.045124566435286839e+00
7.135115606936416333e-01, 2.449539486576523650e+00, 1.043605038912794880e+00
7.225433526011559859e-01, 2.449539486576523650e+00, 1.042168635054562253e+00
7.315751445086704496e-01, 2.449539486576523650e+00, 1.040807077400895730e+00
7.406069364161849133e-01, 2.449539486576523650e+00, 1.039512244834734034e+00
7.496387283236993770e-01, 2.449539486576523650e+00, 1.038276157951504297e+00
7.586705202312138407e-01, 2.449539486576523650e+00, 1.037090967937772001e+00
7.677023121387283044e-01, 2.449539486576523650e+00, 1.035948948224654220e+00
7.767341040462427681e-01, 2.449539486576523650e+00, 1.034842488309374753e+00
7.857658959537572319e-01, 2.449539486576523650e+00, 1.033764089213775161e+00
7.947976878612716956e-01, 2.449539486576523650e+00, 1.032706360122797484e+00
8.038294797687860482e-01, 2.449539486576523650e+00, 1.031662015806455113e+00
8.128612716763005119e-01, 2.449539486576523650e+00, 1.030623874474065893e+00
8.218930635838149756e-01, 2.449539486576523650e+00, 1.029584855738503224e+00
8.309248554913294393e-01, 2.449539486576523650e+00, 1.028537978379139517e+00
8.399566473988439030e-01, 2.449539486576523650e+00, 1.027476357583589239e+00
8.489884393063583667e-01, 2.449539486576523650e+00, 1.026393201320368931e+00
8.580202312138728304e-01, 2.449539486576523650e+00, 1.025281805429437920e+00
8.670520231213872941e-01, 2.449539486576523650e+00, 1.024135546973403255e+00
8.760838150289016468e-01, 2.449539486576523650e+00, 1.022947875216295266e+00
8.851156069364161105e-01, 2.449539486576523650e+00, 1.021712299526938539e+00
8.941473988439305742e-01, 2.449539486576523650e+00, 1.020422373261310911e+00
9.031791907514450379e-01, 2.449539486576523650e+00, 1.019071672475849732e+00
9.122109826589595016e-01, 2.449539486576523650e+00, 1.017653768044069151e+00
9.212427745664739653e-01, 2.449539486576523650e+00, 1.016162189421714102e+00
9.302745664739884290e-01, 2.449539486576523650e+00, 1.014590377979184943e+00
9.393063583815028927e-01, 2.449539486576523650e+00, 1.012931627444622729e+00
9.483381502890173564e-01, 2.449539486576523650e+00, 1.011179008710895388e+00
9.573699421965317091e-01, 2.449539486576523650e+00, 1.009325276101400215e+00
9.664017341040461728e-01, 2.449539486576523650e+00, 1.007362752277428664e+00
9.754335260115606365e-01, 2.449539486576523650e+00, 1.005283189591045900e+00
9.844653179190751002e-01, 2.449539486576523650e+00, 1.003077607094327695e+00
9.934971098265895639e-01, 2.449539486576523650e+00, 1.000736105118211983e+00
1.002528901734103917e+00, 2.449539486576523650e+00, 9.982476639762033477e-01
1.011560693641618380e+00, 2.449539486576523650e+00, 9.955999408398279460e-01
1.020592485549132844e+00, 2.449539486576523650e+00, 9.927790903622727425e-01
1.029624277456647308e+00, 2.449539486576523650e+00, 9.897696516327542104e-01
1.038656069364161771e+00, 2.449539486576523650e+00, 9.865545679653624500e-01
1.047687861271676235e+00, 2.449539486576523650e+00, 9.831154375227908471e-01
1.056719653179190699e+00, 2.449539486576523650e+00, 9.794331298194816071e-01
1.065751445086705163e+00, 2.449539486576523650e+00, 9.754889370799548765e-01
1.074783236994219626e+00, 2.449539486576523650e+00, 9.712664382635206595e-01
1.083815028901734090e+00, 2.449539486576523650e+00, 9.667541940862190986e-01
1.092846820809248554e+00, 2.449539486576523650e+00, 9.619491986058411603e-01
1.101878612716763017e+00, 2.449539486576523650e+00, 9.568606287910097485e-01
1.110910404624277481e+00, 2.449539486576523650e+00, 9.515128923977681508e-01
1.119942196531791945e+00, 2.449539486576523650e+00, 9.459465293714133249e-01
1.128973988439306408e+00, 2.449539486576523650e+00, 9.402156594687530733e-01
1.138005780346820872e+00, 2.449539486576523650e+00, 9.343817706696675440e-01
1.147037572254335114e+00, 2.449539486576523650e+00, 9.285053773930901366e-01
1.156069364161849577e+00, 2.449539486576523650e+00, 9.226382862433107901e-01
1.165101156069364041e+00, 2.449539486576523650e+00, 9.168188815323267127e-01
1.174132947976878505e+00, 2.449539486576523650e+00, 9.110712346885918578e-01
1.183164739884392969e+00, 2.449539486576523650e+00, 9.054071955579213737e-01
1.192196531791907432e+00, 2.449539486576523650e+00, 8.998298945447524844e-01
1.201228323699421896e+00, 2.449539486576523650e+00, 8.943372844863938242e-01
1.210260115606936360e+00, 2.449539486576523650e+00, 8.889249545826367616e-01
1.219291907514450823e+00, 2.449539486576523650e+00, 8.835879995744145843e-01
1.228323699421965287e+00, 2.449539486576523650e+00, 8.783220528093885759e-01
1.237355491329479751e+00, 2.449539486576523650e+00, 8.731237135849478914e-01
1.246387283236994215e+00, 2.449539486576523650e+00, 8.679905993799380548e-01
1.255419075144508678e+00, 2.449539486576523650e+00, 8.629212029847416199e-01
1.264450867052023142e+00, 2.449539486576523650e+00, 8.579146749366199920e-01
1.273482658959537606e+00, 2.449539486576523650e+00, 8.529706016065267127e-01
1.282514450867052069e+00, 2.449539486576523650e+00, 8.480888137309896546e-01
1.291546242774566311e+00, 2.449539486576523650e+00, 8.432692378507222752e-01
1.300578034682080775e+00, 2.449539486576523650e+00, 8.385117906876368155e-01
1.309609826589595238e+00, 2.449539486576523650e+00, 8.338163106170658478e-01
1.318641618497109702e+00, 2.449539486576523650e+00, 8.291825184299561613e-01
1.327673410404624166e+00, 2.449539486576523650e+00, 8.246099997042000140e-01
1.336705202312138629e+00, 2.449539486576523650e+00, 8.200982021712235337e-01
1.345736994219653093e+00, 2.449539486576523650e+00, 8.156464428201295469e-01
1.354768786127167557e+00, 2.449539486576523650e+00, 8.112539207922696560e-01
1.363800578034682021e+00, 2.449539486576523650e+00, 8.069197332399843381e-01
1.372832369942196484e+00, 2.449539486576523650e+00, 8.026428922149660972e-01
1.381864161849710948e+00, 2.449539486576523650e+00, 7.984223413262792057e-01
1.390895953757225412e+00, 2.449539486576523650e+00, 7.942569713987097657e-01
1.399927745664739875e+00, 2.449539486576523650e+00, 7.901456347067825625e-01
1.408959537572254339e+00, 2.449539486576523650e+00, 7.860871575937968814e-01
1.417991329479768803e+00, 2.449539486576523650e+00, 7.820803514380612054e-01
1.427023121387283267e+00, 2.449539486576523650e+00, 7.781240220236046445e-01
1.436054913294797730e+00, 2.449539486576523650e+00, 7.742169774275590166e-01
1.445086705202311972e+00, 2.449539486576523650e+00, 7.703580345642815352e-01
1.454118497109826436e+00, 2.449539486576523650e+00, 7.665460245363681091e-01
1.463150289017340899e+00, 2.449539486576523650e+00, 7.627797969416357793e-01
1.472182080924855363e+00, 2.449539486576523650e+00, 7.590582232773411819e-01
1.481213872832369827e+00, 2.449539486576523650e+00, 7.553801995715634376e-01
1.490245664739884290e+00, 2.449539486576523650e+00, 7.517446483585904504e-01
1.499277456647398754e+00, 2.449539486576523650e+00, 7.481505201018293638e-01
1.508309248554913218e+00, 2.449539486576523650e+00, 7.445967941547958491e-01
1.517341040462427681e+00, 2.449539486576523650e+00, 7.410824793386567855e-01
1.526372832369942145e+00, 2.449539486576523650e+00, 7.376066142038407714e-01
1.535404624277456609e+00, 2.449539486576523650e+00, 7.341682670333882221e-01
1.544436416184971073e+00, 2.449539486576523650e+00, 7.307665356371112475e-01
1.553468208092485536e+00, 2.449539486576523650e+00, 7.274005469780274735e-01
1.562500000000000000e+00, 2.449539486576523650e+00, 7.240694566660562659e-01
1.571531791907514464e+00, 2.449539486576523650e+00, 7.207724483482979005e-01
1.580563583815028927e+00, 2.449539486576523650e+00, 7.175087330204278357e-01
1.589595375722543391e+00, 2.449539486576523650e+00, 7.142775482796251962e-01
1.598627167630057633e+00, 2.449539486576523650e+00, 7.110781575359649276e-01
1.607658959537572096e+00, 2.449539486576523650e+00, 7.079098491962632078e-01
1.616690751445086560e+00, 2.449539486576523650e+00, 7.047719358318529359e-01
1.625722543352601024e+00, 2.449539486576523650e+00, 7.016637533396742343e-01
1.634754335260115488e+00, 2.449539486576523650e+00, 6.985846601042732251e-01
1.643786127167629951e+00, 2.449539486576523650e+00, 6.955340361668683746e-01
1.652817919075144415e+00, 2.449539486576523650e+00, 6.925112824063321959e-01
1.661849710982658879e+00, 2.449539486576523650e+00, 6.895158197359365637e-01
1.670881502890173342e+00, 2.449539486576523650e+00, 6.865470883188484752e-01
1.679913294797687806e+00, 2.449539486576523650e+00, 6.836045468046090257e-01
1.688945086705202270e+00, 2.449539486576523650e+00, 6.806876715882564932e-01
1.697976878612716733e+00, 2.449539486576523650e+00, 6.777959560932552696e-01
1.707008670520231197e+00, 2.449539486576523650e+00, 6.749289100789683804e-01
1.716040462427745661e+00, 2.449539486576523650e+00, 6.720860589731090240e-01
1.725072254335260125e+00, 2.449539486576523650e+00, 6.692669432292880360e-01
1.734104046242774588e+00, 2.449539486576523650e+00, 6.664711177096109829e-01
1.743135838150289052e+00, 2.449539486576523650e+00, 6.636981510920403338e-01
1.752167630057803294e+00, 2.449539486576523650e+00, 6.609476253021534520e-01
1.761199421965317757e+00, 2.449539486576523650e+00, 6.582191349687690485e-01
1.770231213872832221e+00, 2.449539486576523650e+00, 6.555122869028638943e-01
1.779263005780346685e+00, 2.449539486576523650e+00, 6.528266995991138799e-01
1.788294797687861148e+00, 2.449539486576523650e+00, 6.501620027593626450e-01
1.797326589595375612e+00, 2.449539486576523650e+00, 6.475178368372788151e-01
1.806358381502890076e+00, 2.449539486576523650e+00, 6.448938526034371232e-01
