3.881460205329244628e-01, 1.984000000000000000e-02, 7.910007729313244251e-01
4.204915222440014921e-01, 1.984000000000000000e-02, 8.146881563786033675e-01
4.528370239550785215e-01, 1.984000000000000000e-02, 8.368281675690485422e-01
4.851825256661555508e-01, 1.984000000000000000e-02, 8.578818568424900759e-01
5.175280273772325801e-01, 1.984000000000000000e-02, 8.780288261600416311e-01
5.498735290883096649e-01, 1.984000000000000000e-02, 8.973480309557712031e-01
5.822190307993866387e-01, 1.984000000000000000e-02, 9.158819713085234460e-01
5.827244292636222234e-01, 1.984000000000000000e-02, 1.257433763662779702e+00
6.150699309746993082e-01, 1.984000000000000000e-02, 1.210847670359982420e+00
6.474154326857762820e-01, 1.984000000000000000e-02, 1.173652436035484969e+00
6.797609343968533668e-01, 1.984000000000000000e-02, 1.139369566077569340e+00
7.121064361079303406e-01, 1.984000000000000000e-02, 1.107090094416827597e+00
7.444519378190074255e-01, 1.984000000000000000e-02, 1.076816387147463860e+00
7.767974395300845103e-01, 1.984000000000000000e-02, 1.048578172595022506e+00
8.091429412411614841e-01, 1.984000000000000000e-02, 1.022316445698940646e+00
8.414884429522385689e-01, 1.984000000000000000e-02, 9.979063808162549343e-01
8.738339446633155427e-01, 1.984000000000000000e-02, 9.751910391919950127e-01
9.061794463743926276e-01, 1.984000000000000000e-02, 9.540047804891059746e-01
9.385249480854696014e-01, 1.984000000000000000e-02, 9.341867255778900647e-01
9.708704497965466862e-01, 1.984000000000000000e-02, 9.155875546332034043e-01
1.003215951507623771e+00, 1.984000000000000000e-02, 8.980723199305792326e-01
1.035561453218700745e+00, 1.984000000000000000e-02, 8.815210216652021868e-01
1.067906954929777719e+00, 1.984000000000000000e-02, 8.658280043279509286e-01
1.100252456640854914e+00, 1.984000000000000000e-02, 8.509007898229999922e-01
1.132597958351931888e+00, 1.984000000000000000e-02, 8.366586961135380474e-01
1.164943460063008862e+00, 1.984000000000000000e-02, 8.230314319712093152e-01
1.197288961774085836e+00, 1.984000000000000000e-02, 8.099577661747614510e-01
1.229634463485163032e+00, 1.984000000000000000e-02, 7.973843165424392421e-01
1.261979965196240006e+00, 1.984000000000000000e-02, 7.852644744230403706e-01
1.294325466907316979e+00, 1.984000000000000000e-02, 7.735574641337827906e-01
1.326670968618394175e+00, 1.984000000000000000e-02, 7.622275286363991986e-01
1.359016470329471149e+00, 1.984000000000000000e-02, 7.512432291016032382e-01
1.391361972040548123e+00, 1.984000000000000000e-02, 7.405768449324777736e-01
1.423707473751625097e+00, 1.984000000000000000e-02, 7.302038611108869759e-01
1.456052975462702292e+00, 1.984000000000000000e-02, 7.201025307177399970e-01
1.488398477173779266e+00, 1.984000000000000000e-02, 7.102535017482635160e-01
1.520743978884856240e+00, 1.984000000000000000e-02, 7.006394986857581442e-01
1.553089480595933436e+00, 1.984000000000000000e-02, 6.912450505895250119e-01
1.585434982307010410e+00, 1.984000000000000000e-02, 6.820562586325777943e-01
1.617780484018087384e+00, 1.984000000000000000e-02, 6.730605970765028978e-01
1.650125985729164357e+00, 1.984000000000000000e-02, 6.642467425874112319e-01
1.682471487440241553e+00, 1.984000000000000000e-02, 6.556044275846305558e-01
1.714816989151318527e+00, 1.984000000000000000e-02, 6.471243139856943660e-01
1.747162490862395501e+00, 1.984000000000000000e-02, 6.387978842836083970e-01
1.779507992573472697e+00, 1.984000000000000000e-02, 6.306173473692524567e-01
1.811853494284549670e+00, 1.984000000000000000e-02, 6.225755569204129980e-01
1.844198995995626644e+00, 1.984000000000000000e-02, 6.146659405192014258e-01
1.876544497706703618e+00, 1.984000000000000000e-02, 6.068824379419460735e-01
1.908889999417780814e+00, 1.984000000000000000e-02, 5.992194473093724882e-01
1.941235501128857788e+00, 1.984000000000000000e-02, 5.916717779843462255e-01
1.973581002839934762e+00, 1.984000000000000000e-02, 5.842346092735359875e-01
2.005926504551011735e+00, 1.984000000000000000e-02, 5.769034541320917642e-01
2.038272006262088709e+00, 1.984000000000000000e-02, 5.696741271884284696e-01
2.070617507973166127e+00, 1.984000000000000000e-02, 5.625427165106902105e-01
2.102963009684243101e+00, 1.984000000000000000e-02, 5.555055586155248637e-01
2.135308511395320075e+00, 1.984000000000000000e-02, 5.485592162976558051e-01
2.167654013106397048e+00, 1.984000000000000000e-02, 5.417004589146166005e-01
2.199999514817474022e+00, 1.984000000000000000e-02, 5.349262448150758908e-01
2.232345016528550996e+00, 1.984000000000000000e-02, 5.282337056432389044e-01
2.264690518239627970e+00, 1.984000000000000000e-02, 5.216201322854353561e-01
2.297036019950705388e+00, 1.984000000000000000e-02, 5.150829622614643277e-01
2.329381521661782362e+00, 1.984000000000000000e-02, 5.086197683860338437e-01
2.361727023372859335e+00, 1.984000000000000000e-02, 5.022282485511667671e-01
2.394072525083936309e+00, 1.984000000000000000e-02, 4.959062164983284449e-01
2.426418026795013283e+00, 1.984000000000000000e-02, 4.896515934689947280e-01
2.458763528506090257e+00, 1.984000000000000000e-02, 4.834624006333910207e-01
2.491109030217167231e+00, 1.984000000000000000e-02, 4.773367522100475657e-01
2.523454531928244648e+00, 1.984000000000000000e-02, 4.712728492021928117e-01
2.555800033639321622e+00, 1.984000000000000000e-02, 4.652689736869382586e-01
3.881460205329244628e-01, 1.000000000000000056e-01, 7.886272854158137280e-01
4.204915222440014921e-01, 1.000000000000000056e-01, 8.122371987168126584e-01
4.528370239550785215e-01, 1.000000000000000056e-01, 8.342983260929055511e-01
4.851825256661555508e-01, 1.000000000000000056e-01, 8.552715512250541607e-01
5.175280273772325801e-01, 1.000000000000000056e-01, 8.753359265433420244e-01
5.498735290883096649e-01, 1.000000000000000056e-01, 8.945697185101728621e-01
5.822190307993866387e-01, 1.000000000000000056e-01, 9.130146801511863641e-01
6.145645325104637235e-01, 1.000000000000000056e-01, 9.306982935342528185e-01
6.469100342215406974e-01, 1.000000000000000056e-01, 9.476403225683515119e-01
6.792555359326177822e-01, 1.000000000000000056e-01, 9.638531542253365725e-01
6.954282867881562691e-01, 1.000000000000000056e-01, 9.716873529642159335e-01
7.035146622159255125e-01, 1.000000000000000056e-01, 9.755361227940908542e-01
7.045254591443966818e-01, 1.000000000000000056e-01, 9.760140018278293805e-01
7.050308576086322665e-01, 1.000000000000000056e-01, 1.135646201644730402e+00
7.373763593197093513e-01, 1.000000000000000056e-01, 1.099114968678214899e+00
7.697218610307863251e-01, 1.000000000000000056e-01, 1.067818988318575801e+00
8.020673627418634100e-01, 1.000000000000000056e-01, 1.039412079768759156e+00
8.344128644529403838e-01, 1.000000000000000056e-01, 1.013263792746773584e+00
8.667583661640174686e-01, 1.000000000000000056e-01, 9.890870660965599415e-01
8.991038678750945534e-01, 1.000000000000000056e-01, 9.666617704026138069e-01
9.314493695861715272e-01, 1.000000000000000056e-01, 9.457882669170462053e-01
9.637948712972486121e-01, 1.000000000000000056e-01, 9.262843504943127915e-01
9.961403730083255859e-01, 1.000000000000000056e-01, 9.079871260265923727e-01
1.028485874719402560e+00, 1.000000000000000056e-01, 8.907534607592730858e-01
1.060831376430479756e+00, 1.000000000000000056e-01, 8.744589430804035057e-01
1.093176878141556729e+00, 1.000000000000000056e-01, 8.589960669700845708e-01
1.125522379852633703e+00, 1.000000000000000056e-01, 8.442721715593602960e-01
1.157867881563710899e+00, 1.000000000000000056e-01, 8.302074237232285325e-01
1.190213383274787873e+00, 1.000000000000000056e-01, 8.167329749412247653e-01
1.222558884985864847e+00, 1.000000000000000056e-01, 8.037893380014826672e-01
1.254904386696941820e+00, 1.000000000000000056e-01, 7.913249864652928123e-01
1.287249888408019016e+00, 1.000000000000000056e-01, 7.792951605391114089e-01
1.319595390119095990e+00, 1.000000000000000056e-01, 7.676608557718209713e-01
1.351940891830172964e+00, 1.000000000000000056e-01, 7.563879696836840472e-01
1.384286393541250160e+00, 1.000000000000000056e-01, 7.454465828456295906e-01
1.416631895252327134e+00, 1.000000000000000056e-01, 7.348103534323754404e-01
1.448977396963404107e+00, 1.000000000000000056e-01, 7.244560070641810068e-01
1.481322898674481081e+00, 1.000000000000000056e-01, 7.143629064469319001e-01
1.513668400385558277e+00, 1.000000000000000056e-01, 7.045126877556573408e-01
1.546013902096635251e+00, 1.000000000000000056e-01, 6.948889528315840280e-01
1.578359403807712225e+00, 1.000000000000000056e-01, 6.854770080759380324e-01
1.610704905518789420e+00, 1.000000000000000056e-01, 6.762636424538608360e-01
1.643050407229866394e+00, 1.000000000000000056e-01, 6.672369382992768827e-01
1.675395908940943368e+00, 1.000000000000000056e-01, 6.583861096756505882e-01
1.707741410652020342e+00, 1.000000000000000056e-01, 6.497013639291520093e-01
1.740086912363097538e+00, 1.000000000000000056e-01, 6.411737828011375706e-01
1.772432414074174511e+00, 1.000000000000000056e-01, 6.327952200709392461e-01
1.804777915785251485e+00, 1.000000000000000056e-01, 6.245582131996436637e-01
1.837123417496328681e+00, 1.000000000000000056e-01, 6.164559068593601365e-01
1.869468919207405655e+00, 1.000000000000000056e-01, 6.084819865754416135e-01
1.901814420918482629e+00, 1.000000000000000056e-01, 6.006306209932277262e-01
1.934159922629559603e+00, 1.000000000000000056e-01, 5.928964115173144256e-01
1.966505424340636798e+00, 1.000000000000000056e-01, 5.852743482678774978e-01
1.998850926051713772e+00, 1.000000000000000056e-01, 5.777597714624660430e-01
2.031196427762790968e+00, 1.000000000000000056e-01, 5.703483374682845053e-01
2.063541929473867942e+00, 1.000000000000000056e-01, 5.630359888845994920e-01
2.095887431184944916e+00, 1.000000000000000056e-01, 5.558189281110247348e-01
2.128232932896021889e+00, 1.000000000000000056e-01, 5.486935939369858017e-01
2.160578434607098863e+00, 1.000000000000000056e-01, 5.416566407574771036e-01
2.192923936318175837e+00, 1.000000000000000056e-01, 5.347049200745551678e-01
2.225269438029252811e+00, 1.000000000000000056e-01, 5.278354639953521943e-01
2.257614939740330229e+00, 1.000000000000000056e-01, 5.210454704753276767e-01
2.289960441451407203e+00, 1.000000000000000056e-01, 5.143322900928655184e-01
2.322305943162484176e+00, 1.000000000000000056e-01, 5.076934141687385882e-01
2.354651444873561150e+00, 1.000000000000000056e-01, 5.011264640699161221e-01
2.386996946584638124e+00, 1.000000000000000056e-01, 4.946291815588998442e-01
2.419342448295715098e+00, 1.000000000000000056e-01, 4.881994200671452844e-01
2.451687950006792072e+00, 1.000000000000000056e-01, 4.818351367883881853e-01
2.484033451717869490e+00, 1.000000000000000056e-01, 4.755343854988308694e-01
2.516378953428946463e+00, 1.000000000000000056e-01, 4.692953100253308696e-01
2.548724455140023437e+00, 1.000000000000000056e-01, 4.631161382907758584e-01
2.581069956851100411e+00, 1.000000000000000056e-01, 4.569951768753476307e-01
3.881460205329244628e-01, 1.983999999999999930e-01, 7.857204600714390308e-01
4.204915222440014921e-01, 1.983999999999999930e-01, 8.092358174675317040e-01
4.528370239550785215e-01, 1.983999999999999930e-01, 8.312007596048601732e-01
4.851825256661555508e-01, 1.983999999999999930e-01, 8.520759818435181820e-01
5.175280273772325801e-01, 1.983999999999999930e-01, 8.720398842882962631e-01
5.498735290883096649e-01, 1.983999999999999930e-01, 8.911699175715327437e-01
5.822190307993866387e-01, 1.983999999999999930e-01, 9.095069577160573848e-01
6.145645325104637235e-01, 1.983999999999999930e-01, 9.270775762186673763e-01
6.469100342215406974e-01, 1.983999999999999930e-01, 9.439005990414468528e-01
6.792555359326177822e-01, 1.983999999999999930e-01, 9.599874645416258678e-01
7.116010376436948670e-01, 1.983999999999999930e-01, 9.753395508470151798e-01
7.439465393547718408e-01, 1.983999999999999930e-01, 9.899428277584501057e-01
7.601192902103103277e-01, 1.983999999999999930e-01, 9.969528089556087824e-01
7.682056656380795712e-01, 1.983999999999999930e-01, 1.000381668303210292e+00
7.722488533519642484e-01, 1.983999999999999930e-01, 1.002076506694125291e+00
7.732596502804354177e-01, 1.983999999999999930e-01, 1.002498143877462500e+00
7.737650487446710024e-01, 1.983999999999999930e-01, 1.002708649442252797e+00
7.742704472089065870e-01, 1.983999999999999930e-01, 1.086024523576460732e+00
8.066159489199835608e-01, 1.983999999999999930e-01, 1.052032081705735145e+00
8.389614506310606457e-01, 1.983999999999999930e-01, 1.023484804301110884e+00
8.713069523421377305e-01, 1.983999999999999930e-01, 9.979039879638968991e-01
9.036524540532147043e-01, 1.983999999999999930e-01, 9.744827446719600550e-01
9.359979557642917891e-01, 1.983999999999999930e-01, 9.528379067417643844e-01
9.683434574753687629e-01, 1.983999999999999930e-01, 9.327132530291465384e-01
1.000688959186445848e+00, 1.983999999999999930e-01, 9.139058290169124188e-01
1.033034460897522822e+00, 1.983999999999999930e-01, 8.962459062305144775e-01
1.065379962608599795e+00, 1.983999999999999930e-01, 8.795897175619754593e-01
1.097725464319676991e+00, 1.983999999999999930e-01, 8.638152311880590295e-01
1.130070966030753965e+00, 1.983999999999999930e-01, 8.488187954350734366e-01
1.162416467741830939e+00, 1.983999999999999930e-01, 8.345122436745754380e-01
1.194761969452908135e+00, 1.983999999999999930e-01, 8.208203984051390956e-01
1.227107471163985108e+00, 1.983999999999999930e-01, 8.076789525328086361e-01
1.259452972875062082e+00, 1.983999999999999930e-01, 7.950326938344701722e-01
1.291798474586139056e+00, 1.983999999999999930e-01, 7.828340288579223039e-01
1.324143976297216252e+00, 1.983999999999999930e-01, 7.710417606877185692e-01
1.356489478008293226e+00, 1.983999999999999930e-01, 7.596200782041484523e-01
1.388834979719370200e+00, 1.983999999999999930e-01, 7.485377198027746148e-01
1.421180481430447395e+00, 1.983999999999999930e-01, 7.377672803129270429e-01
1.453525983141524369e+00, 1.983999999999999930e-01, 7.272846352359755295e-01
1.485871484852601343e+00, 1.983999999999999930e-01, 7.170684611088783411e-01
1.518216986563678317e+00, 1.983999999999999930e-01, 7.070998347290209374e-01
1.550562488274755513e+00, 1.983999999999999930e-01, 6.973618972094027813e-01
1.582907989985832486e+00, 1.983999999999999930e-01, 6.878395714630094471e-01
1.615253491696909460e+00, 1.983999999999999930e-01, 6.785193238420144102e-01
1.647598993407986656e+00, 1.983999999999999930e-01, 6.693889623746003270e-01
1.679944495119063630e+00, 1.983999999999999930e-01, 6.604374654263185374e-01
1.712289996830140604e+00, 1.983999999999999930e-01, 6.516548357311294781e-01
1.744635498541217578e+00, 1.983999999999999930e-01, 6.430319756412147258e-01
1.776981000252294773e+00, 1.983999999999999930e-01, 6.345605801773624988e-01
1.809326501963371747e+00, 1.983999999999999930e-01, 6.262330450568770468e-01
1.841672003674448721e+00, 1.983999999999999930e-01, 6.180423873609454111e-01
1.874017505385525917e+00, 1.983999999999999930e-01, 6.099821768992567117e-01
1.906363007096602891e+00, 1.983999999999999930e-01, 6.020464766541280266e-01
1.938708508807679864e+00, 1.983999999999999930e-01, 5.942297909527950450e-01
1.971054010518756838e+00, 1.983999999999999930e-01, 5.865270202357328877e-01
2.003399512229834034e+00, 1.983999999999999930e-01, 5.789334214704756620e-01
2.035745013940911008e+00, 1.983999999999999930e-01, 5.714445734098884122e-01
2.068090515651987982e+00, 1.983999999999999930e-01, 5.640563460191266865e-01
2.100436017363064956e+00, 1.983999999999999930e-01, 5.567648734984090853e-01
2.132781519074141929e+00, 1.983999999999999930e-01, 5.495665304162177245e-01
2.165127020785219347e+00, 1.983999999999999930e-01, 5.424579105391821310e-01
2.197472522496296321e+00, 1.983999999999999930e-01, 5.354358080063231773e-01
2.229818024207373295e+00, 1.983999999999999930e-01, 5.284972005459190880e-01
2.262163525918450269e+00, 1.983999999999999930e-01, 5.216392344766797029e-01
2.294509027629527242e+00, 1.983999999999999930e-01, 5.148592112713129554e-01
2.326854529340604216e+00, 1.983999999999999930e-01, 5.081545754910506973e-01
2.359200031051681190e+00, 1.983999999999999930e-01, 5.015229039265032274e-01
2.391545532762758608e+00, 1.983999999999999930e-01, 4.949618958018707215e-01
2.423891034473835582e+00, 1.983999999999999930e-01, 4.884693639187462910e-01
2.456236536184912556e+00, 1.983999999999999930e-01, 4.820432266323185222e-01
2.488582037895989529e+00, 1.983999999999999930e-01, 4.756815005660798845e-01
2.520927539607066503e+00, 1.983999999999999930e-01, 4.693822939834951802e-01
2.553273041318143477e+00, 1.983999999999999930e-01, 4.631438007453637096e-01
2.585618543029220451e+00, 1.983999999999999930e-01, 4.569642947899850149e-01
3.881460205329244628e-01, 3.967999999999999861e-01, 7.798819949547233232e-01
4.204915222440014921e-01, 3.967999999999999861e-01, 8.032084821652151208e-01
4.528370239550785215e-01, 3.967999999999999861e-01, 8.249816141866495034e-01
4.851825256661555508e-01, 3.967999999999999861e-01, 8.456617578543520475e-01
5.175280273772325801e-01, 3.967999999999999861e-01, 8.654260677025183979e-01
5.498735290883096649e-01, 3.967999999999999861e-01, 8.843504425891521858e-01
5.822190307993866387e-01, 3.967999999999999861e-01, 9.024741139790259936e-01
6.145645325104637235e-01, 3.967999999999999861e-01, 9.198219819112724016e-01
6.469100342215406974e-01, 3.967999999999999861e-01, 9.364112007802930515e-01
6.792555359326177822e-01, 3.967999999999999861e-01, 9.522515897397562101e-01
7.116010376436948670e-01, 3.967999999999999861e-01, 9.673431185392986631e-01
7.439465393547718408e-01, 3.967999999999999861e-01, 9.816709999611292758e-01
7.762920410658489256e-01, 3.967999999999999861e-01, 9.951970763535765707e-01
8.086375427769258994e-01, 3.967999999999999861e-01, 1.007843320500687589e+00
8.409830444880029843e-01, 3.967999999999999861e-01, 1.019455255771764657e+00
8.571557953435414712e-01, 3.967999999999999861e-01, 1.024782821407640654e+00
8.581665922720126405e-01, 3.967999999999999861e-01, 1.025103197910543829e+00
8.586719907362482251e-01, 3.967999999999999861e-01, 1.025262786231889711e+00
8.591773892004838098e-01, 3.967999999999999861e-01, 1.040787582956398838e+00
8.915228909115607836e-01, 3.967999999999999861e-01, 1.009172873717840702e+00
9.238683926226378684e-01, 3.967999999999999861e-01, 9.831597718404077035e-01
9.562138943337149533e-01, 3.967999999999999861e-01, 9.600692745973428144e-01
9.885593960447919271e-01, 3.967999999999999861e-01, 9.389904012674227252e-01
1.020904897755869012e+00, 3.967999999999999861e-01, 9.194891939934851655e-01
1.053250399466945986e+00, 3.967999999999999861e-01, 9.012951787535996573e-01
1.085595901178022959e+00, 3.967999999999999861e-01, 8.842114123291132666e-01
1.117941402889100155e+00, 3.967999999999999861e-01, 8.680836782203925628e-01
1.150286904600177129e+00, 3.967999999999999861e-01, 8.527872018366805529e-01
1.182632406311254103e+00, 3.967999999999999861e-01, 8.382193433459124154e-01
1.214977908022331299e+00, 3.967999999999999861e-01, 8.242947841451502278e-01
1.247323409733408273e+00, 3.967999999999999861e-01, 8.109420246112376551e-01
1.279668911444485246e+00, 3.967999999999999861e-01, 7.981007135857463020e-01
1.312014413155562220e+00, 3.967999999999999861e-01, 7.857195668089919094e-01
1.344359914866639416e+00, 3.967999999999999861e-01, 7.737547251293527273e-01
1.376705416577716390e+00, 3.967999999999999861e-01, 7.621684491657428895e-01
1.409050918288793364e+00, 3.967999999999999861e-01, 7.509280745339914631e-01
1.441396419999870560e+00, 3.967999999999999861e-01, 7.400051704269792197e-01
1.473741921710947533e+00, 3.967999999999999861e-01, 7.293748578948929806e-01
1.506087423422024507e+00, 3.967999999999999861e-01, 7.190152542814218783e-01
1.538432925133101481e+00, 3.967999999999999861e-01, 7.089070178971347280e-01
1.570778426844178677e+00, 3.967999999999999861e-01, 6.990329727971993368e-01
1.603123928555255651e+00, 3.967999999999999861e-01, 6.893777979394154487e-01
1.635469430266332624e+00, 3.967999999999999861e-01, 6.799277683734461508e-01
1.667814931977409820e+00, 3.967999999999999861e-01, 6.706705387076026259e-01
1.700160433688486794e+00, 3.967999999999999861e-01, 6.615949611061524571e-01
1.732505935399563768e+00, 3.967999999999999861e-01, 6.526909316300743003e-01
1.764851437110640742e+00, 3.967999999999999861e-01, 6.439492599532435912e-01
1.797196938821717938e+00, 3.967999999999999861e-01, 6.353615584446055120e-01
1.829542440532794911e+00, 3.967999999999999861e-01, 6.269201473643283284e-01
1.861887942243871885e+00, 3.967999999999999861e-01, 6.186179735237201660e-01
1.894233443954949081e+00, 3.967999999999999861e-01, 6.104485402395458671e-01
1.926578945666026055e+00, 3.967999999999999861e-01, 6.024058467991592059e-01
1.958924447377103029e+00, 3.967999999999999861e-01, 5.944843359638976032e-01
1.991269949088180002e+00, 3.967999999999999861e-01, 5.866788482906296620e-01
2.023615450799256976e+00, 3.967999999999999861e-01, 5.789845822559728239e-01
2.055960952510333950e+00, 3.967999999999999861e-01, 5.713970593356173522e-01
2.088306454221411368e+00, 3.967999999999999861e-01, 5.639120933284907933e-01
2.120651955932488342e+00, 3.967999999999999861e-01, 5.565257633285978223e-01
2.152997457643565316e+00, 3.967999999999999861e-01, 5.492343898410428915e-01
2.185342959354642289e+00, 3.967999999999999861e-01, 5.420345136159842037e-01
2.217688461065719263e+00, 3.967999999999999861e-01, 5.349228768391495192e-01
2.250033962776796237e+00, 3.967999999999999861e-01, 5.278964063709260524e-01
2.282379464487873211e+00, 3.967999999999999861e-01, 5.209521987715772795e-01
2.314724966198950629e+00, 3.967999999999999861e-01, 5.140875068875766507e-01
2.347070467910027602e+00, 3.967999999999999861e-01, 5.072997278061472937e-01
2.379415969621104576e+00, 3.967999999999999861e-01, 5.005863920119965060e-01
2.411761471332181550e+00, 3.967999999999999861e-01, 4.939451536030004530e-01
2.444106973043258524e+00, 3.967999999999999861e-01, 4.873737814407332891e-01
2.476452474754335498e+00, 3.967999999999999861e-01, 4.808701511288654973e-01
2.508797976465412471e+00, 3.967999999999999861e-01, 4.744322377255237311e-01
2.541143478176489889e+00, 3.967999999999999861e-01, 4.680581091087551715e-01
2.573488979887566863e+00, 3.967999999999999861e-01, 4.617459199237493039e-01
3.881460205329244628e-01, 5.951999999999999513e-01, 7.740733241859254488e-01
4.204915222440014921e-01, 5.951999999999999513e-01, 7.972132547991022111e-01
4.528370239550785215e-01, 5.951999999999999513e-01, 8.187973349984228877e-01
4.851825256661555508e-01, 5.951999999999999513e-01, 8.392856660670033886e-01
5.175280273772325801e-01, 5.951999999999999513e-01, 8.588542421761500290e-01
5.498735290883096649e-01, 5.951999999999999513e-01, 8.775775234708315109e-01
5.822190307993866387e-01, 5.951999999999999513e-01, 8.954932455126770607e-01
6.145645325104637235e-01, 5.951999999999999513e-01, 9.126248319341075943e-01
6.469100342215406974e-01, 5.951999999999999513e-01, 9.289880214138375170e-01
6.792555359326177822e-01, 5.951999999999999513e-01, 9.445913479215574116e-01
7.116010376436948670e-01, 5.951999999999999513e-01, 9.594337997098529858e-01
7.439465393547718408e-01, 5.951999999999999513e-01, 9.735003392196236449e-01
7.762920410658489256e-01, 5.951999999999999513e-01, 9.867543576795805294e-01
8.086375427769258994e-01, 5.951999999999999513e-01, 9.991240315384738446e-01
8.409830444880029843e-01, 5.951999999999999513e-01, 1.010474449698208987e+00
8.733285461990799581e-01, 5.951999999999999513e-01, 1.020540482559874729e+00
9.056740479101570429e-01, 5.951999999999999513e-01, 1.028719188764116277e+00
9.137604233379262864e-01, 5.951999999999999513e-01, 1.030311292721274974e+00
9.157820171948686250e-01, 5.951999999999999513e-01, 1.030669539852585581e+00
9.162874156591042096e-01, 5.951999999999999513e-01, 1.030756321837337008e+00
9.167928141233397943e-01, 5.951999999999999513e-01, 1.019672803776778824e+00
9.491383158344167681e-01, 5.951999999999999513e-01, 9.884893976894224554e-01
9.814838175454938529e-01, 5.951999999999999513e-01, 9.635426966239266644e-01
1.013829319256570827e+00, 5.951999999999999513e-01, 9.415463037010957104e-01
1.046174820967648023e+00, 5.951999999999999513e-01, 9.214989750733105778e-01
1.078520322678724996e+00, 5.951999999999999513e-01, 9.029399506614310678e-01
1.110865824389801970e+00, 5.951999999999999513e-01, 8.855920730745041602e-01
1.143211326100878944e+00, 5.951999999999999513e-01, 8.692610806554583736e-01
1.175556827811956140e+00, 5.951999999999999513e-01, 8.537997416631647463e-01
1.207902329523033114e+00, 5.951999999999999513e-01, 8.390918658194490565e-01
1.240247831234110087e+00, 5.951999999999999513e-01, 8.250435981972904509e-01
1.272593332945187061e+00, 5.951999999999999513e-01, 8.115779323797888134e-01
1.304938834656264257e+00, 5.951999999999999513e-01, 7.986309244378335670e-01
1.337284336367341231e+00, 5.951999999999999513e-01, 7.861489400358598889e-01
1.369629838078418205e+00, 5.951999999999999513e-01, 7.740865898177093918e-01
1.401975339789495401e+00, 5.951999999999999513e-01, 7.624051497300334823e-01
1.434320841500572374e+00, 5.951999999999999513e-01, 7.510713347760890057e-01
1.466666343211649348e+00, 5.951999999999999513e-01, 7.400563360446422712e-01
1.499011844922726322e+00, 5.951999999999999513e-01, 7.293350569395037342e-01
1.531357346633803518e+00, 5.951999999999999513e-01, 7.188855019958697579e-01
1.563702848344880492e+00, 5.951999999999999513e-01, 7.086882838071700830e-01
1.596048350055957465e+00, 5.951999999999999513e-01, 6.987262222329697625e-01
1.628393851767034661e+00, 5.951999999999999513e-01, 6.889840163249026928e-01
1.660739353478111635e+00, 5.951999999999999513e-01, 6.794479740098958720e-01
1.693084855189188609e+00, 5.951999999999999513e-01, 6.701057879876574086e-01
1.725430356900265583e+00, 5.951999999999999513e-01, 6.609463488625909600e-01
1.757775858611342779e+00, 5.951999999999999513e-01, 6.519595884700890576e-01
1.790121360322419752e+00, 5.951999999999999513e-01, 6.431363478377390974e-01
1.822466862033496726e+00, 5.951999999999999513e-01, 6.344682653610803635e-01
1.854812363744573922e+00, 5.951999999999999513e-01, 6.259476816564332191e-01
1.887157865455650896e+00, 5.951999999999999513e-01, 6.175675582429582811e-01
1.919503367166727870e+00, 5.951999999999999513e-01, 6.093214077477207002e-01
1.951848868877804843e+00, 5.951999999999999513e-01, 6.012032337565159645e-01
1.984194370588882039e+00, 5.951999999999999513e-01, 5.932074787742606103e-01
2.016539872299959235e+00, 5.951999999999999513e-01, 5.853289790318214614e-01
2.048885374011036209e+00, 5.951999999999999513e-01, 5.775629250961482608e-01
2.081230875722113183e+00, 5.951999999999999513e-01, 5.699048274181023332e-01
2.113576377433190157e+00, 5.951999999999999513e-01, 5.623504860971256791e-01
2.145921879144267130e+00, 5.951999999999999513e-01, 5.548959642597438569e-01
2.178267380855344104e+00, 5.951999999999999513e-01, 5.475375645456914686e-01
2.210612882566421078e+00, 5.951999999999999513e-01, 5.402718082752492323e-01
2.242958384277498496e+00, 5.951999999999999513e-01, 5.330954169372017493e-01
2.275303885988575470e+00, 5.951999999999999513e-01, 5.260052956914561539e-01
2.307649387699652443e+00, 5.951999999999999513e-01, 5.189985186261608652e-01
2.339994889410729417e+00, 5.951999999999999513e-01, 5.120723155468551724e-01
2.372340391121806391e+00, 5.951999999999999513e-01, 5.052240601075901338e-01
2.404685892832883365e+00, 5.951999999999999513e-01, 4.984512591204083853e-01
2.437031394543960339e+00, 5.951999999999999513e-01, 4.917515429024418849e-01
2.469376896255037757e+00, 5.951999999999999513e-01, 4.851226565392595669e-01
2.501722397966114730e+00, 5.951999999999999513e-01, 4.785624519588405623e-01
2.534067899677191704e+00, 5.951999999999999513e-01, 4.720688807252271246e-01
2.566413401388268678e+00, 5.951999999999999513e-01, 4.656399874718978871e-01
3.881460205329244628e-01, 7.936499999999999666e-01, 7.682927345304099154e-01
4.204915222440014921e-01, 7.936499999999999666e-01, 7.912483002050622050e-01
4.528370239550785215e-01, 7.936499999999999666e-01, 8.126459453204757377e-01
4.851825256661555508e-01, 7.936499999999999666e-01, 8.329455624823947080e-01
5.175280273772325801e-01, 7.936499999999999666e-01, 8.523220616817465123e-01
5.498735290883096649e-01, 7.936499999999999666e-01, 8.708485645983251588e-01
5.822190307993866387e-01, 7.936499999999999666e-01, 8.885614412576217092e-01
6.145645325104637235e-01, 7.936499999999999666e-01, 9.054828073868650407e-01
6.469100342215406974e-01, 7.936499999999999666e-01, 9.216272025334617535e-01
6.792555359326177822e-01, 7.936499999999999666e-01, 9.370021505278850471e-01
7.116010376436948670e-01, 7.936499999999999666e-01, 9.516059960367847514e-01
7.439465393547718408e-01, 7.936499999999999666e-01, 9.654238274197988190e-01
7.762920410658489256e-01, 7.936499999999999666e-01, 9.784208636988684926e-01
8.086375427769258994e-01, 7.936499999999999666e-01, 9.905310991132353360e-01
8.409830444880029843e-01, 7.936499999999999666e-01, 1.001635672481002937e+00
8.733285461990799581e-01, 7.936499999999999666e-01, 1.011515876683340531e+00
9.056740479101570429e-01, 7.936499999999999666e-01, 1.019731308543785353e+00
9.380195496212340167e-01, 7.936499999999999666e-01, 1.025196622211966391e+00
9.541923004767726146e-01, 7.936499999999999666e-01, 1.025898542398020696e+00
9.582354881906571809e-01, 7.936499999999999666e-01, 1.025653625727007690e+00
9.602570820475995195e-01, 7.936499999999999666e-01, 1.025430391970880928e+00
9.612678789760706888e-01, 7.936499999999999666e-01, 1.025287624264495934e+00
9.617732774403062734e-01, 7.936499999999999666e-01, 1.025207436561227370e+00
9.622786759045418581e-01, 7.936499999999999666e-01, 1.007410000609645584e+00
9.946241776156188319e-01, 7.936499999999999666e-01, 9.757722850961488836e-01
1.026969679326696028e+00, 7.936499999999999666e-01, 9.514577527253781364e-01
1.059315181037773002e+00, 7.936499999999999666e-01, 9.301011535470393721e-01
1.091660682748849975e+00, 7.936499999999999666e-01, 9.106432931098293881e-01
1.124006184459926949e+00, 7.936499999999999666e-01, 8.926146659036067188e-01
1.156351686171004145e+00, 7.936499999999999666e-01, 8.757377671791847229e-01
1.188697187882081119e+00, 7.936499999999999666e-01, 8.598216007886514411e-01
1.221042689593158093e+00, 7.936499999999999666e-01, 8.447238900853353272e-01
1.253388191304235288e+00, 7.936499999999999666e-01, 8.303339508343536846e-01
1.285733693015312262e+00, 7.936499999999999666e-01, 8.165633535939614829e-01
1.318079194726389236e+00, 7.936499999999999666e-01, 8.033401283007639559e-01
1.350424696437466210e+00, 7.936499999999999666e-01, 7.906048558181779651e-01
1.382770198148543406e+00, 7.936499999999999666e-01, 7.783078917004759845e-01
1.415115699859620380e+00, 7.936499999999999666e-01, 7.664073268922176885e-01
1.447461201570697353e+00, 7.936499999999999666e-01, 7.548674544176606771e-01
1.479806703281774549e+00, 7.936499999999999666e-01, 7.436575960946937291e-01
1.512152204992851523e+00, 7.936499999999999666e-01, 7.327511919151068476e-01
1.544497706703928497e+00, 7.936499999999999666e-01, 7.221250847116358340e-01
1.576843208415005471e+00, 7.936499999999999666e-01, 7.117589522362696153e-01
1.609188710126082666e+00, 7.936499999999999666e-01, 7.016348519495324565e-01
1.641534211837159640e+00, 7.936499999999999666e-01, 6.917368529653704634e-01
1.673879713548236614e+00, 7.936499999999999666e-01, 6.820507360758032434e-01
1.706225215259313588e+00, 7.936499999999999666e-01, 6.725637474471860555e-01
1.738570716970390784e+00, 7.936499999999999666e-01, 6.632643949893111124e-01
1.770916218681467758e+00, 7.936499999999999666e-01, 6.541422789196632559e-01
1.803261720392544731e+00, 7.936499999999999666e-01, 6.451879499295770648e-01
1.835607222103621927e+00, 7.936499999999999666e-01, 6.363927897823041802e-01
1.867952723814698901e+00, 7.936499999999999666e-01, 6.277489102573465818e-01
1.900298225525775875e+00, 7.936499999999999666e-01, 6.192490671892550980e-01
1.932643727236852849e+00, 7.936499999999999666e-01, 6.108865869952523342e-01
1.964989228947930044e+00, 7.936499999999999666e-01, 6.026553035903309263e-01
1.997334730659007018e+00, 7.936499999999999666e-01, 5.945495039856192321e-01
2.029680232370083992e+00, 7.936499999999999666e-01, 5.865638811794658958e-01
2.062025734081160966e+00, 7.936499999999999666e-01, 5.786934932013116928e-01
2.094371235792237940e+00, 7.936499999999999666e-01, 5.709337273686015957e-01
2.126716737503315358e+00, 7.936499999999999666e-01, 5.632802689789367934e-01
2.159062239214392331e+00, 7.936499999999999666e-01, 5.557290737902101929e-01
2.191407740925469305e+00, 7.936499999999999666e-01, 5.482763437483278990e-01
2.223753242636546279e+00, 7.936499999999999666e-01, 5.409185055092187167e-01
2.256098744347623253e+00, 7.936499999999999666e-01, 5.336521913733938138e-01
2.288444246058700227e+00, 7.936499999999999666e-01, 5.264742223105338681e-01
2.320789747769777200e+00, 7.936499999999999666e-01, 5.193815928006332294e-01
2.353135249480854618e+00, 7.936499999999999666e-01, 5.123714572587071414e-01
2.385480751191931592e+00, 7.936499999999999666e-01, 5.054411178444946362e-01
2.417826252903008566e+00, 7.936499999999999666e-01, 4.985880134866972346e-01
2.450171754614085540e+00, 7.936499999999999666e-01, 4.918097099755363577e-01
2.482517256325162514e+00, 7.936499999999999666e-01, 4.851038909975770586e-01
2.514862758036239487e+00, 7.936499999999999666e-01, 4.784683500037226755e-01
2.547208259747316461e+00, 7.936499999999999666e-01, 4.719009828160250497e-01
2.579553761458393879e+00, 7.936499999999999666e-01, 4.653997808912229694e-01
3.881460205329244628e-01, 9.919999999999999929e-01, 7.625443294399640859e-01
4.204915222440014921e-01, 9.919999999999999929e-01, 7.853177871594239079e-01
4.528370239550785215e-01, 9.919999999999999929e-01, 8.065316626726094507e-01
4.851825256661555508e-01, 9.919999999999999929e-01, 8.266456913890559699e-01
5.175280273772325801e-01, 9.919999999999999929e-01, 8.458337681644749750e-01
5.498735290883096649e-01, 9.919999999999999929e-01, 8.641677662799948090e-01
5.822190307993866387e-01, 9.919999999999999929e-01, 8.816828057811062491e-01
6.145645325104637235e-01, 9.919999999999999929e-01, 8.983998412690215041e-01
6.469100342215406974e-01, 9.919999999999999929e-01, 9.143323976780336482e-01
6.792555359326177822e-01, 9.919999999999999929e-01, 9.294872162474846489e-01
7.116010376436948670e-01, 9.919999999999999929e-01, 9.438622661825448734e-01
7.439465393547718408e-01, 9.919999999999999929e-01, 9.574430399778722789e-01
7.762920410658489256e-01, 9.919999999999999929e-01, 9.701967493382486207e-01
8.086375427769258994e-01, 9.919999999999999929e-01, 9.820628165690817868e-01
8.409830444880029843e-01, 9.919999999999999929e-01, 9.929358370954217694e-01
8.733285461990799581e-01, 9.919999999999999929e-01, 1.002631579599301048e+00
9.056740479101570429e-01, 9.919999999999999929e-01, 1.010809595567209174e+00
9.380195496212340167e-01, 9.919999999999999929e-01, 1.016762138648004132e+00
9.703650513323111015e-01, 9.919999999999999929e-01, 1.018598150581044859e+00
9.865378021878495884e-01, 9.919999999999999929e-01, 1.015814681885900850e+00
9.946241776156188319e-01, 9.919999999999999929e-01, 1.011218336052977174e+00
9.966457714725611705e-01, 9.919999999999999929e-01, 1.008804830557343379e+00
9.976565684010323398e-01, 9.919999999999999929e-01, 1.006916252879443974e+00
9.981619668652679245e-01, 9.919999999999999929e-01, 1.005519584964588375e+00
9.986673653295035091e-01, 9.919999999999999929e-01, 1.000543134921698663e+00
1.006753740757272864e+00, 9.919999999999999929e-01, 9.901730210519062991e-01
1.039099242468349837e+00, 9.919999999999999929e-01, 9.617169122305296858e-01
1.071444744179426811e+00, 9.919999999999999929e-01, 9.387496034329381178e-01
1.103790245890503785e+00, 9.919999999999999929e-01, 9.182948830139371355e-01
1.136135747601580981e+00, 9.919999999999999929e-01, 8.995412563091792491e-01
1.168481249312657955e+00, 9.919999999999999929e-01, 8.820942640024276304e-01
1.200826751023734928e+00, 9.919999999999999929e-01, 8.657085517723452917e-01
1.233172252734812124e+00, 9.919999999999999929e-01, 8.502115790442841270e-01
1.265517754445889098e+00, 9.919999999999999929e-01, 8.354738851637145691e-01
1.297863256156966072e+00, 9.919999999999999929e-01, 8.213945852605493148e-01
1.330208757868043046e+00, 9.919999999999999929e-01, 8.078930752726859454e-01
1.362554259579120242e+00, 9.919999999999999929e-01, 7.949037603430408883e-01
1.394899761290197215e+00, 9.919999999999999929e-01, 7.823724701445706753e-01
1.427245263001274189e+00, 9.919999999999999929e-01, 7.702539113267798943e-01
1.459590764712351385e+00, 9.919999999999999929e-01, 7.585098011881854507e-01
1.491936266423428359e+00, 9.919999999999999929e-01, 7.471074694537118699e-01
1.524281768134505333e+00, 9.919999999999999929e-01, 7.360187921233503072e-01
1.556627269845582306e+00, 9.919999999999999929e-01, 7.252193665510003884e-01
1.588972771556659502e+00, 9.919999999999999929e-01, 7.146878650760810636e-01
1.621318273267736476e+00, 9.919999999999999929e-01, 7.044055228827296178e-01
1.653663774978813450e+00, 9.919999999999999929e-01, 6.943557281211283350e-01
1.686009276689890646e+00, 9.919999999999999929e-01, 6.845236908623797412e-01
1.718354778400967620e+00, 9.919999999999999929e-01, 6.748961734739479246e-01
1.750700280112044593e+00, 9.919999999999999929e-01, 6.654612693134879242e-01
1.783045781823121567e+00, 9.919999999999999929e-01, 6.562082197722659549e-01
1.815391283534198763e+00, 9.919999999999999929e-01, 6.471272620064221215e-01
1.847736785245275737e+00, 9.919999999999999929e-01, 6.382095014122339816e-01
1.880082286956352711e+00, 9.919999999999999929e-01, 6.294468041944204506e-01
1.912427788667429907e+00, 9.919999999999999929e-01, 6.208317063589273710e-01
1.944773290378506880e+00, 9.919999999999999929e-01, 6.123573362147870514e-01
1.977118792089583854e+00, 9.919999999999999929e-01, 6.040173480519832605e-01
2.009464293800661050e+00, 9.919999999999999929e-01, 5.958058651160760277e-01
2.041809795511738024e+00, 9.919999999999999929e-01, 5.877174303563704738e-01
2.074155297222814998e+00, 9.919999999999999929e-01, 5.797469637060896908e-01
2.106500798933891971e+00, 9.919999999999999929e-01, 5.718897248768528563e-01
2.138846300644968945e+00, 9.919999999999999929e-01, 5.641412808290255931e-01
2.171191802356045919e+00, 9.919999999999999929e-01, 5.564974772237996081e-01
2.203537304067123337e+00, 9.919999999999999929e-01, 5.489544132796427833e-01
2.235882805778200311e+00, 9.919999999999999929e-01, 5.415084195507781084e-01
2.268228307489277285e+00, 9.919999999999999929e-01, 5.341560382230009507e-01
2.300573809200354258e+00, 9.919999999999999929e-01, 5.268940055860146243e-01
2.332919310911431232e+00, 9.919999999999999929e-01, 5.197192363939717730e-01
2.365264812622508206e+00, 9.919999999999999929e-01, 5.126288098696671902e-01
2.397610314333585180e+00, 9.919999999999999929e-01, 5.056199571439853324e-01
2.429955816044662598e+00, 9.919999999999999929e-01, 4.986900499525747654e-01
2.462301317755739571e+00, 9.919999999999999929e-01, 4.918365904370178288e-01
2.494646819466816545e+00, 9.919999999999999929e-01, 4.850572019191940476e-01
2.526992321177893519e+00, 9.919999999999999929e-01, 4.783496205355902697e-01
2.559337822888970493e+00, 9.919999999999999929e-01, 4.717116876333204978e-01
3.881460205329244628e-01, 1.100000000000000089e+00, 7.594265845864500708e-01
4.204915222440014921e-01, 1.100000000000000089e+00, 7.821017703780016594e-01
4.528370239550785215e-01, 1.100000000000000089e+00, 8.032166344275656344e-01
4.851825256661555508e-01, 1.100000000000000089e+00, 8.232308463280658684e-01
5.175280273772325801e-01, 1.100000000000000089e+00, 8.423177744071652651e-01
5.498735290883096649e-01, 1.100000000000000089e+00, 8.605486461788066643e-01
5.822190307993866387e-01, 1.100000000000000089e+00, 8.779579443391846150e-01
6.145645325104637235e-01, 1.100000000000000089e+00, 8.945660455911350617e-01
6.469100342215406974e-01, 1.100000000000000089e+00, 9.103859896238163385e-01
6.792555359326177822e-01, 1.100000000000000089e+00, 9.254241725643568284e-01
7.116010376436948670e-01, 1.100000000000000089e+00, 9.396784513944864692e-01
7.439465393547718408e-01, 1.100000000000000089e+00, 9.531346284992379125e-01
7.762920410658489256e-01, 1.100000000000000089e+00, 9.657610413786369419e-01
8.086375427769258994e-01, 1.100000000000000089e+00, 9.774999095965504203e-01
8.409830444880029843e-01, 1.100000000000000089e+00, 9.882522951946415279e-01
8.733285461990799581e-01, 1.100000000000000089e+00, 9.978492830940430824e-01
9.056740479101570429e-01, 1.100000000000000089e+00, 1.005990111940375575e+00
9.380195496212340167e-01, 1.100000000000000089e+00, 1.012088808477852764e+00
9.703650513323111015e-01, 1.100000000000000089e+00, 1.014791987080317925e+00
9.865378021878495884e-01, 1.100000000000000089e+00, 1.013767134638915879e+00
1.002710553043388186e+00, 1.100000000000000089e+00, 1.009028454509310002e+00
1.010796928471157319e+00, 1.100000000000000089e+00, 1.002712731382366496e+00
1.014840116185041996e+00, 1.100000000000000089e+00, 9.967322946425783980e-01
1.018883303898926673e+00, 1.100000000000000089e+00, 9.914202511824532493e-01
1.026969679326696028e+00, 1.100000000000000089e+00, 9.831845977679452009e-01
1.059315181037773002e+00, 1.100000000000000089e+00, 9.563847922158289494e-01
1.091660682748849975e+00, 1.100000000000000089e+00, 9.339775126580109887e-01
1.124006184459926949e+00, 1.100000000000000089e+00, 9.138690353673303290e-01
1.156351686171004145e+00, 1.100000000000000089e+00, 8.953726045349872376e-01
1.188697187882081119e+00, 1.100000000000000089e+00, 8.781308084540198067e-01
1.221042689593158093e+00, 1.100000000000000089e+00, 8.619139236617566757e-01
1.253388191304235288e+00, 1.100000000000000089e+00, 8.465579630186501614e-01
1.285733693015312262e+00, 1.100000000000000089e+00, 8.319390484819265685e-01
1.318079194726389236e+00, 1.100000000000000089e+00, 8.179603363057560417e-01
1.350424696437466210e+00, 1.100000000000000089e+00, 8.045443188828942382e-01
1.382770198148543406e+00, 1.100000000000000089e+00, 7.916278505930016696e-01
1.415115699859620380e+00, 1.100000000000000089e+00, 7.791587359163756332e-01
1.447461201570697353e+00, 1.100000000000000089e+00, 7.670932943265633686e-01
1.479806703281774549e+00, 1.100000000000000089e+00, 7.553945728417494898e-01
1.512152204992851523e+00, 1.100000000000000089e+00, 7.440310058091982315e-01
1.544497706703928497e+00, 1.100000000000000089e+00, 7.329753927152712345e-01
1.576843208415005471e+00, 1.100000000000000089e+00, 7.222041072632214842e-01
1.609188710126082666e+00, 1.100000000000000089e+00, 7.116964776880468913e-01
1.641534211837159640e+00, 1.100000000000000089e+00, 7.014342957975172599e-01
1.673879713548236614e+00, 1.100000000000000089e+00, 6.914014240664351219e-01
1.706225215259313588e+00, 1.100000000000000089e+00, 6.815834783007604925e-01
1.738570716970390784e+00, 1.100000000000000089e+00, 6.719675691639673820e-01
1.770916218681467758e+00, 1.100000000000000089e+00, 6.625420899974167055e-01
1.803261720392544731e+00, 1.100000000000000089e+00, 6.532965413754487916e-01
1.835607222103621927e+00, 1.100000000000000089e+00, 6.442213850507969575e-01
1.867952723814698901e+00, 1.100000000000000089e+00, 6.353079215945135472e-01
1.900298225525775875e+00, 1.100000000000000089e+00, 6.265481872752275416e-01
1.932643727236852849e+00, 1.100000000000000089e+00, 6.179348666645770871e-01
1.964989228947930044e+00, 1.100000000000000089e+00, 6.094612181776883908e-01
1.997334730659007018e+00, 1.100000000000000089e+00, 6.011210103157763607e-01
2.029680232370083992e+00, 1.100000000000000089e+00, 5.929084668124487978e-01
2.062025734081160966e+00, 1.100000000000000089e+00, 5.848182192265107826e-01
2.094371235792237940e+00, 1.100000000000000089e+00, 5.768452657934258765e-01
2.126716737503315358e+00, 1.100000000000000089e+00, 5.689849355620093529e-01
2.159062239214392331e+00, 1.100000000000000089e+00, 5.612328570143194639e-01
2.191407740925469305e+00, 1.100000000000000089e+00, 5.535849305047567670e-01
2.223753242636546279e+00, 1.100000000000000089e+00, 5.460373039660710859e-01
2.256098744347623253e+00, 1.100000000000000089e+00, 5.385863514207475111e-01
2.288444246058700227e+00, 1.100000000000000089e+00, 5.312286539105537386e-01
2.320789747769777200e+00, 1.100000000000000089e+00, 5.239609825180555625e-01
2.353135249480854618e+00, 1.100000000000000089e+00, 5.167802832040331307e-01
2.385480751191931592e+00, 1.100000000000000089e+00, 5.096836632266799061e-01
2.417826252903008566e+00, 1.100000000000000089e+00, 5.026683789428619820e-01
2.450171754614085540e+00, 1.100000000000000089e+00, 4.957318248209013345e-01
2.482517256325162514e+00, 1.100000000000000089e+00, 4.888715235184151742e-01
2.514862758036239487e+00, 1.100000000000000089e+00, 4.820851168992853486e-01
2.547208259747316461e+00, 1.100000000000000089e+00, 4.753703578810906660e-01
2.579553761458393879e+00, 1.100000000000000089e+00, 4.687251030187130074e-01
3.881460205329244628e-01, 1.388900000000000023e+00, 7.511285979541189040e-01
4.204915222440014921e-01, 1.388900000000000023e+00, 7.735438713294160440e-01
4.528370239550785215e-01, 1.388900000000000023e+00, 7.943973939910401461e-01
4.851825256661555508e-01, 1.388900000000000023e+00, 8.141487211864225637e-01
5.175280273772325801e-01, 1.388900000000000023e+00, 8.329698939959668813e-01
5.498735290883096649e-01, 1.388900000000000023e+00, 8.509305170488978831e-01
5.822190307993866387e-01, 1.388900000000000023e+00, 8.680634998736280750e-01
6.145645325104637235e-01, 1.388900000000000023e+00, 8.843878363804289489e-01
6.469100342215406974e-01, 1.388900000000000023e+00, 8.999154660209395251e-01
6.792555359326177822e-01, 1.388900000000000023e+00, 9.146520936293243143e-01
7.116010376436948670e-01, 1.388900000000000023e+00, 9.285955290011029817e-01
7.439465393547718408e-01, 1.388900000000000023e+00, 9.417326303161855927e-01
7.762920410658489256e-01, 1.388900000000000023e+00, 9.540348054722631588e-01
8.086375427769258994e-01, 1.388900000000000023e+00, 9.654512359638436347e-01
8.409830444880029843e-01, 1.388900000000000023e+00, 9.758979377617023054e-01
8.733285461990799581e-01, 1.388900000000000023e+00, 9.852386843896567825e-01
9.056740479101570429e-01, 1.388900000000000023e+00, 9.932489794310083164e-01
9.380195496212340167e-01, 1.388900000000000023e+00, 9.995421475008354761e-01
9.703650513323111015e-01, 1.388900000000000023e+00, 1.003402101808674063e+00
1.002710553043388186e+00, 1.388900000000000023e+00, 1.003334319533496943e+00
1.018883303898926673e+00, 1.388900000000000023e+00, 1.000818937982905332e+00
1.035056054754465160e+00, 1.388900000000000023e+00, 9.954852480121149094e-01
1.051228805610003647e+00, 1.388900000000000023e+00, 9.860152336896447212e-01
1.067401556465542134e+00, 1.388900000000000023e+00, 9.733159852779829091e-01
1.083574307321080843e+00, 1.388900000000000023e+00, 9.608745951746711089e-01
1.115919809032157817e+00, 1.388900000000000023e+00, 9.383378055694957531e-01
1.148265310743234791e+00, 1.388900000000000023e+00, 9.179307516675088152e-01
1.180610812454311764e+00, 1.388900000000000023e+00, 8.991081469144549532e-01
1.212956314165388960e+00, 1.388900000000000023e+00, 8.815544928645152600e-01
1.245301815876465934e+00, 1.388900000000000023e+00, 8.650493829402509105e-01
1.277647317587542908e+00, 1.388900000000000023e+00, 8.494285409534325648e-01
1.309992819298620104e+00, 1.388900000000000023e+00, 8.345652806605133867e-01
1.342338321009697077e+00, 1.388900000000000023e+00, 8.203596462637916531e-01
1.374683822720774051e+00, 1.388900000000000023e+00, 8.067313651374466987e-01
1.407029324431851025e+00, 1.388900000000000023e+00, 7.936150073842733743e-01
1.439374826142928221e+00, 1.388900000000000023e+00, 7.809565425694015017e-01
1.471720327854005195e+00, 1.388900000000000023e+00, 7.687108300671117167e-01
1.504065829565082169e+00, 1.388900000000000023e+00, 7.568397553307357750e-01
1.536411331276159142e+00, 1.388900000000000023e+00, 7.453108241393322508e-01
1.568756832987236338e+00, 1.388900000000000023e+00, 7.340960877676904195e-01
1.601102334698313312e+00, 1.388900000000000023e+00, 7.231713110621384999e-01
1.633447836409390286e+00, 1.388900000000000023e+00, 7.125153212792821877e-01
1.665793338120467482e+00, 1.388900000000000023e+00, 7.021094931162692454e-01
1.698138839831544455e+00, 1.388900000000000023e+00, 6.919373375218195177e-01
1.730484341542621429e+00, 1.388900000000000023e+00, 6.819841704258298165e-01
1.762829843253698403e+00, 1.388900000000000023e+00, 6.722368436179516626e-01
1.795175344964775599e+00, 1.388900000000000023e+00, 6.626835244011848314e-01
1.827520846675852573e+00, 1.388900000000000023e+00, 6.533135138546025678e-01
1.859866348386929547e+00, 1.388900000000000023e+00, 6.441170959052610057e-01
1.892211850098006742e+00, 1.388900000000000023e+00, 6.350854111719909101e-01
1.924557351809083716e+00, 1.388900000000000023e+00, 6.262103508692207221e-01
1.956902853520160690e+00, 1.388900000000000023e+00, 6.174844670646769673e-01
1.989248355231237664e+00, 1.388900000000000023e+00, 6.089008963542116293e-01
2.021593856942314638e+00, 1.388900000000000023e+00, 6.004532946106048152e-01
2.053939358653392055e+00, 1.388900000000000023e+00, 5.921357809243011916e-01
2.086284860364469029e+00, 1.388900000000000023e+00, 5.839428892150998474e-01
2.118630362075546003e+00, 1.388900000000000023e+00, 5.758695262782430602e-01
2.150975863786622977e+00, 1.388900000000000023e+00, 5.679109352541079625e-01
2.183321365497699951e+00, 1.388900000000000023e+00, 5.600626636905862155e-01
2.215666867208776925e+00, 1.388900000000000023e+00, 5.523205355119552573e-01
2.248012368919853898e+00, 1.388900000000000023e+00, 5.446806263245435042e-01
2.280357870630931316e+00, 1.388900000000000023e+00, 5.371392415842530799e-01
2.312703372342008290e+00, 1.388900000000000023e+00, 5.296928972281234049e-01
2.345048874053085264e+00, 1.388900000000000023e+00, 5.223383024353346338e-01
2.377394375764162238e+00, 1.388900000000000023e+00, 5.150723442352044268e-01
2.409739877475239211e+00, 1.388900000000000023e+00, 5.078920737226312321e-01
2.442085379186316185e+00, 1.388900000000000023e+00, 5.007946936772122992e-01
2.474430880897393159e+00, 1.388900000000000023e+00, 4.937775474121451347e-01
2.506776382608470577e+00, 1.388900000000000023e+00, 4.868381087036725008e-01
2.539121884319547551e+00, 1.388900000000000023e+00, 4.799739726730574141e-01
2.571467386030624525e+00, 1.388900000000000023e+00, 4.731828475104869480e-01
3.881460205329244628e-01, 1.587299999999999933e+00, 7.454651180023250667e-01
4.204915222440014921e-01, 1.587299999999999933e+00, 7.677043167053250183e-01
4.528370239550785215e-01, 1.587299999999999933e+00, 7.883812280148404517e-01
4.851825256661555508e-01, 1.587299999999999933e+00, 8.079553754128994125e-01
5.175280273772325801e-01, 1.587299999999999933e+00, 8.265979496145232641e-01
5.498735290883096649e-01, 1.587299999999999933e+00, 8.443775188980887636e-01
5.822190307993866387e-01, 1.587299999999999933e+00, 8.613260099468340591e-01
6.145645325104637235e-01, 1.587299999999999933e+00, 8.774615860729249039e-01
6.469100342215406974e-01, 1.587299999999999933e+00, 8.927955726771064082e-01
6.792555359326177822e-01, 1.587299999999999933e+00, 9.073333611361704687e-01
7.116010376436948670e-01, 1.587299999999999933e+00, 9.210728970451905750e-01
7.439465393547718408e-01, 1.587299999999999933e+00, 9.340019002702510953e-01
7.762920410658489256e-01, 1.587299999999999933e+00, 9.460938883661766940e-01
8.086375427769258994e-01, 1.587299999999999933e+00, 9.573024122449380613e-01
8.409830444880029843e-01, 1.587299999999999933e+00, 9.675521669826543381e-01
8.733285461990799581e-01, 1.587299999999999933e+00, 9.767243302314260189e-01
9.056740479101570429e-01, 1.587299999999999933e+00, 9.846307795401642027e-01
9.380195496212340167e-01, 1.587299999999999933e+00, 9.909660476211706870e-01
9.703650513323111015e-01, 1.587299999999999933e+00, 9.952129057330223461e-01
1.002710553043388186e+00, 1.587299999999999933e+00, 9.964427236388050391e-01
1.035056054754465160e+00, 1.587299999999999933e+00, 9.928550204070430985e-01
1.051228805610003647e+00, 1.587299999999999933e+00, 9.882738337378543791e-01
1.067401556465542134e+00, 1.587299999999999933e+00, 9.812379231187252637e-01
1.083574307321080843e+00, 1.587299999999999933e+00, 9.717868003949563516e-01
1.099747058176619330e+00, 1.587299999999999933e+00, 9.609266967579409569e-01
1.132092559887696304e+00, 1.587299999999999933e+00, 9.393119356563228717e-01
1.164438061598773277e+00, 1.587299999999999933e+00, 9.192016151735821206e-01
1.196783563309850473e+00, 1.587299999999999933e+00, 9.004537925196077763e-01
1.229129065020927447e+00, 1.587299999999999933e+00, 8.828748365138971987e-01
1.261474566732004421e+00, 1.587299999999999933e+00, 8.662989728936134615e-01
1.293820068443081395e+00, 1.587299999999999933e+00, 8.505869251983685375e-01
1.326165570154158591e+00, 1.587299999999999933e+00, 8.356238236388990881e-01
1.358511071865235564e+00, 1.587299999999999933e+00, 8.213154707032691570e-01
1.390856573576312538e+00, 1.587299999999999933e+00, 8.075844518937869143e-01
1.423202075287389734e+00, 1.587299999999999933e+00, 7.943667553452742336e-01
1.455547576998466708e+00, 1.587299999999999933e+00, 7.816090330105959216e-01
1.487893078709543682e+00, 1.587299999999999933e+00, 7.692664437771157271e-01
1.520238580420620655e+00, 1.587299999999999933e+00, 7.573009718212129204e-01
1.552584082131697851e+00, 1.587299999999999933e+00, 7.456801170311648796e-01
1.584929583842774825e+00, 1.587299999999999933e+00, 7.343758717823595239e-01
1.617275085553851799e+00, 1.587299999999999933e+00, 7.233639169226262489e-01
1.649620587264928773e+00, 1.587299999999999933e+00, 7.126229856853908418e-01
1.681966088976005969e+00, 1.587299999999999933e+00, 7.021343567514283235e-01
1.714311590687082942e+00, 1.587299999999999933e+00, 6.918814471996693749e-01
1.746657092398159916e+00, 1.587299999999999933e+00, 6.818494832261672300e-01
1.779002594109237112e+00, 1.587299999999999933e+00, 6.720252318340398379e-01
1.811348095820314086e+00, 1.587299999999999933e+00, 6.623967806669339708e-01
1.843693597531391060e+00, 1.587299999999999933e+00, 6.529533561272796716e-01
1.876039099242468033e+00, 1.587299999999999933e+00, 6.436851721509994073e-01
1.908384600953545229e+00, 1.587299999999999933e+00, 6.345833036957145845e-01
1.940730102664622203e+00, 1.587299999999999933e+00, 6.256395802808751849e-01
1.973075604375699177e+00, 1.587299999999999933e+00, 6.168464958989622327e-01
2.005421106086776373e+00, 1.587299999999999933e+00, 6.081971323723786016e-01
2.037766607797853347e+00, 1.587299999999999933e+00, 5.996850938164060008e-01
2.070112109508930320e+00, 1.587299999999999933e+00, 5.913044503258954032e-01
2.102457611220007294e+00, 1.587299999999999933e+00, 5.830496893623309251e-01
2.134803112931084268e+00, 1.587299999999999933e+00, 5.749156736016101110e-01
2.167148614642161686e+00, 1.587299999999999933e+00, 5.668976042284459282e-01
2.199494116353238660e+00, 1.587299999999999933e+00, 5.589909888433713947e-01
2.231839618064315633e+00, 1.587299999999999933e+00, 5.511916132933214474e-01
2.264185119775392607e+00, 1.587299999999999933e+00, 5.434955168536544923e-01
2.296530621486469581e+00, 1.587299999999999933e+00, 5.358989702845309289e-01
2.328876123197546555e+00, 1.587299999999999933e+00, 5.283984563620756081e-01
2.361221624908623529e+00, 1.587299999999999933e+00, 5.209906525482181916e-01
2.393567126619700947e+00, 1.587299999999999933e+00, 5.136724155154940297e-01
2.425912628330777920e+00, 1.587299999999999933e+00, 5.064407672862154541e-01
2.458258130041854894e+00, 1.587299999999999933e+00, 4.992928827814218096e-01
2.490603631752931868e+00, 1.587299999999999933e+00, 4.922260786048737180e-01
2.522949133464008842e+00, 1.587299999999999933e+00, 4.852378029123610714e-01
2.555294635175085816e+00, 1.587299999999999933e+00, 4.783256262377203472e-01
2.587640136886162789e+00, 1.587299999999999933e+00, 4.714872331645566517e-01
3.881460205329244628e-01, 1.780000000000000027e+00, 7.399914564328597955e-01
4.204915222440014921e-01, 1.780000000000000027e+00, 7.620614538160447315e-01
4.528370239550785215e-01, 1.780000000000000027e+00, 7.825689736788373763e-01
4.851825256661555508e-01, 1.780000000000000027e+00, 8.019735407881400935e-01
5.175280273772325801e-01, 1.780000000000000027e+00, 8.204455615922267020e-01
5.498735290883096649e-01, 1.780000000000000027e+00, 8.380526507048473572e-01
5.822190307993866387e-01, 1.780000000000000027e+00, 8.548258455020557589e-01
6.145645325104637235e-01, 1.780000000000000027e+00, 8.707825809767847369e-01
6.469100342215406974e-01, 1.780000000000000027e+00, 8.859336772098456159e-01
6.792555359326177822e-01, 1.780000000000000027e+00, 9.002843213976693404e-01
7.116010376436948670e-01, 1.780000000000000027e+00, 9.138326896627423368e-01
7.439465393547718408e-01, 1.780000000000000027e+00, 9.265674077820651444e-01
7.762920410658489256e-01, 1.780000000000000027e+00, 9.384640130597805552e-01
8.086375427769258994e-01, 1.780000000000000027e+00, 9.494800049440136336e-01
8.409830444880029843e-01, 1.780000000000000027e+00, 9.595475242237589963e-01
8.733285461990799581e-01, 1.780000000000000027e+00, 9.685618571432134116e-01
9.056740479101570429e-01, 1.780000000000000027e+00, 9.763624054269102182e-01
9.380195496212340167e-01, 1.780000000000000027e+00, 9.826998680277404530e-01
9.703650513323111015e-01, 1.780000000000000027e+00, 9.871781789182075828e-01
1.002710553043388186e+00, 1.780000000000000027e+00, 9.891496069991715379e-01
1.035056054754465160e+00, 1.780000000000000027e+00, 9.875239815989540482e-01
1.067401556465542134e+00, 1.780000000000000027e+00, 9.805747696409851111e-01
1.099747058176619330e+00, 1.780000000000000027e+00, 9.668413710354806234e-01
1.132092559887696304e+00, 1.780000000000000027e+00, 9.479640289089922289e-01
1.164438061598773277e+00, 1.780000000000000027e+00, 9.282109353409032648e-01
1.196783563309850473e+00, 1.780000000000000027e+00, 9.093079837039822477e-01
1.229129065020927447e+00, 1.780000000000000027e+00, 8.914152947644585767e-01
1.261474566732004421e+00, 1.780000000000000027e+00, 8.744730370453908108e-01
1.293820068443081395e+00, 1.780000000000000027e+00, 8.583874037051976158e-01
1.326165570154158591e+00, 1.780000000000000027e+00, 8.430630068077544781e-01
1.358511071865235564e+00, 1.780000000000000027e+00, 8.284131116679587237e-01
1.390856573576312538e+00, 1.780000000000000027e+00, 8.143622708644783215e-01
1.423202075287389734e+00, 1.780000000000000027e+00, 8.008460075465105854e-01
1.455547576998466708e+00, 1.780000000000000027e+00, 7.878095157844583474e-01
1.487893078709543682e+00, 1.780000000000000027e+00, 7.752061763968609576e-01
1.520238580420620655e+00, 1.780000000000000027e+00, 7.629961827223050719e-01
1.552584082131697851e+00, 1.780000000000000027e+00, 7.511453629751740912e-01
1.584929583842774825e+00, 1.780000000000000027e+00, 7.396242047553632792e-01
1.617275085553851799e+00, 1.780000000000000027e+00, 7.284070591151686758e-01
1.649620587264928773e+00, 1.780000000000000027e+00, 7.174714948268133830e-01
1.681966088976005969e+00, 1.780000000000000027e+00, 7.067977748513777358e-01
1.714311590687082942e+00, 1.780000000000000027e+00, 6.963684309621237523e-01
1.746657092398159916e+00, 1.780000000000000027e+00, 6.861679168122332140e-01
1.779002594109237112e+00, 1.780000000000000027e+00, 6.761823236534730830e-01
1.811348095820314086e+00, 1.780000000000000027e+00, 6.663991461859001264e-01
1.843693597531391060e+00, 1.780000000000000027e+00, 6.568070886560227750e-01
1.876039099242468033e+00, 1.780000000000000027e+00, 6.473959034064824536e-01
1.908384600953545229e+00, 1.780000000000000027e+00, 6.381562557151604365e-01
1.940730102664622203e+00, 1.780000000000000027e+00, 6.290796100384106193e-01
1.973075604375699177e+00, 1.780000000000000027e+00, 6.201581337701058683e-01
2.005421106086776373e+00, 1.780000000000000027e+00, 6.113846154079158879e-01
2.037766607797853347e+00, 1.780000000000000027e+00, 6.027523946299110369e-01
2.070112109508930320e+00, 1.780000000000000027e+00, 5.942553022662154794e-01
2.102457611220007294e+00, 1.780000000000000027e+00, 5.858876085311575110e-01
2.134803112931084268e+00, 1.780000000000000027e+00, 5.776439781838846876e-01
2.167148614642161686e+00, 1.780000000000000027e+00, 5.695194315266105534e-01
2.199494116353238660e+00, 1.780000000000000027e+00, 5.615093103431725297e-01
2.231839618064315633e+00, 1.780000000000000027e+00, 5.536092480363236090e-01
2.264185119775392607e+00, 1.780000000000000027e+00, 5.458151433481447379e-01
2.296530621486469581e+00, 1.780000000000000027e+00, 5.381231371505307282e-01
2.328876123197546555e+00, 1.780000000000000027e+00, 5.305295918761347984e-01
2.361221624908623529e+00, 1.780000000000000027e+00, 5.230310732288155906e-01
2.393567126619700947e+00, 1.780000000000000027e+00, 5.156243338689938671e-01
2.425912628330777920e+00, 1.780000000000000027e+00, 5.083062988159876561e-01
2.458258130041854894e+00, 1.780000000000000027e+00, 5.010740523480631259e-01
2.490603631752931868e+00, 1.780000000000000027e+00, 4.939248262131795131e-01
2.522949133464008842e+00, 1.780000000000000027e+00, 4.868559889904030547e-01
2.555294635175085816e+00, 1.780000000000000027e+00, 4.798650364644960753e-01
2.587640136886162789e+00, 1.780000000000000027e+00, 4.729495828952725578e-01
3.881460205329244628e-01, 1.984100000000000197e+00, 7.342228712259027956e-01
4.204915222440014921e-01, 1.984100000000000197e+00, 7.561155437162737636e-01
4.528370239550785215e-01, 1.984100000000000197e+00, 7.764458795365120070e-01
4.851825256661555508e-01, 1.984100000000000197e+00, 7.956734356530488217e-01
5.175280273772325801e-01, 1.984100000000000197e+00, 8.139678275701193177e-01
5.498735290883096649e-01, 1.984100000000000197e+00, 8.313957099765738601e-01
5.822190307993866387e-01, 1.984100000000000197e+00, 8.479872396774964516e-01
6.145645325104637235e-01, 1.984100000000000197e+00, 8.637591529081068975e-01
6.469100342215406974e-01, 1.984100000000000197e+00, 8.787218172033697261e-01
6.792555359326177822e-01, 1.984100000000000197e+00, 8.928802916632717634e-01
7.116010376436948670e-01, 1.984100000000000197e+00, 9.062330784504423198e-01
7.439465393547718408e-01, 1.984100000000000197e+00, 9.187698106146195975e-01
7.762920410658489256e-01, 1.984100000000000197e+00, 9.304681147221981474e-01
8.086375427769258994e-01, 1.984100000000000197e+00, 9.412893786836885601e-01
8.409830444880029843e-01, 1.984100000000000197e+00, 9.511727488482984993e-01
8.733285461990799581e-01, 1.984100000000000197e+00, 9.600261454358796076e-01
9.056740479101570429e-01, 1.984100000000000197e+00, 9.677122148157912829e-01
9.380195496212340167e-01, 1.984100000000000197e+00, 9.740257488242246575e-01
9.703650513323111015e-01, 1.984100000000000197e+00, 9.786571902266084644e-01
1.002710553043388186e+00, 1.984100000000000197e+00, 9.811345038683744191e-01
1.035056054754465160e+00, 1.984100000000000197e+00, 9.807346945856986187e-01
1.067401556465542134e+00, 1.984100000000000197e+00, 9.764054208481309782e-01
1.099747058176619330e+00, 1.984100000000000197e+00, 9.670741673449877451e-01
1.132092559887696304e+00, 1.984100000000000197e+00, 9.527456729699499416e-01
1.164438061598773277e+00, 1.984100000000000197e+00, 9.352128418211776983e-01
1.196783563309850473e+00, 1.984100000000000197e+00, 9.169635324647914532e-01
1.229129065020927447e+00, 1.984100000000000197e+00, 8.991686622318216804e-01
1.261474566732004421e+00, 1.984100000000000197e+00, 8.821022362210907408e-01
1.293820068443081395e+00, 1.984100000000000197e+00, 8.657933025237547486e-01
1.326165570154158591e+00, 1.984100000000000197e+00, 8.502037173827173833e-01
1.358511071865235564e+00, 1.984100000000000197e+00, 8.352754021384115601e-01
1.390856573576312538e+00, 1.984100000000000197e+00, 8.209472694068797871e-01
1.423202075287389734e+00, 1.984100000000000197e+00, 8.071617991647033197e-01
1.455547576998466708e+00, 1.984100000000000197e+00, 7.938672735140213099e-01
1.487893078709543682e+00, 1.984100000000000197e+00, 7.810181428629062728e-01
1.520238580420620655e+00, 1.984100000000000197e+00, 7.685746328290827822e-01
1.552584082131697851e+00, 1.984100000000000197e+00, 7.565020914719151612e-01
1.584929583842774825e+00, 1.984100000000000197e+00, 7.447702955354752463e-01
1.617275085553851799e+00, 1.984100000000000197e+00, 7.333528049020062722e-01
1.649620587264928773e+00, 1.984100000000000197e+00, 7.222263955354240039e-01
1.681966088976005969e+00, 1.984100000000000197e+00, 7.113705752402400551e-01
1.714311590687082942e+00, 1.984100000000000197e+00, 7.007671759572553505e-01
1.746657092398159916e+00, 1.984100000000000197e+00, 6.904000127616084503e-01
1.779002594109237112e+00, 1.984100000000000197e+00, 6.802545992977453437e-01
1.811348095820314086e+00, 1.984100000000000197e+00, 6.703179102318679305e-01
1.843693597531391060e+00, 1.984100000000000197e+00, 6.605781825696636078e-01
1.876039099242468033e+00, 1.984100000000000197e+00, 6.510247489933941312e-01
1.908384600953545229e+00, 1.984100000000000197e+00, 6.416478975626647152e-01
1.940730102664622203e+00, 1.984100000000000197e+00, 6.324387531465143208e-01
1.973075604375699177e+00, 1.984100000000000197e+00, 6.233891768084511842e-01
2.005421106086776373e+00, 1.984100000000000197e+00, 6.144916800665584100e-01
2.037766607797853347e+00, 1.984100000000000197e+00, 6.057393515201977552e-01
2.070112109508930320e+00, 1.984100000000000197e+00, 5.971257937955104511e-01
2.102457611220007294e+00, 1.984100000000000197e+00, 5.886450691338929175e-01
2.134803112931084268e+00, 1.984100000000000197e+00, 5.802916522480018324e-01
2.167148614642161686e+00, 1.984100000000000197e+00, 5.720603893126193773e-01
2.199494116353238660e+00, 1.984100000000000197e+00, 5.639464621544593159e-01
2.231839618064315633e+00, 1.984100000000000197e+00, 5.559453568647372279e-01
2.264185119775392607e+00, 1.984100000000000197e+00, 5.480528361884436928e-01
2.296530621486469581e+00, 1.984100000000000197e+00, 5.402649151506440095e-01
2.328876123197546555e+00, 1.984100000000000197e+00, 5.325778394672984195e-01
2.361221624908623529e+00, 1.984100000000000197e+00, 5.249880663598279762e-01
2.393567126619700947e+00, 1.984100000000000197e+00, 5.174922474519199067e-01
2.425912628330777920e+00, 1.984100000000000197e+00, 5.100872134760667809e-01
2.458258130041854894e+00, 1.984100000000000197e+00, 5.027699605581943398e-01
2.490603631752931868e+00, 1.984100000000000197e+00, 4.955376378827091033e-01
2.522949133464008842e+00, 1.984100000000000197e+00, 4.883875365687788128e-01
2.555294635175085816e+00, 1.984100000000000197e+00, 4.813170796126348128e-01
2.587640136886162789e+00, 1.984100000000000197e+00, 4.743238127707130047e-01
