Tr,model_uncorrected,model_corrected,bias,upper,lower
0.388098318,1.298761236,0.762556882,-0.536204354,0.762890746,0.762223018
0.390299743,1.297151333,0.763780183,-0.53337115,0.764104585,0.763455781
0.392501169,1.295549423,0.765012194,-0.530537229,0.765327509,0.764696879
0.394702594,1.293955408,0.76625269,-0.527702717,0.766559283,0.765946098
0.396904019,1.292369191,0.767501448,-0.524867743,0.767799672,0.767203224
0.399105444,1.290790678,0.768758246,-0.522032431,0.769048446,0.768468046
0.40130687,1.289219775,0.770022865,-0.51919691,0.770305375,0.769740355
0.403508295,1.287656393,0.771295088,-0.516361305,0.771570233,0.771019943
0.40570972,1.28610044,0.772574697,-0.513525742,0.772842793,0.772306602
0.407911145,1.284551828,0.77386148,-0.510690348,0.774122831,0.773600128
0.410112571,1.283010471,0.775155222,-0.507855249,0.775410127,0.774900317
0.412313996,1.281476284,0.776455714,-0.50502057,0.77670446,0.776206968
0.414515421,1.279949182,0.777762745,-0.502186437,0.778005611,0.777519878
0.416716846,1.278429083,0.779076107,-0.499352975,0.779313365,0.77883885
0.418918271,1.276915906,0.780395595,-0.496520311,0.780627506,0.780163685
0.421119697,1.275409572,0.781721004,-0.493688567,0.781947822,0.781494187
0.423321122,1.273910001,0.78305213,-0.490857871,0.783274101,0.78283016
0.425522547,1.272417117,0.784388772,-0.488028345,0.784606133,0.784171411
0.427723972,1.270930845,0.785730729,-0.485200115,0.785943711,0.785517748
0.429925398,1.269451108,0.787077804,-0.482373305,0.787286629,0.786868978
0.432126823,1.267977835,0.788429797,-0.479548038,0.788634681,0.788224914
0.434328248,1.266510952,0.789786514,-0.476724438,0.789987664,0.789585365
0.436529673,1.265050389,0.791147761,-0.473902628,0.791345378,0.790950144
0.438731098,1.263596076,0.792513344,-0.471082732,0.792707621,0.792319067
0.440932524,1.262147943,0.793883072,-0.468264872,0.794074196,0.793691947
0.443133949,1.260705924,0.795256754,-0.465449171,0.795444906,0.795068601
0.445335374,1.259269952,0.796634202,-0.46263575,0.796819555,0.796448848
0.447536799,1.25783996,0.798015228,-0.459824732,0.79819795,0.797832505
0.449738225,1.256415885,0.799399646,-0.457016239,0.799579898,0.799219394
0.45193965,1.254997662,0.800787271,-0.454210391,0.800965208,0.800609334
0.454141075,1.253585229,0.80217792,-0.451407309,0.802353691,0.80200215
0.4563425,1.252178525,0.803571411,-0.448607114,0.803745159,0.803397663
0.458543926,1.250777489,0.804967563,-0.445809926,0.805139426,0.8047957
0.460745351,1.249382061,0.806366196,-0.443015865,0.806536306,0.806196086
0.462946776,1.247992181,0.807767132,-0.440225049,0.807935616,0.807598648
0.465148201,1.246607793,0.809170194,-0.437437599,0.809337173,0.809003215
0.467349626,1.245228839,0.810575206,-0.434653633,0.810740797,0.810409616
0.469551052,1.243855263,0.811981994,-0.431873269,0.812146308,0.81181768
0.471752477,1.24248701,0.813390385,-0.429096625,0.813553529,0.813227241
0.473953902,1.241124024,0.814800206,-0.426323817,0.814962282,0.814638131
0.476155327,1.239766252,0.816211287,-0.423554964,0.816372392,0.816050183
0.478356753,1.238413641,0.817623459,-0.420790182,0.817783685,0.817463232
0.480558178,1.237066139,0.819036552,-0.418029587,0.819195989,0.818877115
0.482759603,1.235723694,0.8204504,-0.415273294,0.820609132,0.820291669
0.484961028,1.234386256,0.821864838,-0.412521418,0.822022944,0.821706731
0.487162454,1.233053774,0.823279699,-0.409774075,0.823437256,0.823122142
0.489363879,1.2317262,0.824694822,-0.407031379,0.824851902,0.824537741
0.491565304,1.230403485,0.826110043,-0.404293443,0.826266715,0.825953371
0.493766729,1.229085581,0.827525201,-0.40156038,0.82768153,0.827368873
0.495968154,1.227772441,0.828940138,-0.398832303,0.829096184,0.828784091
0.49816958,1.226464018,0.830354693,-0.396109325,0.830510515,0.830198871
0.500371005,1.225160267,0.831768709,-0.393391558,0.831924362,0.831613057
0.50257243,1.223861142,0.833182031,-0.390679111,0.833337565,0.833026497
0.504773855,1.222566599,0.834594502,-0.387972097,0.834749965,0.834439038
0.506975281,1.221276593,0.836005968,-0.385270625,0.836161407,0.83585053
0.509176706,1.219991082,0.837416278,-0.382574804,0.837571734,0.837260822
0.511378131,1.218710023,0.838825279,-0.379884744,0.838980791,0.838669766
0.513579556,1.217433373,0.84023282,-0.377200553,0.840388426,0.840077213
0.515780981,1.216161091,0.841638752,-0.374522339,0.841794485,0.841483018
0.517982407,1.214893136,0.843042926,-0.37185021,0.843198819,0.842887034
0.520183832,1.213629468,0.844445197,-0.369184271,0.844601278,0.844289116
0.522385257,1.212370046,0.845845417,-0.366524629,0.846001712,0.845689122
0.524586682,1.211114831,0.847243442,-0.363871389,0.847399977,0.847086907
0.526788108,1.209863785,0.848639128,-0.361224657,0.848795924,0.848482332
0.528989533,1.208616869,0.850032333,-0.358584536,0.85018941,0.849875255
0.531190958,1.207374045,0.851422914,-0.355951131,0.851580292,0.851265537
0.533392383,1.206135276,0.852810733,-0.353324543,0.852968426,0.85265304
0.535593809,1.204900526,0.854195649,-0.350704876,0.854353672,0.854037627
0.537795234,1.203669757,0.855577526,-0.348092232,0.855735891,0.85541916
0.539996659,1.202442934,0.856956224,-0.34548671,0.857114943,0.856797506
0.542198084,1.201220022,0.858331611,-0.342888412,0.858490692,0.858172529
0.544399509,1.200000986,0.859703549,-0.340297437,0.859863,0.859544098
0.546600935,1.198785791,0.861071906,-0.337713884,0.861231733,0.86091208
0.54880236,1.197574403,0.862436551,-0.335137852,0.862596758,0.862276343
0.551003785,1.196366788,0.86379735,-0.332569438,0.863957941,0.863636759
0.55320521,1.195162915,0.865154175,-0.33000874,0.865315152,0.864993198
0.555406636,1.193962749,0.866506896,-0.327455853,0.866668259,0.866345533
0.557608061,1.192766258,0.867855386,-0.324910872,0.868017135,0.867693637
0.559809486,1.191573411,0.869199518,-0.322373894,0.86936165,0.869037385
0.562010911,1.190384177,0.870539165,-0.319845011,0.87070168,0.870376651
0.564212337,1.189198523,0.871874205,-0.317324318,0.872037097,0.871711313
0.566413762,1.188016419,0.873204513,-0.314811906,0.873367778,0.873041248
0.568615187,1.186837836,0.874529967,-0.312307869,0.8746936,0.874366334
0.570816612,1.185662742,0.875850446,-0.309812296,0.876014441,0.875686452
0.573018037,1.184491109,0.877165831,-0.307325278,0.877330179,0.877001483
0.575219463,1.183322907,0.878476002,-0.304846905,0.878640697,0.878311307
0.577420888,1.182158108,0.879780842,-0.302377266,0.879945874,0.879615809
0.579622313,1.180996683,0.881080233,-0.299916449,0.881245594,0.880914873
0.581823738,1.179838603,0.882374062,-0.297464541,0.882539742,0.882208382
0.584025164,1.178683841,0.883662213,-0.295021628,0.883828201,0.883496225
0.586226589,1.17753237,0.884944573,-0.292587797,0.885110859,0.884778287
0.588428014,1.176384162,0.88622103,-0.290163132,0.886387602,0.886054459
0.590629439,1.175239191,0.887491474,-0.287747717,0.88765832,0.887324628
0.592830864,1.17409743,0.888755794,-0.285341636,0.888922903,0.888588685
0.59503229,1.172958853,0.890013882,-0.282944971,0.890181241,0.889846523
0.597233715,1.171823434,0.89126563,-0.280557804,0.891433226,0.891098034
0.59943514,1.170691148,0.892510932,-0.278180216,0.892678752,0.892343112
0.601636565,1.169561969,0.893749682,-0.275812286,0.893917714,0.893581651
0.603837991,1.168435872,0.894981778,-0.273454095,0.895150006,0.894813549
0.606039416,1.167312833,0.896207114,-0.271105719,0.896375527,0.896038702
0.608240841,1.166192828,0.89742559,-0.268767238,0.897594173,0.897257008
0.610442266,1.165075832,0.898637105,-0.266438727,0.898805844,0.898468366
0.612643692,1.163961822,0.89984156,-0.264120262,0.900010441,0.899672678
0.614845117,1.162850774,0.901038855,-0.261811919,0.901207864,0.900869845
0.617046542,1.161742664,0.902228893,-0.259513771,0.902398017,0.90205977
0.619247967,1.160637471,0.903411579,-0.257225892,0.903580803,0.903242355
0.621449392,1.15953517,0.904586817,-0.254948353,0.904756127,0.904417507
0.623650818,1.158435741,0.905754513,-0.252681227,0.905923895,0.905585131
0.625852243,1.15733916,0.906914575,-0.250424584,0.907084015,0.906745135
0.628053668,1.156245405,0.908066911,-0.248178494,0.908236395,0.907897426
0.630255093,1.155154456,0.90921143,-0.245943026,0.909380945,0.909041914
0.632456519,1.15406629,0.910348043,-0.243718247,0.910517575,0.91017851
0.634657944,1.152980886,0.911476661,-0.241504225,0.911646198,0.911307125
0.636859369,1.151898224,0.912597199,-0.239301025,0.912766725,0.912427672
0.639060794,1.150818282,0.913709568,-0.237108714,0.913879073,0.913540064
0.64126222,1.149741041,0.914813686,-0.234927355,0.914983155,0.914644217
0.643463645,1.148666479,0.915909468,-0.232757011,0.916078889,0.915740048
0.64566507,1.147594578,0.916996832,-0.230597746,0.917166192,0.916827472
0.647866495,1.146525316,0.918075695,-0.228449621,0.918244982,0.917906408
0.65006792,1.145458675,0.919145979,-0.226312696,0.919315181,0.918976776
0.652269346,1.144394635,0.920207603,-0.224187032,0.920376709,0.920038497
0.654470771,1.143333178,0.921260491,-0.222072687,0.921429489,0.921091492
0.656672196,1.142274283,0.922304564,-0.219969719,0.922473443,0.922135685
0.658873621,1.141217932,0.923339747,-0.217878185,0.923508497,0.923170998
0.661075047,1.140164107,0.924365967,-0.215798141,0.924534576,0.924197358
0.663276472,1.13911279,0.925383148,-0.213729642,0.925551606,0.92521469
0.665477897,1.138063961,0.92639122,-0.211672742,0.926559517,0.926222922
0.667679322,1.137017604,0.92739011,-0.209627494,0.927558238,0.927221982
0.669880748,1.135973701,0.928379749,-0.207593952,0.928547698,0.928211801
0.672082173,1.134932234,0.929360068,-0.205572165,0.929527829,0.929192308
0.674283598,1.133893185,0.930331,-0.203562185,0.930498563,0.930163437
0.676485023,1.132856538,0.931292477,-0.201564061,0.931459835,0.931125119
0.678686448,1.131822275,0.932244434,-0.199577841,0.93241158,0.932077289
0.680887874,1.13079038,0.933186808,-0.197603572,0.933353732,0.933019883
0.683089299,1.129760836,0.934119534,-0.195641302,0.93428623,0.933952837
0.685290724,1.128733626,0.93504255,-0.193691076,0.935209012,0.934876088
0.687492149,1.127708735,0.935955797,-0.191752938,0.936122018,0.935789576
0.689693575,1.126686145,0.936859213,-0.189826932,0.937025187,0.93669324
0.691895,1.125665842,0.937752741,-0.187913101,0.937918462,0.937587021
0.694096425,1.124647809,0.938636323,-0.186011486,0.938801785,0.938470861
0.69629785,1.123632031,0.939509902,-0.184122129,0.939675101,0.939344704
0.698499275,1.122618492,0.940373424,-0.182245068,0.940538354,0.940208494
0.700700701,1.121607177,0.941226834,-0.180380344,0.941391491,0.941062176
0.702902126,1.120598071,0.942070079,-0.178527993,0.942234459,0.941905698
0.705103551,1.119591159,0.942903107,-0.176688052,0.943067207,0.942739007
0.707304976,1.118586426,0.943725868,-0.174860558,0.943889684,0.943562052
0.709506402,1.117583857,0.944538312,-0.173045544,0.944701842,0.944374783
0.711707827,1.116583437,0.945340391,-0.171243047,0.945503631,0.945177151
0.713909252,1.115585154,0.946132057,-0.169453097,0.946295005,0.945969109
0.716110677,1.114588991,0.946913264,-0.167675727,0.947075918,0.94675061
0.718312103,1.113594935,0.947683967,-0.165910968,0.947846326,0.947521609
0.720513528,1.112602973,0.948444122,-0.16415885,0.948606184,0.948282061
0.722714953,1.111613089,0.949193687,-0.162419403,0.94935545,0.949031923
0.724916378,1.110625272,0.949932618,-0.160692653,0.950094083,0.949771153
0.727117803,1.109639506,0.950660877,-0.158978629,0.950822042,0.950499711
0.729319229,1.108655779,0.951378423,-0.157277356,0.951539289,0.951217556
0.731520654,1.107674077,0.952085217,-0.15558886,0.952245784,0.95192465
0.733722079,1.106694388,0.952781224,-0.153913164,0.952941492,0.952620956
0.735923504,1.105716698,0.953466405,-0.152250292,0.953626375,0.953306436
0.73812493,1.104740994,0.954140728,-0.150600266,0.9543004,0.953981055
0.740326355,1.103767264,0.954804156,-0.148963107,0.954963533,0.954644779
0.74252778,1.102795494,0.955456659,-0.147338836,0.955615741,0.955297576
0.744729205,1.101825673,0.956098203,-0.145727471,0.956256992,0.955939413
0.746930631,1.100857789,0.956728758,-0.144129031,0.956887257,0.956570258
0.749132056,1.099891828,0.957348294,-0.142543533,0.957506505,0.957190084
0.751333481,1.098927778,0.957956784,-0.140970994,0.958114709,0.957798859
0.753534906,1.097965629,0.9585542,-0.139411429,0.958711841,0.958396558
0.755736331,1.097005367,0.959140515,-0.137864852,0.959297876,0.958983154
0.757937757,1.096046981,0.959715704,-0.136331277,0.959872788,0.95955862
0.760139182,1.095090459,0.960279743,-0.134810716,0.960436553,0.960122933
0.762340607,1.09413579,0.960832609,-0.13330318,0.960989149,0.96067607
0.764542032,1.093182962,0.961374281,-0.131808681,0.961530554,0.961218008
0.766743458,1.092231964,0.961904736,-0.130327227,0.962060746,0.961748726
0.768944883,1.091282784,0.962423956,-0.128858828,0.962579707,0.962268205
0.771146308,1.090335412,0.962931921,-0.127403491,0.963087418,0.962776425
0.773347733,1.089389837,0.963428615,-0.125961222,0.963583861,0.963273368
0.775549158,1.088446047,0.963914019,-0.124532028,0.96406902,0.963759018
0.777750584,1.087504031,0.964388119,-0.123115912,0.964542879,0.96423336
0.779952009,1.08656378,0.9648509,-0.121712879,0.965005424,0.964696377
0.782153434,1.085625282,0.965302349,-0.120322933,0.965456641,0.965148058
0.784354859,1.084688527,0.965742453,-0.118946073,0.965896519,0.965588388
0.786556285,1.083753504,0.966171202,-0.117582302,0.966325045,0.966017358
0.78875771,1.082820203,0.966588583,-0.11623162,0.966742211,0.966434955
0.790959135,1.081888614,0.966994589,-0.114894025,0.967148006,0.966841172
0.79316056,1.080958727,0.967389211,-0.113569516,0.967542422,0.967235999
0.795361986,1.080030532,0.967772441,-0.11225809,0.967925453,0.96761943
0.797563411,1.079104018,0.968144274,-0.110959743,0.968297091,0.967991457
0.799764836,1.078179176,0.968504705,-0.109674471,0.968657333,0.968352077
0.801966261,1.077255996,0.968853728,-0.108402267,0.969006173,0.968701284
0.804167686,1.076334468,0.969191342,-0.107143126,0.969343609,0.969039075
0.806369112,1.075414584,0.969517544,-0.10589704,0.969669639,0.969365448
0.808570537,1.074496332,0.969832332,-0.104664001,0.969984261,0.969680402
0.810771962,1.073579705,0.970135707,-0.103443998,0.970287476,0.969983938
0.812973387,1.072664692,0.970427669,-0.102237023,0.970579284,0.970276054
0.815174813,1.071751284,0.970708221,-0.101043063,0.970859687,0.970556755
0.817376238,1.070839473,0.970977365,-0.099862108,0.971128688,0.970826041
0.819577663,1.069929248,0.971235104,-0.098694144,0.97138629,0.971083918
0.821779088,1.069020602,0.971481445,-0.097539157,0.9716325,0.97133039
0.823980514,1.068113524,0.971716392,-0.096397132,0.971867322,0.971565463
0.826181939,1.067208007,0.971939953,-0.095268055,0.972090762,0.971789143
0.828383364,1.066304042,0.972152134,-0.094151908,0.97230283,0.972001438
0.830584789,1.065401619,0.972352945,-0.093048674,0.972503533,0.972202357
0.832786214,1.064500731,0.972542396,-0.091958335,0.972692881,0.97239191
0.83498764,1.063601368,0.972720496,-0.090880872,0.972870885,0.972570107
0.837189065,1.062703523,0.972887258,-0.089816265,0.973037555,0.97273696
0.83939049,1.061807186,0.973042693,-0.088764493,0.973192905,0.972892481
0.841591915,1.06091235,0.973186816,-0.087725534,0.973336948,0.973036684
0.843793341,1.060019006,0.97331964,-0.086699366,0.973469697,0.973169583
0.845994766,1.059127147,0.973441181,-0.085685965,0.973591169,0.973291194
0.848196191,1.058236763,0.973551456,-0.084685307,0.973701379,0.973401532
0.850397616,1.057347847,0.97365048,-0.083697368,0.973800344,0.973500615
0.852599041,1.056460392,0.973738272,-0.08272212,0.973888083,0.973588461
0.854800467,1.055574389,0.973814851,-0.081759538,0.973964613,0.973665088
0.857001892,1.05468983,0.973880236,-0.080809594,0.974029955,0.973730518
0.859203317,1.053806707,0.973934449,-0.079872258,0.974084129,0.97378477
0.861404742,1.052925014,0.973977511,-0.078947503,0.974127156,0.973827866
0.863606168,1.052044742,0.974009444,-0.078035298,0.97415906,0.973859828
0.865807593,1.051165884,0.974030271,-0.077135613,0.974179862,0.973880681
0.868009018,1.050288432,0.974040018,-0.076248414,0.974189588,0.973890447
0.870210443,1.049412379,0.974038708,-0.075373671,0.974188262,0.973889154
0.872411869,1.048537717,0.974026367,-0.07451135,0.974175909,0.973876825
0.874613294,1.04766444,0.974003023,-0.073661417,0.974152557,0.973853489
0.876814719,1.04679254,0.973968703,-0.072823837,0.974118233,0.973819173
0.879016144,1.045922009,0.973923435,-0.071998574,0.974072965,0.973773905
0.881217569,1.045052841,0.973867249,-0.071185592,0.974016783,0.973717715
0.883418995,1.044185029,0.973800174,-0.070384855,0.973949715,0.973650633
0.88562042,1.043318566,0.973722242,-0.069596324,0.973871794,0.97357269
0.887821845,1.042453444,0.973633484,-0.06881996,0.97378305,0.973483918
0.89002327,1.041589657,0.973533932,-0.068055725,0.973683515,0.973384349
0.892224696,1.040727198,0.97342362,-0.067303578,0.973573224,0.973274017
0.894426121,1.03986606,0.973302583,-0.066563478,0.97345221,0.973152955
0.896627546,1.039006237,0.973170853,-0.065835384,0.973320507,0.9730212
0.898828971,1.038147722,0.973028469,-0.065119253,0.973178151,0.972878786
0.901030397,1.037290508,0.972875465,-0.064415043,0.973025179,0.972725751
0.903231822,1.036434588,0.972711879,-0.06372271,0.972861626,0.972562131
0.905433247,1.035579958,0.972537749,-0.063042209,0.972687532,0.972387965
0.907634672,1.034726608,0.972353113,-0.062373495,0.972502935,0.972203291
0.909836097,1.033874535,0.972158011,-0.061716524,0.972307873,0.972008149
0.912037523,1.03302373,0.971952483,-0.061071247,0.972102388,0.971802579
0.914238948,1.032174188,0.97173657,-0.060437618,0.971886518,0.971586622
0.916440373,1.031325903,0.971510314,-0.05981559,0.971660307,0.97136032
0.918641798,1.030478869,0.971273756,-0.059205113,0.971423796,0.971123715
0.920843224,1.029633078,0.97102694,-0.058606138,0.971177028,0.970876851
0.923044649,1.028788526,0.970769909,-0.058018617,0.970920047,0.970619771
0.925246074,1.027945206,0.970502708,-0.057442498,0.970652897,0.97035252
0.927447499,1.027103112,0.970225382,-0.05687773,0.970375622,0.970075142
0.929648924,1.026262239,0.969937977,-0.056324262,0.970088268,0.969787685
0.93185035,1.02542258,0.969640538,-0.055782042,0.969790883,0.969490194
0.934051775,1.02458413,0.969333114,-0.055251016,0.969483511,0.969182716
0.9362532,1.023746882,0.969015751,-0.054731131,0.969166202,0.9688653
0.938454625,1.022910831,0.968688499,-0.054222332,0.968839004,0.968537994
0.940656051,1.022075972,0.968351406,-0.053724566,0.968501965,0.968200847
0.942857476,1.021242299,0.968004522,-0.053237777,0.968155134,0.967853909
0.945058901,1.020409805,0.967647897,-0.052761909,0.967798563,0.96749723
0.947260326,1.019578486,0.967281581,-0.052296905,0.967432301,0.967130862
0.949461752,1.018748336,0.966905628,-0.051842709,0.9670564,0.966754855
0.951663177,1.01791935,0.966520088,-0.051399262,0.966670912,0.966369263
0.953864602,1.017091522,0.966125014,-0.050966508,0.96627589,0.965974137
0.956066027,1.016264846,0.965720459,-0.050544387,0.965871387,0.965569532
0.958267452,1.015439318,0.965306478,-0.05013284,0.965457456,0.9651555
0.960468878,1.014614932,0.964883125,-0.049731807,0.965034152,0.964732098
0.962670303,1.013791683,0.964450454,-0.049341228,0.96460153,0.964299379
0.964871728,1.012969565,0.964008522,-0.048961043,0.964159644,0.9638574
0.967073153,1.012148574,0.963557384,-0.048591189,0.963708552,0.963406217
0.969274579,1.011328703,0.963097097,-0.048231606,0.963248309,0.962945885
0.971476004,1.010509949,0.962627718,-0.047882232,0.962778972,0.962476464
0.973677429,1.009692307,0.962149305,-0.047543002,0.9623006,0.961998009
0.975878854,1.00887577,0.961661915,-0.047213855,0.96181325,0.96151058
0.97808028,1.008060334,0.961165608,-0.046894726,0.96131698,0.961014236
0.980281705,1.007245995,0.960660443,-0.046585552,0.960811851,0.960509035
0.98248313,1.006432746,0.960146479,-0.046286268,0.96029792,0.959995037
0.984684555,1.005620584,0.959623776,-0.045996808,0.959775249,0.959472303
0.98688598,1.004809504,0.959092396,-0.045717108,0.959243898,0.958940893
0.989087406,1.0039995,0.958552398,-0.045447102,0.958703928,0.958400868
0.991288831,1.003190568,0.958003845,-0.045186723,0.9581554,0.957852291
0.993490256,1.002382704,0.957446799,-0.044935905,0.957598377,0.957295222
0.995691681,1.001575902,0.956881322,-0.04469458,0.95703292,0.956729724
0.997893107,1.000770158,0.956307477,-0.044462681,0.956459092,0.956155861
1.000094532,0.999965467,0.955725326,-0.044240141,0.955876957,0.955573696
1.002295957,0.999161825,0.955134935,-0.04402689,0.955286578,0.954983292
1.004497382,0.998359227,0.954536366,-0.043822861,0.954688019,0.954384713
1.006698807,0.997557669,0.953929685,-0.043627984,0.954081345,0.953778025
1.008900233,0.996757146,0.953314956,-0.04344219,0.95346662,0.953163291
1.011101658,0.995957654,0.952692244,-0.04326541,0.95284391,0.952540578
1.013303083,0.995159188,0.952061615,-0.043097573,0.952213279,0.95190995
1.015504508,0.994361743,0.951423135,-0.042938608,0.951574795,0.951271475
1.017705934,0.993565317,0.95077687,-0.042788446,0.950928523,0.950625217
1.019907359,0.992769904,0.950122888,-0.042647016,0.95027453,0.949971245
1.022108784,0.991975499,0.949461254,-0.042514245,0.949612884,0.949309625
1.024310209,0.9911821,0.948792037,-0.042390063,0.94894365,0.948640424
1.026511635,0.990389701,0.948115303,-0.042274397,0.948266897,0.94796371
1.02871306,0.989598298,0.947431122,-0.042167176,0.947582693,0.947279551
1.030914485,0.988807887,0.946739561,-0.042068327,0.946891106,0.946588015
1.03311591,0.988018465,0.946040688,-0.041977777,0.946192205,0.945889171
1.035317335,0.987230026,0.945334573,-0.041895453,0.945486059,0.945183088
1.037518761,0.986442568,0.944621285,-0.041821282,0.944772736,0.944469835
1.039720186,0.985656085,0.943900894,-0.041755191,0.944052306,0.943749482
1.041921611,0.984870574,0.943173468,-0.041697106,0.943324839,0.943022097
1.044123036,0.98408603,0.942439078,-0.041646953,0.942590404,0.942287751
1.046324462,0.983302451,0.941697794,-0.041604658,0.941849072,0.941546515
1.048525887,0.982519832,0.940949686,-0.041570146,0.941100914,0.940798458
1.050727312,0.981738169,0.940194825,-0.041543343,0.940345999,0.940043651
1.052928737,0.980957458,0.939433282,-0.041524175,0.939584399,0.939282166
1.055130163,0.980177695,0.938665128,-0.041512567,0.938816185,0.938514072
1.057331588,0.979398877,0.937890435,-0.041508442,0.938041428,0.937739442
1.059533013,0.978621,0.937109273,-0.041511727,0.937260199,0.936958346
1.061734438,0.977844059,0.936321714,-0.041522345,0.936472571,0.936170857
1.063935863,0.977068053,0.935527831,-0.041540222,0.935678615,0.935377047
1.066137289,0.976292975,0.934727694,-0.041565281,0.934878402,0.934576986
1.068338714,0.975518824,0.933921377,-0.041597447,0.934072007,0.933770748
1.070540139,0.974745595,0.933108952,-0.041636643,0.9332595,0.932958404
1.072741564,0.973973285,0.932290491,-0.041682794,0.932440954,0.932140028
1.07494299,0.973201889,0.931466066,-0.041735823,0.931616442,0.931315691
1.077144415,0.972431406,0.930635751,-0.041795655,0.930786036,0.930485466
1.07934584,0.97166183,0.929799618,-0.041862212,0.92994981,0.929649427
1.081547265,0.970893159,0.928957741,-0.041935418,0.929107836,0.928807645
1.08374869,0.970125388,0.928110191,-0.042015197,0.928260188,0.927960195
1.085950116,0.969358515,0.927257044,-0.042101472,0.927406938,0.927107149
1.088151541,0.968592536,0.92639837,-0.042194166,0.926548161,0.92624858
1.090352966,0.967827448,0.925534245,-0.042293203,0.925683929,0.925384562
1.092554391,0.967063247,0.924664742,-0.042398505,0.924814316,0.924515168
1.094755817,0.96629993,0.923789933,-0.042509997,0.923939395,0.923640471
1.096957242,0.965537493,0.922909893,-0.0426276,0.92305924,0.922760545
1.099158667,0.964775934,0.922024694,-0.042751239,0.922173925,0.921875464
1.101360092,0.964015248,0.921134411,-0.042880836,0.921283523,0.9209853
1.103561518,0.963255433,0.920239118,-0.043016315,0.920388108,0.920090128
1.105762943,0.962496485,0.919338887,-0.043157598,0.919487753,0.919190021
1.107964368,0.961738401,0.918433793,-0.043304608,0.918582533,0.918285053
1.110165793,0.960981178,0.917523909,-0.043457269,0.91767252,0.917375297
1.112367218,0.960224813,0.916609309,-0.043615504,0.91675779,0.916460827
1.114568644,0.959469302,0.915690066,-0.043779236,0.915838415,0.915541717
1.116770069,0.958714643,0.914766255,-0.043948388,0.91491447,0.91461804
1.118971494,0.957960832,0.913837948,-0.044122884,0.913986027,0.91368987
1.121172919,0.957207866,0.91290522,-0.044302646,0.913053161,0.912757279
1.123374345,0.956455742,0.911968144,-0.044487598,0.912115945,0.911820343
1.12557577,0.955704457,0.911026794,-0.044677664,0.911174453,0.910879134
1.127777195,0.954954008,0.910081242,-0.044872766,0.910228759,0.909933725
1.12997862,0.954204392,0.909131563,-0.04507283,0.909278935,0.90898419
1.132180046,0.953455606,0.908177829,-0.045277777,0.908325056,0.908030602
1.134381471,0.952707647,0.907220114,-0.045487533,0.907367194,0.907073035
1.136582896,0.951960512,0.906258492,-0.04570202,0.906405422,0.906111561
1.138784321,0.951214198,0.905293034,-0.045921164,0.905439815,0.905146254
1.140985746,0.950468702,0.904323815,-0.046144887,0.904470445,0.904177185
1.143187172,0.949724021,0.903350907,-0.046373114,0.903497384,0.903204429
1.145388597,0.948980153,0.902374382,-0.046605771,0.902520706,0.902228058
1.147590022,0.948237094,0.901394314,-0.04684278,0.901540484,0.901248144
1.149791447,0.947494842,0.900410775,-0.047084067,0.900556789,0.90026476
1.151992873,0.946753393,0.899423836,-0.047329557,0.899569695,0.899277978
1.154194298,0.946012746,0.898433572,-0.047579174,0.898579273,0.89828787
1.156395723,0.945272897,0.897440053,-0.047832844,0.897585597,0.897294508
1.158597148,0.944533843,0.896443351,-0.048090492,0.896588737,0.896297965
1.160798573,0.943795582,0.895443538,-0.048352044,0.895588766,0.895298311
1.162999999,0.943058111,0.894440686,-0.048617425,0.894585755,0.894295618
1.165201424,0.942321427,0.893434867,-0.048886561,0.893579776,0.893289958
1.167402849,0.941585528,0.89242615,-0.049159378,0.892570899,0.892281401
1.169604274,0.940850411,0.891414608,-0.049435803,0.891559197,0.89127002
1.1718057,0.940116073,0.890400312,-0.049715762,0.89054474,0.890255883
1.174007125,0.939382512,0.889383331,-0.049999181,0.889527599,0.889239063
1.17620855,0.938649725,0.888363736,-0.050285989,0.888507843,0.888219629
1.178409975,0.937917709,0.887341598,-0.050576111,0.887485544,0.887197651
1.180611401,0.937186462,0.886316986,-0.050869476,0.886460772,0.8861732
1.182812826,0.936455981,0.88528997,-0.051166011,0.885433595,0.885146344
1.185014251,0.935726264,0.88426062,-0.051465644,0.884404085,0.884117154
1.187215676,0.934997308,0.883229004,-0.051768304,0.883372309,0.883085699
1.189417101,0.93426911,0.882195193,-0.052073918,0.882338338,0.882052047
1.191618527,0.933541669,0.881159254,-0.052382416,0.88130224,0.881016268
1.193819952,0.932814982,0.880121256,-0.052693726,0.880264083,0.879978429
1.196021377,0.932089045,0.879081267,-0.053007778,0.879223935,0.878938598
1.198222802,0.931363857,0.878039355,-0.053324502,0.878181866,0.877896845
1.200424228,0.930639416,0.876995589,-0.053643827,0.877137942,0.876853235
1.202625653,0.929915718,0.875950034,-0.053965684,0.87609223,0.875807838
1.204827078,0.929192762,0.874902759,-0.054290003,0.875044799,0.874760719
1.207028503,0.928470544,0.87385383,-0.054616715,0.873995715,0.873711945
1.209229929,0.927749064,0.872803313,-0.054945751,0.872945043,0.872661582
1.211431354,0.927028318,0.871751275,-0.055277043,0.871892852,0.871609698
1.213632779,0.926308303,0.870697781,-0.055610522,0.870839205,0.870556357
1.215834204,0.925589018,0.869642897,-0.055946121,0.86978417,0.869501625
1.218035629,0.924870461,0.868586689,-0.056283772,0.86872781,0.868445568
1.220237055,0.924152629,0.867529221,-0.056623408,0.867670192,0.867388249
1.22243848,0.923435519,0.866470557,-0.056964962,0.86661138,0.866329734
1.224639905,0.922719129,0.865410762,-0.057308368,0.865551437,0.865270086
1.22684133,0.922003458,0.864349899,-0.057653559,0.864490428,0.86420937
1.229042756,0.921288503,0.863288032,-0.058000471,0.863428416,0.863147649
1.231244181,0.920574261,0.862225225,-0.058349037,0.862365464,0.862084986
1.233445606,0.919860731,0.861161539,-0.058699192,0.861301635,0.861021443
1.235647031,0.919147911,0.860097038,-0.059050873,0.860236992,0.859957083
1.237848456,0.918435797,0.859031782,-0.059404015,0.859171597,0.858891968
1.240049882,0.917724388,0.857965835,-0.059758553,0.85810551,0.857826159
1.242251307,0.917013682,0.856899256,-0.060114426,0.857038794,0.856759718
1.244452732,0.916303677,0.855832108,-0.060471569,0.85597151,0.855692706
1.246654157,0.91559437,0.85476445,-0.06082992,0.854903717,0.854625183
1.248855583,0.914885759,0.853696342,-0.061189417,0.853835476,0.853557208
1.251057008,0.914177842,0.852627844,-0.061549998,0.852766846,0.852488842
1.253258433,0.913470618,0.851559016,-0.061911602,0.851697887,0.851420144
1.255459858,0.912764084,0.850489915,-0.062274169,0.850628658,0.850351173
1.257661284,0.912058238,0.849420601,-0.062637636,0.849559217,0.849281986
1.259862709,0.911353078,0.848351132,-0.063001945,0.848489622,0.848212642
1.262064134,0.910648601,0.847281565,-0.063367036,0.84741993,0.847143199
1.264265559,0.909944807,0.846211957,-0.06373285,0.846350199,0.846073714
1.266466984,0.909241692,0.845142364,-0.064099328,0.845280486,0.845004243
1.26866841,0.908539255,0.844072844,-0.064466411,0.844210846,0.843934842
1.270869835,0.907837494,0.843003452,-0.064834043,0.843141336,0.842865568
1.27307126,0.907136407,0.841934243,-0.065202164,0.84207201,0.841796475
1.275272685,0.906435992,0.840865272,-0.06557072,0.841002925,0.84072762
1.277474111,0.905736247,0.839796594,-0.065939653,0.839934134,0.839659055
1.279675536,0.90503717,0.838728263,-0.066308907,0.838865691,0.838590835
1.281876961,0.904338759,0.837660332,-0.066678426,0.83779765,0.837523014
1.284078386,0.903641012,0.836592854,-0.067048157,0.836730064,0.836455645
1.286279812,0.902943927,0.835525883,-0.067418044,0.835662985,0.835388781
1.288481237,0.902247502,0.834459469,-0.067788033,0.834596466,0.834322473
1.290682662,0.901551736,0.833393666,-0.068158071,0.833530559,0.833256773
1.292884087,0.900856627,0.832328523,-0.068528104,0.832465314,0.832191733
1.295085512,0.900162172,0.831264092,-0.06889808,0.831400782,0.831127402
1.297286938,0.899468371,0.830200423,-0.069267947,0.830337014,0.830063833
1.299488363,0.89877522,0.829137566,-0.069637654,0.829274059,0.829001073
1.301689788,0.898082718,0.82807557,-0.070007149,0.828211966,0.827939173
1.303891213,0.897390864,0.827014483,-0.070376381,0.827150785,0.826878182
1.306092639,0.896699656,0.825954355,-0.070745301,0.826090563,0.825818146
1.308294064,0.896009091,0.824895232,-0.071113859,0.825031349,0.824759116
1.310495489,0.895319168,0.823837162,-0.071482006,0.823973188,0.823701136
1.312696914,0.894629885,0.822780193,-0.071849693,0.82291613,0.822644256
1.314898339,0.893941241,0.821724369,-0.072216872,0.821860218,0.82158852
1.317099765,0.893253234,0.820669737,-0.072583497,0.8208055,0.820533974
1.31930119,0.892565861,0.819616342,-0.072949519,0.81975202,0.819480665
1.321502615,0.891879122,0.81856423,-0.073314893,0.818699824,0.818428636
1.32370404,0.891193014,0.817513443,-0.073679572,0.817648954,0.817377931
1.325905466,0.890507536,0.816464026,-0.074043511,0.816599456,0.816328595
1.328106891,0.889822687,0.815416022,-0.074406665,0.815551372,0.815280671
1.330308316,0.889138463,0.814369473,-0.07476899,0.814504745,0.814234202
1.332509741,0.888454864,0.813324423,-0.075130442,0.813459617,0.813189229
1.334711167,0.887771889,0.812280912,-0.075490977,0.812416029,0.812145794
1.336912592,0.887089534,0.811238981,-0.075850554,0.811374022,0.811103939
1.339114017,0.8864078,0.810198671,-0.076209129,0.810333638,0.810063704
1.341315442,0.885726683,0.809160022,-0.076566661,0.809294916,0.809025128
1.343516867,0.885046183,0.808123074,-0.076923109,0.808257896,0.807988253
1.345718293,0.884366298,0.807087866,-0.077278432,0.807222616,0.806953116
1.347919718,0.883687026,0.806054435,-0.077632591,0.806189114,0.805919756
1.350121143,0.883008366,0.80502282,-0.077985545,0.80515743,0.804888211
1.352322568,0.882330315,0.803993059,-0.078337256,0.8041276,0.803858518
1.354523994,0.881652873,0.802965188,-0.078687686,0.80309966,0.802830715
1.356725419,0.880976038,0.801939243,-0.079036796,0.802073648,0.801804837
1.358926844,0.880299809,0.80091526,-0.079384549,0.801049598,0.800780921
1.361128269,0.879624183,0.799893274,-0.079730909,0.800027547,0.799759001
1.363329695,0.878949159,0.79887332,-0.080075838,0.799007528,0.798739113
1.36553112,0.878274735,0.797855433,-0.080419303,0.797989576,0.79772129
1.367732545,0.877600911,0.796839645,-0.080761266,0.796973724,0.796705566
1.36993397,0.876927685,0.79582599,-0.081101695,0.795960005,0.795691975
1.372135395,0.876255054,0.7948145,-0.081440554,0.794948452,0.794680548
1.374336821,0.875583018,0.793805207,-0.081777811,0.793939097,0.793671318
1.376538246,0.874911576,0.792798143,-0.082113432,0.79293197,0.792664316
1.378739671,0.874240724,0.791793338,-0.082447386,0.791927103,0.791659573
1.380941096,0.873570463,0.790790823,-0.08277964,0.790924527,0.79065712
1.383142522,0.872900791,0.789790628,-0.083110163,0.78992427,0.789656986
1.385343947,0.872231706,0.788792781,-0.083438924,0.788926362,0.7886592
1.387545372,0.871563206,0.787797312,-0.083765894,0.787930832,0.787663792
1.389746797,0.870895291,0.786804248,-0.084091043,0.786937707,0.786670789
1.391948222,0.870227958,0.785813617,-0.084414341,0.785947016,0.785680219
1.394149648,0.869561207,0.784825446,-0.084735761,0.784958784,0.784692109
1.396351073,0.868895036,0.783839762,-0.085055273,0.78397304,0.783706485
1.398552498,0.868229443,0.782856591,-0.085372852,0.782989808,0.782723374
1.400753923,0.867564428,0.781875957,-0.085688471,0.782009113,0.781742802
1.402955349,0.866899988,0.780897887,-0.086002102,0.781030982,0.780764792
1.405156774,0.866236123,0.779922403,-0.08631372,0.780055437,0.779789369
1.407358199,0.865572831,0.77894953,-0.086623301,0.779082504,0.778816557
1.409559624,0.86491011,0.777979292,-0.086930819,0.778112204,0.77784638
1.41176105,0.86424796,0.77701171,-0.08723625,0.77714456,0.776878859
1.413962475,0.863586379,0.776046807,-0.087539572,0.776179596,0.775914018
1.4161639,0.862925365,0.775084604,-0.08784076,0.775217331,0.774951878
1.418365325,0.862264917,0.774125124,-0.088139794,0.774257788,0.773992459
1.42056675,0.861605034,0.773168385,-0.08843665,0.773300986,0.773035783
1.422768176,0.860945715,0.772214408,-0.088731307,0.772346946,0.77208187
1.424969601,0.860286958,0.771263213,-0.089023746,0.771395687,0.771130738
1.427171026,0.859628762,0.770314818,-0.089313944,0.770447228,0.770182408
1.429372451,0.858971126,0.769369242,-0.089601884,0.769501587,0.769236896
1.431573877,0.858314048,0.768426502,-0.089887545,0.768558783,0.768294222
1.433775302,0.857657526,0.767486617,-0.09017091,0.767618831,0.767354402
1.435976727,0.857001561,0.766549602,-0.090451959,0.76668175,0.766417454
1.438178152,0.85634615,0.765615474,-0.090730676,0.765747555,0.765483393
1.440379578,0.855691292,0.764684248,-0.091007044,0.764816262,0.764552235
1.442581003,0.855036986,0.763755941,-0.091281045,0.763887886,0.763623996
1.444782428,0.854383231,0.762830566,-0.091552665,0.762962442,0.76269869
1.446983853,0.853730025,0.761908137,-0.091821888,0.762039943,0.761776332
1.449185278,0.853077368,0.760988669,-0.092088698,0.761120405,0.760856934
1.451386704,0.852425257,0.760072175,-0.092353082,0.760203838,0.759940511
1.453588129,0.851773692,0.759158666,-0.092615026,0.759290257,0.759027074
1.455789554,0.851122672,0.758248155,-0.092874517,0.758379673,0.758116636
1.457990979,0.850472194,0.757340654,-0.093131541,0.757472098,0.757209209
1.460192405,0.849822259,0.756436173,-0.093386086,0.756567543,0.756304803
1.46239383,0.849172865,0.755534723,-0.093638141,0.755666018,0.755403429
1.464595255,0.84852401,0.754636315,-0.093887695,0.754767533,0.754505098
1.46679668,0.847875694,0.753740957,-0.094134737,0.753872098,0.753609817
1.468998105,0.847227915,0.75284866,-0.094379256,0.752979721,0.752717598
1.471199531,0.846580672,0.75195943,-0.094621243,0.752090412,0.751828448
1.473400956,0.845933965,0.751073276,-0.094860688,0.751204179,0.750942374
1.475602381,0.845287791,0.750190207,-0.095097584,0.750321028,0.750059386
1.477803806,0.844642149,0.749310228,-0.095331921,0.749440967,0.74917949
1.480005232,0.843997039,0.748433347,-0.095563693,0.748564002,0.748302691
1.482206657,0.84335246,0.747559569,-0.095792891,0.74769014,0.747428998
1.484408082,0.842708409,0.7466889,-0.09601951,0.746819385,0.746558414
1.486609507,0.842064887,0.745821345,-0.096243542,0.745951744,0.745690945
1.488810933,0.841421891,0.744956909,-0.096464983,0.745087221,0.744826596
1.491012358,0.840779422,0.744095595,-0.096683827,0.744225819,0.743965371
1.493213783,0.840137477,0.743237408,-0.096900069,0.743367543,0.743107274
1.495415208,0.839496056,0.742382351,-0.097113704,0.742512396,0.742252307
1.497616633,0.838855157,0.741530426,-0.09732473,0.741660379,0.741400473
1.499818059,0.838214779,0.740681636,-0.097533143,0.740811497,0.740551775
1.502019484,0.837574922,0.739835983,-0.09773894,0.73996575,0.739706215
1.504220909,0.836935584,0.738993467,-0.097942118,0.73912314,0.738863793
1.506422334,0.836296764,0.738154089,-0.098142675,0.738283667,0.738024511
1.50862376,0.835658462,0.737317851,-0.09834061,0.737447333,0.73718837
1.510825185,0.835020675,0.736484752,-0.098535923,0.736614137,0.736355368
1.51302661,0.834383403,0.735654792,-0.098728611,0.735784078,0.735525506
1.515228035,0.833746645,0.734827969,-0.098918676,0.734957156,0.734698782
1.517429461,0.8331104,0.734004283,-0.099106117,0.734133369,0.733875196
1.519630886,0.832474666,0.733183731,-0.099290936,0.733312716,0.733054745
1.521832311,0.831839444,0.732366311,-0.099473132,0.732495195,0.732237428
1.524033736,0.831204731,0.731552021,-0.099652709,0.731680802,0.731423241
1.526235161,0.830570526,0.730740858,-0.099829668,0.730869535,0.730612181
1.528436587,0.82993683,0.729932818,-0.100004011,0.73006139,0.729804246
1.530638012,0.829303639,0.729127897,-0.100175742,0.729256364,0.728999431
1.532839437,0.828670955,0.728326091,-0.100344864,0.728454451,0.728197731
1.535040862,0.828038775,0.727527396,-0.10051138,0.727655648,0.727399143
1.537242288,0.827407099,0.726731805,-0.100675294,0.72685995,0.72660366
1.539443713,0.826775925,0.725939314,-0.100836612,0.72606735,0.725811278
1.541645138,0.826145253,0.725149916,-0.100995337,0.725277842,0.725021989
1.543846563,0.825515082,0.724363605,-0.101151476,0.724491421,0.724235789
1.546047988,0.82488541,0.723580375,-0.101305035,0.72370808,0.72345267
1.548249414,0.824256237,0.722800218,-0.101456018,0.722927811,0.722672625
1.550450839,0.823627561,0.722023127,-0.101604434,0.722150608,0.721895647
1.552652264,0.822999383,0.721249094,-0.101750288,0.721376462,0.721121727
1.554853689,0.8223717,0.720478111,-0.101893588,0.720605365,0.720350857
1.557055115,0.821744511,0.719710169,-0.102034342,0.719837308,0.719583029
1.55925654,0.821117817,0.718945259,-0.102172558,0.719072283,0.718818234
1.561457965,0.820491616,0.718183371,-0.102308244,0.71831028,0.718056462
1.56365939,0.819865906,0.717424497,-0.102441409,0.71755129,0.717297703
1.565860816,0.819240688,0.716668625,-0.102572063,0.716795302,0.716541948
1.568062241,0.818615959,0.715915746,-0.102700213,0.716042306,0.715789186
1.570263666,0.81799172,0.715165848,-0.102825872,0.715292291,0.715039406
1.572465091,0.817367969,0.714418921,-0.102949048,0.714545247,0.714292596
1.574666516,0.816744705,0.713674954,-0.103069752,0.713801161,0.713548747
1.576867942,0.816121928,0.712933933,-0.103187995,0.713060022,0.712807844
1.579069367,0.815499636,0.712195848,-0.103303788,0.712321818,0.712069878
1.581270792,0.814877829,0.711460685,-0.103417144,0.711586537,0.711334834
1.583472217,0.814256506,0.710728433,-0.103528073,0.710854165,0.710602701
1.585673643,0.813635665,0.709999077,-0.103636587,0.71012469,0.709873465
1.587875068,0.813015306,0.709272605,-0.103742701,0.709398098,0.709147112
1.590076493,0.812395428,0.708549003,-0.103846425,0.708674376,0.708423629
1.592277918,0.81177603,0.707828256,-0.103947774,0.70795351,0.707703003
1.594479344,0.811157112,0.707110351,-0.10404676,0.707235485,0.706985218
1.596680769,0.810538672,0.706395273,-0.104143398,0.706520287,0.706270259
1.598882194,0.809920709,0.705683007,-0.104237702,0.705807901,0.705558113
1.601083619,0.809303223,0.704973538,-0.104329685,0.705098312,0.704848764
1.603285044,0.808686213,0.70426685,-0.104419363,0.704391504,0.704142196
1.60548647,0.808069678,0.703562928,-0.10450675,0.703687462,0.703438393
1.607687895,0.807453617,0.702861755,-0.104591862,0.70298617,0.70273734
1.60988932,0.806838029,0.702163316,-0.104674713,0.702287611,0.70203902
1.612090745,0.806222913,0.701467593,-0.10475532,0.701591769,0.701343417
1.614292171,0.805608269,0.700774571,-0.104833698,0.700898628,0.700650514
1.616493596,0.804994096,0.700084231,-0.104909865,0.70020817,0.699960293
1.618695021,0.804380392,0.699396557,-0.104983835,0.699520377,0.699272737
1.620896446,0.803767158,0.698711532,-0.105055626,0.698835233,0.69858783
1.623097871,0.803154392,0.698029136,-0.105125255,0.69815272,0.697905552
1.625299297,0.802542093,0.697349353,-0.10519274,0.697472819,0.697225887
1.627500722,0.801930261,0.696672164,-0.105258096,0.696795513,0.696548815
1.629702147,0.801318894,0.695997551,-0.105321343,0.696120783,0.695874318
1.631903572,0.800707993,0.695325494,-0.105382498,0.69544861,0.695202378
1.634104998,0.800097555,0.694655976,-0.105441579,0.694778976,0.694532976
1.636306423,0.799487581,0.693988976,-0.105498605,0.694111861,0.693866091
1.638507848,0.79887807,0.693324476,-0.105553594,0.693447246,0.693201706
1.640709273,0.79826902,0.692662456,-0.105606564,0.692785112,0.6925398
1.642910699,0.797660432,0.692002897,-0.105657535,0.692125439,0.691880354
1.645112124,0.797052303,0.691345777,-0.105706526,0.691468207,0.691223348
1.647313549,0.796444634,0.690691078,-0.105753556,0.690813395,0.690568761
1.649514974,0.795837424,0.690038779,-0.105798645,0.690160984,0.689916574
1.651716399,0.795230671,0.689388859,-0.105841812,0.689510953,0.689266766
1.653917825,0.794624376,0.688741299,-0.105883077,0.688863282,0.688619315
1.65611925,0.794018537,0.688096076,-0.105922461,0.68821795,0.687974202
1.658320675,0.793413153,0.68745317,-0.105959983,0.687574935,0.687331406
1.6605221,0.792808225,0.686812561,-0.105995664,0.686934217,0.686690904
1.662723526,0.79220375,0.686174226,-0.106029524,0.686295775,0.686052677
1.664924951,0.791599729,0.685538144,-0.106061585,0.685659586,0.685416702
1.667126376,0.79099616,0.684904293,-0.106091867,0.68502563,0.684782957
1.669327801,0.790393043,0.684272653,-0.10612039,0.684393884,0.684151422
1.671529227,0.789790377,0.683643201,-0.106147177,0.683764327,0.683522074
1.673730652,0.789188162,0.683015914,-0.106172248,0.683136937,0.682894891
1.675932077,0.788586396,0.682390771,-0.106195625,0.682511692,0.682269851
1.678133502,0.787985079,0.68176775,-0.106217329,0.681888569,0.681646932
1.680334927,0.78738421,0.681146829,-0.106237382,0.681267546,0.681026112
1.682536353,0.786783789,0.680527984,-0.106255805,0.6806486,0.680407367
1.684737778,0.786183814,0.679911193,-0.106272621,0.68003171,0.679790676
1.686939203,0.785584286,0.679296433,-0.106287852,0.679416852,0.679176015
1.689140628,0.784985202,0.678683683,-0.106301519,0.678804004,0.678563362
1.691342054,0.784386563,0.678072918,-0.106313645,0.678193142,0.677952694
1.693543479,0.783788368,0.677464116,-0.106324253,0.677584244,0.677343988
1.695744904,0.783190617,0.676857254,-0.106333363,0.676977286,0.676737221
1.697946329,0.782593307,0.676252308,-0.106340999,0.676372246,0.67613237
1.700147754,0.78199644,0.675649256,-0.106347184,0.6757691,0.675529411
1.70234918,0.781400014,0.675048074,-0.10635194,0.675167825,0.674928322
1.704550605,0.780804028,0.674448738,-0.106355289,0.674568398,0.674329079
1.70675203,0.780208481,0.673851226,-0.106357255,0.673970794,0.673731658
1.708953455,0.779613374,0.673255514,-0.10635786,0.673374992,0.673136036
1.711154881,0.779018705,0.672661578,-0.106357127,0.672780966,0.67254219
1.713356306,0.778424474,0.672069395,-0.106355079,0.672188694,0.671950096
1.715557731,0.777830679,0.671478941,-0.106351739,0.671598152,0.67135973
1.717759156,0.777237321,0.670890192,-0.106347129,0.671009316,0.670771069
1.719960582,0.776644399,0.670303125,-0.106341274,0.670422162,0.670184089
1.722162007,0.776051912,0.669717717,-0.106334195,0.669836667,0.669598766
1.724363432,0.775459859,0.669133942,-0.106325917,0.669252807,0.669015077
1.726564857,0.774868239,0.668551778,-0.106316462,0.668670558,0.668432997
1.728766282,0.774277053,0.6679712,-0.106305853,0.668089897,0.667852504
1.730967708,0.773686299,0.667392186,-0.106294113,0.667510798,0.667273573
1.733169133,0.773095977,0.66681471,-0.106281267,0.66693324,0.666696181
1.735370558,0.772506086,0.66623875,-0.106267336,0.666357197,0.666120303
1.737571983,0.771916625,0.665664281,-0.106252344,0.665782646,0.665545916
1.739773409,0.771327594,0.665091279,-0.106236315,0.665209563,0.664972996
1.741974834,0.770738992,0.664519721,-0.106219271,0.664637924,0.664401519
1.744176259,0.770150819,0.663949583,-0.106201235,0.664067705,0.663831462
1.746377684,0.769563074,0.663380842,-0.106182232,0.663498883,0.6632628
1.74857911,0.768975755,0.662813472,-0.106162283,0.662931434,0.662695511
1.750780535,0.768388864,0.662247451,-0.106141413,0.662365333,0.662129569
1.75298196,0.767802398,0.661682755,-0.106119643,0.661800557,0.661564953
1.755183385,0.767216358,0.66111936,-0.106096998,0.661237083,0.661001637
1.75738481,0.766630743,0.660557243,-0.1060735,0.660674887,0.660439599
1.759586236,0.766045551,0.659996379,-0.106049172,0.660113944,0.659878814
1.761787661,0.765460784,0.659436746,-0.106024038,0.659554232,0.65931926
1.763989086,0.764876439,0.658878319,-0.10599812,0.658995727,0.658760912
1.766190511,0.764292516,0.658321076,-0.10597144,0.658438405,0.658203748
1.768391937,0.763709016,0.657764993,-0.105944023,0.657882243,0.657647743
1.770593362,0.763125936,0.657210046,-0.10591589,0.657327217,0.657092876
1.772794787,0.762543277,0.656656213,-0.105887064,0.656773304,0.656539121
1.774996212,0.761961038,0.656103469,-0.105857569,0.656220481,0.655986457
1.777197637,0.761379218,0.655551793,-0.105827425,0.655668725,0.65543486
1.779399063,0.760797817,0.65500116,-0.105796657,0.655118012,0.654884307
1.781600488,0.760216834,0.654451548,-0.105765286,0.65456832,0.654334775
1.783801913,0.759636268,0.653902933,-0.105733335,0.654019625,0.653786241
1.786003338,0.75905612,0.653355294,-0.105700826,0.653471905,0.653238683
1.788204764,0.758476388,0.652808607,-0.105667781,0.652925136,0.652692078
1.790406189,0.757897072,0.65226285,-0.105634222,0.652379297,0.652146402
1.792607614,0.757318171,0.651717999,-0.105600171,0.651834364,0.651601635
1.794809039,0.756739684,0.651174034,-0.105565651,0.651290315,0.651057753
1.797010465,0.756161612,0.65063093,-0.105530682,0.650747127,0.650514733
1.79921189,0.755583953,0.650088667,-0.105495287,0.650204778,0.649972555
1.801413315,0.755006708,0.649547221,-0.105459487,0.649663247,0.649431195
1.80361474,0.754429874,0.649006571,-0.105423303,0.64912251,0.648890631
1.805816165,0.753853453,0.648466695,-0.105386758,0.648582547,0.648350843
1.808017591,0.753277443,0.647927571,-0.105349872,0.648043334,0.647811808
1.810219016,0.752701843,0.647389178,-0.105312666,0.647504851,0.647273504
1.812420441,0.752126654,0.646851493,-0.105275161,0.646967076,0.64673591
1.814621866,0.751551874,0.646314496,-0.105237378,0.646429987,0.646199005
1.816823292,0.750977504,0.645778165,-0.105199339,0.645893563,0.645662768
1.819024717,0.750403542,0.64524248,-0.105161062,0.645357783,0.645127176
1.821226142,0.749829988,0.644707418,-0.10512257,0.644822625,0.644592211
1.823427567,0.749256841,0.64417296,-0.105083882,0.64428807,0.644057849
1.825628993,0.748684102,0.643639084,-0.105045018,0.643754095,0.643524072
1.827830418,0.748111768,0.64310577,-0.105005999,0.643220681,0.642990858
1.830031843,0.747539841,0.642572997,-0.104966844,0.642687807,0.642458188
1.832233268,0.746968319,0.642040746,-0.104927573,0.642155452,0.64192604
1.834434693,0.746397202,0.641508996,-0.104888206,0.641623597,0.641394395
1.836636119,0.745826488,0.640977727,-0.104848761,0.641092221,0.640863233
1.838837544,0.745256179,0.640446919,-0.10480926,0.640561305,0.640332534
1.841038969,0.744686273,0.639916554,-0.104769719,0.640030829,0.639802278
1.843240394,0.744116769,0.63938661,-0.104730159,0.639500774,0.639272447
1.84544182,0.743547668,0.63885707,-0.104690598,0.638971119,0.638743021
1.847643245,0.742978968,0.638327914,-0.104651055,0.638441846,0.638213981
1.84984467,0.74241067,0.637799122,-0.104611548,0.637912937,0.637685307
1.852046095,0.741842772,0.637270677,-0.104572095,0.637384371,0.637156983
1.85424752,0.741275274,0.636742559,-0.104532715,0.636856131,0.636628987
1.856448946,0.740708176,0.636214751,-0.104493425,0.636328198,0.636101303
1.858650371,0.740141477,0.635687234,-0.104454243,0.635800554,0.635573913
1.860851796,0.739575176,0.635159989,-0.104415187,0.635273181,0.635046798
1.863053221,0.739009274,0.634633,-0.104376274,0.634746061,0.63451994
1.865254647,0.738443769,0.634106249,-0.10433752,0.634219176,0.633993322
1.867456072,0.737878661,0.633579717,-0.104298944,0.633692508,0.633466926
1.869657497,0.73731395,0.633053388,-0.104260562,0.633166041,0.632940735
1.871858922,0.736749635,0.632527245,-0.10422239,0.632639757,0.632414733
1.874060348,0.736185716,0.632001271,-0.104184445,0.63211364,0.631888902
1.876261773,0.735622191,0.631475449,-0.104146742,0.631587672,0.631363226
1.878463198,0.735059062,0.630949763,-0.104109299,0.631061838,0.630837688
1.880664623,0.734496326,0.630424196,-0.10407213,0.630536121,0.630312272
1.882866048,0.733933984,0.629898733,-0.104035251,0.630010505,0.629786962
1.885067474,0.733372036,0.629373358,-0.103998678,0.629484973,0.629261742
1.887268899,0.73281048,0.628848054,-0.103962425,0.628959512,0.628736597
1.889470324,0.732249316,0.628322808,-0.103926508,0.628434104,0.628211511
1.891671749,0.731688544,0.627797602,-0.103890942,0.627908735,0.62768647
1.893873175,0.731128163,0.627272423,-0.10385574,0.62738339,0.627161457
1.8960746,0.730568173,0.626747256,-0.103820917,0.626858054,0.626636459
1.898276025,0.730008574,0.626222086,-0.103786487,0.626332712,0.62611146
1.90047745,0.729449364,0.625696899,-0.103752465,0.625807351,0.625586447
1.902678876,0.728890544,0.625171681,-0.103718863,0.625281956,0.625061406
1.904880301,0.728332113,0.624646418,-0.103685695,0.624756513,0.624536322
1.907081726,0.72777407,0.624121095,-0.103652974,0.624231009,0.624011182
1.909283151,0.727216415,0.623595701,-0.103620714,0.62370543,0.623485972
1.911484576,0.726659148,0.623070222,-0.103588926,0.623179763,0.62296068
1.913686002,0.726102267,0.622544644,-0.103557624,0.622653995,0.622435292
1.915887427,0.725545774,0.622018955,-0.103526819,0.622128114,0.621909796
1.918088852,0.724989667,0.621493142,-0.103496524,0.621602106,0.621384179
1.920290277,0.724433945,0.620967194,-0.103466751,0.62107596,0.620858428
1.922491703,0.723878609,0.620441098,-0.103437511,0.620549664,0.620332533
1.924693128,0.723323657,0.619914843,-0.103408815,0.620023206,0.61980648
1.926894553,0.72276909,0.619388416,-0.103380674,0.619496574,0.619280258
1.929095978,0.722214907,0.618861807,-0.1033531,0.618969757,0.618753857
1.931297403,0.721661108,0.618335005,-0.103326103,0.618442745,0.618227265
1.933498829,0.721107692,0.617807998,-0.103299694,0.617915525,0.61770047
1.935700254,0.720554658,0.617280776,-0.103273882,0.617388089,0.617173463
1.937901679,0.720002006,0.616753329,-0.103248677,0.616860424,0.616646233
1.940103104,0.719449736,0.616225646,-0.10322409,0.616332523,0.61611877
1.94230453,0.718897848,0.615697718,-0.10320013,0.615804373,0.615591063
1.944505955,0.71834634,0.615169535,-0.103176805,0.615275967,0.615063104
1.94670738,0.717795213,0.614641088,-0.103154125,0.614747294,0.614534883
1.948908805,0.717244466,0.614112368,-0.103132098,0.614218346,0.61400639
1.951110231,0.716694099,0.613583365,-0.103110734,0.613689113,0.613477616
1.953311656,0.71614411,0.613054071,-0.103090039,0.613159588,0.612948554
1.955513081,0.715594501,0.612524478,-0.103070023,0.612629761,0.612419194
1.957714506,0.71504527,0.611994577,-0.103050693,0.612099626,0.611889528
1.959915931,0.714496416,0.611464361,-0.103032056,0.611569173,0.611359548
1.962117357,0.713947941,0.610933821,-0.10301412,0.611038395,0.610829247
1.964318782,0.713399842,0.610402951,-0.102996891,0.610507285,0.610298617
1.966520207,0.71285212,0.609871743,-0.102980377,0.609975837,0.60976765
1.968721632,0.712304774,0.609340191,-0.102964583,0.609444042,0.60923634
1.970923058,0.711757805,0.608808287,-0.102949517,0.608911895,0.60870468
1.973124483,0.71121121,0.608276026,-0.102935184,0.608379389,0.608172663
1.975325908,0.710664991,0.607743401,-0.10292159,0.607846518,0.607640283
1.977527333,0.710119146,0.607210405,-0.102908741,0.607313276,0.607107535
1.979728759,0.709573675,0.606677035,-0.102896641,0.606779658,0.606574411
1.981930184,0.709028579,0.606143283,-0.102885296,0.606245658,0.606040908
1.984131609,0.708483855,0.605609145,-0.10287471,0.605711272,0.605507018
1.986333034,0.707939505,0.605074616,-0.102864889,0.605176494,0.604972738
1.988534459,0.707395527,0.604539691,-0.102855836,0.604641319,0.604438063
1.990735885,0.706851922,0.604004366,-0.102847556,0.604105745,0.603902987
1.99293731,0.706308688,0.603468636,-0.102840052,0.603569766,0.603367507
1.995138735,0.705765826,0.602932499,-0.102833327,0.603033378,0.602831619
1.99734016,0.705223335,0.602395949,-0.102827386,0.602496579,0.602295318
1.999541586,0.704681214,0.601858983,-0.102822231,0.601959364,0.601758602
2.001743011,0.704139464,0.601321599,-0.102817865,0.601421731,0.601221466
2.003944436,0.703598083,0.600783793,-0.102814291,0.600883677,0.600683908
2.006145861,0.703057072,0.600245562,-0.10281151,0.600345199,0.600145925
2.008347286,0.70251643,0.599706904,-0.102809526,0.599806295,0.599607514
2.010548712,0.701976157,0.599167818,-0.102808339,0.599266963,0.599068672
2.012750137,0.701436252,0.5986283,-0.102807952,0.598727201,0.598529399
2.014951562,0.700896715,0.598088349,-0.102808365,0.598187008,0.597989691
2.017152987,0.700357545,0.597547964,-0.102809581,0.597646381,0.597449547
2.019354413,0.699818743,0.597007143,-0.1028116,0.59710532,0.596908966
2.021555838,0.699280307,0.596465885,-0.102814422,0.596563824,0.596367946
2.023757263,0.698742238,0.59592419,-0.102818048,0.596021893,0.595826487
2.025958688,0.698204535,0.595382057,-0.102822478,0.595479526,0.595284588
2.028160114,0.697667197,0.594839485,-0.102827712,0.594936722,0.594742248
2.030361539,0.697130225,0.594296475,-0.10283375,0.594393483,0.594199467
2.032562964,0.696593618,0.593753027,-0.102840591,0.593849808,0.593656246
2.034764389,0.696057375,0.593209141,-0.102848234,0.593305698,0.593112583
2.036965814,0.695521497,0.592664817,-0.102856679,0.592761153,0.592568481
2.03916724,0.694985982,0.592120057,-0.102865925,0.592216175,0.592023939
2.041368665,0.69445083,0.591574862,-0.102875969,0.591670765,0.591478959
2.04357009,0.693916042,0.591029233,-0.10288681,0.591124925,0.590933541
2.045771515,0.693381617,0.590483171,-0.102898446,0.590578655,0.590387687
2.047972941,0.692847554,0.589936679,-0.102910875,0.590031959,0.589841399
2.050174366,0.692313852,0.589389758,-0.102924094,0.589484838,0.589294678
2.052375791,0.691780513,0.588842411,-0.102938102,0.588937295,0.588747526
2.054577216,0.691247535,0.58829464,-0.102952895,0.588389332,0.588199947
2.056778642,0.690714917,0.587746447,-0.10296847,0.587840953,0.587651941
2.058980067,0.690182661,0.587197836,-0.102984824,0.587292159,0.587103513
2.061181492,0.689650764,0.58664881,-0.103001954,0.586742956,0.586554665
2.063382917,0.689119227,0.586099373,-0.103019855,0.586193345,0.5860054
2.065584342,0.68858805,0.585549527,-0.103038523,0.585643332,0.585455722
2.067785768,0.688057232,0.584999276,-0.103057956,0.585092919,0.584905634
2.069987193,0.687526773,0.584448625,-0.103078148,0.584542111,0.584355139
2.072188618,0.686996672,0.583897578,-0.103099094,0.583990912,0.583804243
2.074390043,0.686466929,0.583346139,-0.103120791,0.583439327,0.58325295
2.076591469,0.685937544,0.582794312,-0.103143232,0.582887362,0.582701263
2.078792894,0.685408517,0.582242103,-0.103166413,0.58233502,0.582149187
2.080994319,0.684879847,0.581689517,-0.103190329,0.581782306,0.581596728
2.083195744,0.684351533,0.581136559,-0.103214974,0.581229228,0.581043891
2.085397169,0.683823576,0.580583235,-0.103240341,0.580675789,0.58049068
2.087598595,0.683295974,0.580029549,-0.103266425,0.580121996,0.579937102
2.08980002,0.682768729,0.579475508,-0.103293221,0.579567855,0.579383161
2.092001445,0.682241839,0.578921119,-0.10332072,0.579013372,0.578828865
2.09420287,0.681715304,0.578366386,-0.103348917,0.578458554,0.578274219
2.096404296,0.681189123,0.577811317,-0.103377806,0.577903406,0.577719229
2.098605721,0.680663297,0.577255919,-0.103407378,0.577347937,0.577163901
2.100807146,0.680137825,0.576700198,-0.103437627,0.576792152,0.576608244
2.103008571,0.679612707,0.576144161,-0.103468546,0.57623606,0.576052263
2.105209997,0.679087942,0.575587816,-0.103500126,0.575679666,0.575495965
2.107411422,0.67856353,0.57503117,-0.103532361,0.57512298,0.574939359
2.109612847,0.678039471,0.57447423,-0.103565241,0.574566008,0.574382451
2.111814272,0.677515764,0.573917004,-0.10359876,0.574008759,0.573825248
2.114015697,0.67699241,0.5733595,-0.103632909,0.573451241,0.57326776
2.116217123,0.676469407,0.572801727,-0.103667679,0.572893461,0.572709993
2.118418548,0.675946755,0.572243693,-0.103703062,0.572335429,0.572151957
2.120619973,0.675424455,0.571685405,-0.103739049,0.571777152,0.571593659
2.122821398,0.674902505,0.571126874,-0.103775631,0.57121864,0.571035108
2.125022824,0.674380906,0.570568107,-0.103812799,0.570659902,0.570476312
2.127224249,0.673859657,0.570009114,-0.103850543,0.570100946,0.569917281
2.129425674,0.673338758,0.569449903,-0.103888855,0.569541782,0.569358024
2.131627099,0.672818208,0.568890485,-0.103927723,0.568982419,0.56879855
2.133828525,0.672298007,0.568330868,-0.10396714,0.568422867,0.568238869
2.13602995,0.671778156,0.567771062,-0.104007093,0.567863135,0.567678989
2.138231375,0.671258652,0.567211078,-0.104047575,0.567303234,0.567118921
2.1404328,0.670739498,0.566650924,-0.104088574,0.566743173,0.566558675
2.142634225,0.670220691,0.566090611,-0.104130079,0.566182963,0.56599826
2.144835651,0.669702231,0.56553015,-0.104172081,0.565622613,0.565437687
2.147037076,0.669184119,0.564969551,-0.104214568,0.565062135,0.564876967
2.149238501,0.668666354,0.564408824,-0.10425753,0.564501538,0.564316109
2.151439926,0.668148936,0.56384798,-0.104300956,0.563940834,0.563755125
2.153641352,0.667631864,0.56328703,-0.104344834,0.563380034,0.563194025
2.155842777,0.667115138,0.562725984,-0.104389154,0.562819148,0.562632821
2.158044202,0.666598758,0.562164855,-0.104433903,0.562258187,0.562071523
2.160245627,0.666082723,0.561603653,-0.10447907,0.561697163,0.561510143
2.162447052,0.665567034,0.561042389,-0.104524644,0.561136087,0.560948691
2.164648478,0.665051689,0.560481076,-0.104570613,0.560574971,0.560387181
2.166849903,0.664536689,0.559919724,-0.104616965,0.560013825,0.559825623
2.169051328,0.664022033,0.559358346,-0.104663687,0.559452663,0.559264029
2.171252753,0.663507721,0.558796953,-0.104710768,0.558891495,0.558702411
2.173454179,0.662993753,0.558235557,-0.104758195,0.558330334,0.558140781
2.175655604,0.662480128,0.557674172,-0.104805956,0.557769192,0.557579151
2.177857029,0.661966846,0.557112807,-0.104854039,0.55720808,0.557017535
2.180058454,0.661453907,0.556551477,-0.10490243,0.556647012,0.556455943
2.18225988,0.660941311,0.555990194,-0.104951117,0.556085999,0.555894389
2.184461305,0.660429056,0.55542897,-0.105000087,0.555525054,0.555332885
2.18666273,0.659917144,0.554867817,-0.105049327,0.55496419,0.554771445
2.188864155,0.659405573,0.55430675,-0.105098823,0.554403419,0.554210081
2.19106558,0.658894344,0.553745779,-0.105148564,0.553842754,0.553648805
2.193267006,0.658383455,0.55318492,-0.105198535,0.553282207,0.553087632
2.195468431,0.657872907,0.552624183,-0.105248724,0.552721792,0.552526574
2.197669856,0.6573627,0.552063584,-0.105299116,0.552161522,0.551965646
2.199871281,0.656852833,0.551503134,-0.105349698,0.55160141,0.551404859
2.202072707,0.656343305,0.550942848,-0.105400457,0.551041469,0.550844228
2.204274132,0.655834118,0.550382739,-0.105451379,0.550481712,0.550283766
2.206475557,0.655325269,0.54982282,-0.105502449,0.549922152,0.549723487
2.208676982,0.65481676,0.549263105,-0.105553655,0.549362804,0.549163406
2.210878408,0.654308589,0.548703607,-0.105604982,0.54880368,0.548603535
2.213079833,0.653800757,0.548144341,-0.105656416,0.548244793,0.548043888
2.215281258,0.653293263,0.54758532,-0.105707943,0.547686159,0.547484481
2.217482683,0.652786107,0.547026558,-0.105759549,0.547127789,0.546925326
2.219684108,0.652279288,0.546468069,-0.105811219,0.546569699,0.546366439
2.221885534,0.651772807,0.545909867,-0.10586294,0.546011901,0.545807832
2.224086959,0.651266662,0.545351966,-0.105914697,0.545454409,0.545249522
2.226288384,0.650760855,0.54479438,-0.105966475,0.544897238,0.544691522
2.228489809,0.650255384,0.544237124,-0.10601826,0.544340401,0.544133847
2.230691235,0.649750249,0.543680212,-0.106070038,0.543783913,0.543576511
2.23289266,0.649245451,0.543123658,-0.106121793,0.543227787,0.543019528
2.235094085,0.648740988,0.542567476,-0.106173512,0.542672037,0.542462915
2.23729551,0.64823686,0.542011681,-0.106225179,0.542116677,0.541906685
2.239496935,0.647733067,0.541456287,-0.10627678,0.541561722,0.541350852
2.241698361,0.64722961,0.54090131,-0.1063283,0.541007186,0.540795433
2.243899786,0.646726487,0.540346762,-0.106379724,0.540453083,0.540240442
2.246101211,0.646223698,0.53979266,-0.106431038,0.539899427,0.539685893
2.248302636,0.645721243,0.539239017,-0.106482226,0.539346233,0.539131802
2.250504062,0.645219122,0.538685849,-0.106533273,0.538793514,0.538578184
2.252705487,0.644717335,0.53813317,-0.106584165,0.538241285,0.538025054
2.254906912,0.644215881,0.537580994,-0.106634887,0.537689561,0.537472427
2.257108337,0.643714759,0.537029336,-0.106685423,0.537138355,0.536920317
2.259309763,0.643213971,0.536478212,-0.106735759,0.536587683,0.536368741
2.261511188,0.642713515,0.535927636,-0.106785879,0.536037558,0.535817713
2.263712613,0.642213391,0.535377622,-0.106835769,0.535487995,0.535267249
2.265914038,0.641713599,0.534828186,-0.106885413,0.534939009,0.534717364
2.268115463,0.641214139,0.534279342,-0.106934796,0.534390613,0.534168072
2.270316889,0.64071501,0.533731106,-0.106983904,0.533842822,0.53361939
2.272518314,0.640216213,0.533183492,-0.107032721,0.533295651,0.533071332
2.274719739,0.639717746,0.532636514,-0.107081232,0.532749114,0.532523914
2.276921164,0.63921961,0.532090188,-0.107129421,0.532203226,0.531977151
2.27912259,0.638721804,0.531544529,-0.107177274,0.531658,0.531431059
2.281324015,0.638224328,0.530999552,-0.107224776,0.531113452,0.530885652
2.28352544,0.637727182,0.530455271,-0.107271912,0.530569595,0.530340946
2.285726865,0.637230366,0.5299117,-0.107318666,0.530026445,0.529796956
2.287928291,0.636733879,0.529368856,-0.107365023,0.529484015,0.529253698
2.290129716,0.636237722,0.528826753,-0.107410969,0.52894232,0.528711186
2.292331141,0.635741893,0.528285405,-0.107456487,0.528401374,0.528169437
2.294532566,0.635246392,0.527744828,-0.107501564,0.527861192,0.527628464
2.296733991,0.63475122,0.527205036,-0.107546184,0.527321788,0.527088284
2.298935417,0.634256376,0.526666044,-0.107590332,0.526783177,0.526548912
2.301136842,0.63376186,0.526127867,-0.107633993,0.526245372,0.526010362
2.303338267,0.633267672,0.525590519,-0.107677153,0.525708388,0.52547265
2.305539692,0.632773811,0.525054015,-0.107719795,0.525172239,0.524935791
2.307741118,0.632280277,0.52451837,-0.107761906,0.52463694,0.5243998
2.309942543,0.631787069,0.523983598,-0.107803471,0.524102505,0.523864692
2.312143968,0.631294189,0.523449715,-0.107844474,0.523568947,0.523330482
2.314345393,0.630801634,0.522916733,-0.107884901,0.523036281,0.522797186
2.316546818,0.630309406,0.522384669,-0.107924737,0.522504521,0.522264817
2.318748244,0.629817504,0.521853536,-0.107963968,0.521973682,0.52173339
2.320949669,0.629325927,0.521323349,-0.108002578,0.521443777,0.521202922
2.323151094,0.628834676,0.520794123,-0.108040553,0.52091482,0.520673425
2.325352519,0.628343749,0.52026587,-0.108077879,0.520386825,0.520144916
2.327553945,0.627853148,0.519738607,-0.108114541,0.519859806,0.519617408
2.32975537,0.627362871,0.519212347,-0.108150524,0.519333778,0.519090916
2.331956795,0.626872919,0.518687104,-0.108185815,0.518808753,0.518565455
2.33415822,0.626383291,0.518162893,-0.108220398,0.518284746,0.51804104
2.336359646,0.625893986,0.517639727,-0.108254259,0.51776177,0.517517683
2.338561071,0.625405006,0.51711762,-0.108287385,0.51723984,0.5169954
2.340762496,0.624916348,0.516596587,-0.108319761,0.516718968,0.516474206
2.342963921,0.624428014,0.516076641,-0.108351373,0.516199169,0.515954113
2.345165346,0.623940003,0.515557796,-0.108382207,0.515680456,0.515435136
2.347366772,0.623452315,0.515040066,-0.108412248,0.515162843,0.51491729
2.349568197,0.622964949,0.514523465,-0.108441484,0.514646343,0.514400587
2.351769622,0.622477905,0.514008006,-0.1084699,0.514130969,0.513885042
2.353971047,0.621991184,0.513493702,-0.108497482,0.513616735,0.513370668
2.356172473,0.621504784,0.512980567,-0.108524217,0.513103655,0.51285748
2.358373898,0.621018706,0.512468615,-0.108550091,0.51259174,0.512345489
2.360575323,0.620532949,0.511957858,-0.108575091,0.512081006,0.51183471
2.362776748,0.620047513,0.51144831,-0.108599202,0.511571464,0.511325157
2.364978174,0.619562398,0.510939985,-0.108622413,0.511063128,0.510816841
2.367179599,0.619077603,0.510432894,-0.108644709,0.510556011,0.510309777
2.369381024,0.618593129,0.509927052,-0.108666078,0.510050127,0.509803977
2.371582449,0.618108975,0.50942247,-0.108686505,0.509545487,0.509299453
2.373783874,0.617625141,0.508919162,-0.108705979,0.509042104,0.50879622
2.3759853,0.617141627,0.50841714,-0.108724487,0.508539992,0.508294288
2.378186725,0.616658432,0.507916417,-0.108742015,0.508039164,0.507793671
2.38038815,0.616175557,0.507417006,-0.108758551,0.507539631,0.50729438
2.382589575,0.615693,0.506918918,-0.108774082,0.507041408,0.506796429
2.384791001,0.615210762,0.506422167,-0.108788596,0.506544505,0.506299828
2.386992426,0.614728843,0.505926763,-0.10880208,0.506048936,0.505804591
2.389193851,0.614247242,0.50543272,-0.108814522,0.505554712,0.505310728
2.391395276,0.61376596,0.504940049,-0.10882591,0.505061848,0.504818251
2.393596701,0.613284995,0.504448763,-0.108836232,0.504570354,0.504327171
2.395798127,0.612804347,0.503958872,-0.108845475,0.504080243,0.503837501
2.397999552,0.612324018,0.503470389,-0.108853629,0.503591527,0.50334925
2.400200977,0.611844005,0.502983325,-0.10886068,0.503104219,0.502862431
2.402402402,0.61136431,0.502497691,-0.108866618,0.50261833,0.502377053
2.404603828,0.610884931,0.5020135,-0.108871431,0.502133872,0.501893128
2.406805253,0.610405869,0.501530761,-0.108875107,0.501650858,0.501410665
2.409006678,0.609927123,0.501049487,-0.108877636,0.501169298,0.500929676
2.411208103,0.609448693,0.500569688,-0.108879005,0.500689206,0.500450169
2.413409529,0.608970579,0.500091374,-0.108879204,0.500210592,0.499972157
2.415610954,0.608492781,0.499614558,-0.108878223,0.499733469,0.499495647
2.417812379,0.608015298,0.499139248,-0.108876049,0.499257847,0.499020649
2.420013804,0.60753813,0.498665457,-0.108872673,0.498783739,0.498547174
2.422215229,0.607061278,0.498193193,-0.108868084,0.498311156,0.49807523
2.424416655,0.60658474,0.497722468,-0.108862272,0.49784011,0.497604826
2.42661808,0.606108517,0.497253291,-0.108855225,0.497370611,0.497135972
2.428819505,0.605632608,0.496785673,-0.108846935,0.496902671,0.496668675
2.43102093,0.605157013,0.496319623,-0.10883739,0.496436302,0.496202944
2.433222356,0.604681732,0.495855151,-0.108826582,0.495971514,0.495738787
2.435423781,0.604206765,0.495392266,-0.108814499,0.495508319,0.495276214
2.437625206,0.603732112,0.494930979,-0.108801133,0.495046727,0.49481523
2.439826631,0.603257772,0.494471297,-0.108786475,0.49458675,0.494355844
2.442028057,0.602783745,0.494013231,-0.108770514,0.494128398,0.493898064
2.444229482,0.60231003,0.49355679,-0.108753241,0.493671683,0.493441896
2.446430907,0.601836629,0.493101982,-0.108734647,0.493216615,0.492987348
2.448632332,0.60136354,0.492648816,-0.108714724,0.492763206,0.492534426
2.450833757,0.600890763,0.4921973,-0.108693462,0.492311464,0.492083136
2.453035183,0.600418298,0.491747444,-0.108670854,0.491861403,0.491633486
2.455236608,0.599946145,0.491299256,-0.108646889,0.491413031,0.491185481
2.457438033,0.599474303,0.490852743,-0.10862156,0.49096636,0.490739127
2.459639458,0.599002773,0.490407914,-0.108594859,0.4905214,0.490294429
2.461840884,0.598531555,0.489964777,-0.108566777,0.490078161,0.489851393
2.464042309,0.598060647,0.489523339,-0.108537307,0.489636654,0.489410025
2.466243734,0.59759005,0.489083609,-0.108506441,0.489196889,0.488970328
2.468445159,0.597119763,0.488645592,-0.108474171,0.488758876,0.488532308
2.470646584,0.596649787,0.488209298,-0.108440489,0.488322627,0.488095969
2.47284801,0.596180121,0.487774733,-0.108405388,0.48788815,0.487661315
2.475049435,0.595710765,0.487341903,-0.108368861,0.487455456,0.487228351
2.47725086,0.595241718,0.486910817,-0.108330902,0.487024555,0.486797078
2.479452285,0.594772982,0.48648148,-0.108291502,0.486595457,0.486367502
2.481653711,0.594304554,0.486053899,-0.108250655,0.486168173,0.485939626
2.483855136,0.593836436,0.485628081,-0.108208355,0.485742711,0.485513451
2.486056561,0.593368626,0.485204032,-0.108164595,0.485319083,0.485088981
2.488257986,0.592901126,0.484781757,-0.108119368,0.484897297,0.484666218
2.490459412,0.592433934,0.484361264,-0.10807267,0.484477365,0.484245164
2.492660837,0.59196705,0.483942557,-0.108024492,0.484059294,0.48382582
2.494862262,0.591500474,0.483525643,-0.107974831,0.483643096,0.483408189
2.497063687,0.591034206,0.483110526,-0.10792368,0.483228781,0.482992272
2.499265112,0.590568246,0.482697213,-0.107871033,0.482816356,0.482578069
2.501466538,0.590102594,0.482285708,-0.107816886,0.482405834,0.482165581
2.503667963,0.589637248,0.481876016,-0.107761233,0.481997222,0.481754809
2.505869388,0.58917221,0.481468142,-0.107704068,0.481590531,0.481345753
2.508070813,0.588707479,0.481062091,-0.107645388,0.481185771,0.480938412
2.510272239,0.588243055,0.480657868,-0.107585186,0.48078295,0.480532786
2.512473664,0.587778937,0.480255477,-0.10752346,0.480382079,0.480128875
2.514675089,0.587315125,0.479854921,-0.107460204,0.479983166,0.479726677
2.516876514,0.58685162,0.479456206,-0.107395413,0.479586222,0.47932619
2.51907794,0.58638842,0.479059335,-0.107329085,0.479191256,0.478927414
2.521279365,0.585925526,0.478664311,-0.107261215,0.478798277,0.478530346
2.52348079,0.585462938,0.478271139,-0.107191799,0.478407294,0.478134984
2.525682215,0.585000655,0.477879822,-0.107120833,0.478018318,0.477741326
2.52788364,0.584538677,0.477490363,-0.107048314,0.477631357,0.477349368
2.530085066,0.584077004,0.477102764,-0.10697424,0.477246422,0.476959107
2.532286491,0.583615636,0.47671703,-0.106898606,0.47686352,0.476570541
2.534487916,0.583154573,0.476333163,-0.106821409,0.476482662,0.476183665
2.536689341,0.582693813,0.475951166,-0.106742648,0.476103857,0.475798474
2.538890767,0.582233358,0.47557104,-0.106662318,0.475727115,0.475414966
2.541092192,0.581773207,0.475192789,-0.106580419,0.475352444,0.475033134
2.543293617,0.58131336,0.474816414,-0.106496946,0.474979854,0.474652974
2.545495042,0.580853817,0.474441918,-0.106411899,0.474609355,0.474274481
2.547696467,0.580394577,0.474069302,-0.106325275,0.474240955,0.473897648
2.549897893,0.57993564,0.473698567,-0.106237072,0.473874664,0.47352247
2.552099318,0.579477006,0.473329716,-0.106147289,0.473510492,0.473148941
2.554300743,0.579018675,0.47296275,-0.106055924,0.473148448,0.472777053
2.556502168,0.578560646,0.47259767,-0.105962976,0.472788541,0.4724068
2.558703594,0.57810292,0.472234477,-0.105868443,0.47243078,0.472038174
2.560905019,0.577645496,0.471873172,-0.105772325,0.472075175,0.471671168
2.563106444,0.577188375,0.471513755,-0.10567462,0.471721736,0.471305774
2.565307869,0.576731555,0.471156227,-0.105575328,0.471370471,0.470941984
2.567509295,0.576275037,0.470800589,-0.105474448,0.47102139,0.470579788
2.56971072,0.57581882,0.47044684,-0.10537198,0.470674503,0.470219178
2.571912145,0.575362905,0.470094982,-0.105267924,0.470329819,0.469860144
2.57411357,0.574907291,0.469745012,-0.105162279,0.469987348,0.469502677
2.576314995,0.574451978,0.469396933,-0.105055046,0.469647098,0.469146767
2.578516421,0.573996966,0.469050742,-0.104946224,0.46930908,0.468792403
2.580717846,0.573542254,0.468706439,-0.104835815,0.468973303,0.468439575
2.582919271,0.573087843,0.468364025,-0.104723818,0.468639777,0.468088272
2.585120696,0.572633732,0.468023497,-0.104610235,0.468308511,0.467738482
2.587322122,0.57217992,0.467684855,-0.104495066,0.467979515,0.467390194
