Tr,Pr,bias corrected model,Training data,bias uncorrected model,upper,lower,bias
0.388098318,0.01984127,0.795277526,0.790907151,0.996495182,0.820999093,0.769555959,-0.201217656
0.420439845,0.01984127,0.807248775,0.81460966,0.988680877,0.830223052,0.784274499,-0.181432101
0.452781371,0.01984127,0.82420626,0.836798621,0.980866571,0.846902932,0.801509587,-0.156660312
0.485122898,0.01984127,0.853438283,0.857793439,0.973052266,0.875862358,0.831014209,-0.119613983
0.517464424,0.01984127,0.896871766,0.878010828,0.965237961,0.919138603,0.874604929,-0.068366194
0.549805951,0.01984127,0.950901047,0.897373491,0.957423655,0.973103625,0.928698469,-0.006522608
0.582147477,0.01984127,1.00789824,0.915843255,0.94960935,1.030044584,0.985751896,0.05828889
0.614489004,0.01984127,1.058799363,1.211479676,0.941795044,1.080898101,1.036700625,0.117004318
0.64683053,0.01984127,1.09584656,1.174287018,0.933980739,1.117915026,1.073778095,0.161865821
0.679172057,0.01984127,1.114598804,1.140160384,0.926166434,1.13663939,1.092558218,0.188432371
0.711513583,0.01984127,1.114669599,1.10850239,0.918352128,1.136679318,1.09265988,0.196317471
0.74385511,0.01984127,1.099155648,1.077041558,0.910537823,1.121141691,1.077169604,0.188617825
0.776196636,0.01984127,1.073175551,1.048576072,0.902723517,1.095140056,1.051211047,0.170452034
0.808538163,0.01984127,1.042171586,1.022452666,0.894909212,1.064078176,1.020264996,0.147262374
0.84087969,0.01984127,1.010577722,0.999038912,0.887094906,1.032343565,0.988811879,0.123482816
0.873221216,0.01984127,0.981186978,0.976930394,0.879280601,1.002725096,0.95964886,0.101906377
0.905562743,0.01984127,0.955209306,0.953559787,0.871466296,0.976492115,0.933926497,0.08374301
0.918499353,0.01984127,0.945821852,0.947587595,0.868340574,0.967014045,0.924629659,0.077481278
0.931435964,0.01984127,0.936980088,0.939747714,0.865214851,0.958094815,0.915865361,0.071765237
0.937904269,0.01984127,0.932754111,0.933389224,0.86365199,0.953835769,0.911672452,0.06910212
0.944372574,0.01984127,0.928652221,0.931605733,0.862089129,0.949704741,0.907599701,0.066563092
0.957309185,0.01984127,0.920802122,0.924915617,0.858963407,0.941807976,0.899796268,0.061838715
0.970245796,0.01984127,0.913391973,0.917681978,0.855837685,0.934365528,0.892418417,0.057554288
0.983182406,0.01984127,0.906383798,0.907452832,0.852711963,0.927337475,0.885430121,0.053671835
0.996119017,0.01984127,0.899740066,0.904113643,0.849586241,0.920684366,0.878795765,0.050153825
1.002587322,0.01984127,0.896543243,0.898719688,0.84802338,0.917486377,0.875600109,0.048519863
1.009055627,0.01984127,0.893423586,0.89684308,0.846460519,0.914367818,0.872479355,0.046963068
1.021992238,0.01984127,0.887396997,0.886790456,0.843334796,0.908350409,0.866443585,0.044062201
1.034928849,0.01984127,0.881622125,0.884868686,0.840209074,0.902595041,0.860649209,0.041413051
1.047865459,0.01984127,0.87605948,0.878647224,0.837083352,0.897064034,0.855054926,0.038976128
1.06080207,0.01984127,0.870668091,0.86917118,0.83395763,0.891718289,0.849617892,0.036710461
1.067270375,0.01984127,0.868023473,0.868199612,0.832394769,0.889102142,0.846944804,0.035628704
1.07373868,0.01984127,0.865405811,0.862998793,0.830831908,0.886516778,0.844294843,0.034573903
1.086675291,0.01984127,0.860230142,0.856453267,0.827706186,0.881416714,0.83904357,0.032523957
1.099611902,0.01984127,0.855099542,0.850991533,0.824580463,0.876374469,0.833824616,0.030519079
1.131953428,0.01984127,0.842226467,0.83947093,0.816766158,0.863749847,0.820703088,0.025460309
1.164294955,0.01984127,0.828956781,0.825133716,0.808951853,0.850700737,0.807212826,0.020004929
1.196636481,0.01984127,0.815168963,0.80815289,0.801137547,0.837047649,0.793290277,0.014031416
1.228978008,0.01984127,0.801109401,0.802423017,0.793323242,0.823040423,0.779178379,0.00778616
1.261319534,0.01984127,0.787279657,0.788747232,0.785508936,0.809223204,0.765336111,0.001770721
1.293661061,0.01984127,0.774211316,0.776741214,0.777694631,0.796162464,0.752260167,-0.003483315
1.326002587,0.01984127,0.76223592,0.766903076,0.769880326,0.784197411,0.74027443,-0.007644405
1.358344114,0.01984127,0.751360735,0.757629216,0.76206602,0.77332979,0.72939168,-0.010705285
1.39068564,0.01984127,0.74130352,0.744697881,0.754251715,0.763275687,0.719331354,-0.012948195
1.423027167,0.01984127,0.731656445,0.733402446,0.746437409,0.753630556,0.709682333,-0.014780965
1.455368693,0.01984127,0.722087353,0.715269386,0.738623104,0.744064129,0.700110577,-0.016535751
1.48771022,0.01984127,0.712476991,0.706713608,0.730808799,0.734456253,0.690497729,-0.018331808
1.520051746,0.01984127,0.702933416,0.696181394,0.722994493,0.724914191,0.680952641,-0.020061077
1.552393273,0.01984127,0.693692151,0.700163632,0.715180188,0.715673893,0.671710408,-0.021488037
1.584734799,0.01984127,0.684965377,0.68526322,0.707365883,0.706947933,0.662982821,-0.022400506
1.617076326,0.01984127,0.676819685,0.68246611,0.699551577,0.69880267,0.654836701,-0.022731892
1.649417853,0.01984127,0.669137,0.670182548,0.691737271,0.691119881,0.647154119,-0.022600271
1.681759379,0.01984127,0.661665957,0.661968906,0.683922966,0.683648569,0.639683345,-0.022257009
1.714100906,0.01984127,0.654128128,0.651364734,0.676108661,0.676110774,0.632145482,-0.021980533
1.746442432,0.01984127,0.646324812,0.652648324,0.668294355,0.668307955,0.624341669,-0.021969543
1.778783959,0.01984127,0.638199692,0.632483614,0.66048005,0.660183614,0.616215771,-0.022280358
1.811125485,0.01984127,0.629839802,0.627525436,0.652665745,0.651824563,0.607855041,-0.022825943
1.843467012,0.01984127,0.621425466,0.626506096,0.644851439,0.64341123,0.599439701,-0.023425973
1.875808538,0.01984127,0.613156513,0.614341335,0.637037134,0.635143797,0.591169229,-0.023880621
1.908150065,0.01984127,0.60518374,0.602449751,0.629222828,0.627172979,0.5831945,-0.024039089
1.940491591,0.01984127,0.597565905,0.60393527,0.621408523,0.619556828,0.575574982,-0.023842618
1.972833118,0.01984127,0.590260825,0.599656438,0.613594218,0.612252896,0.568268753,-0.023333393
2.005174644,0.01984127,0.583149238,0.56547659,0.605779912,0.605142874,0.561155602,-0.022630674
2.037516171,0.01984127,0.576082909,0.584188381,0.597965607,0.598079406,0.554086413,-0.021882698
2.069857697,0.01984127,0.568942651,0.557974617,0.590151301,0.590942769,0.546942533,-0.02120865
2.102199224,0.01984127,0.561687566,0.574360847,0.582336996,0.583691417,0.539683715,-0.02064943
2.13454075,0.01984127,0.554376315,0.565006136,0.574522691,0.576384776,0.532367855,-0.020146375
2.166882277,0.01984127,0.547147997,0.537609092,0.566708385,0.569162417,0.525133576,-0.019560389
2.199223803,0.01984127,0.540164861,0.548163751,0.55889408,0.562185486,0.518144237,-0.018729219
2.23156533,0.01984127,0.533537017,0.51452857,0.551079774,0.555564923,0.511509111,-0.017542758
2.263906856,0.01984127,0.527261765,0.544516867,0.543265469,0.549302187,0.505221343,-0.016003704
2.296248383,0.01984127,0.521208865,0.496360374,0.535451164,0.543267784,0.499149945,-0.014242299
2.328589909,0.01984127,0.515165313,0.538270724,0.527636858,0.537245232,0.493085393,-0.012471546
2.360931436,0.01984127,0.508925269,0.517348612,0.519822553,0.531034023,0.486816515,-0.010897283
2.393272962,0.01984127,0.502385544,0.496443304,0.512008248,0.524541815,0.480229273,-0.009622704
2.425614489,0.01984127,0.495598026,0.485783418,0.504193942,0.51781028,0.473385772,-0.008595916
2.457956016,0.01984127,0.488744479,0.496691085,0.496379637,0.511019553,0.466469405,-0.007635158
2.490297542,0.01984127,0.48203194,0.479962845,0.488565331,0.504459025,0.459604855,-0.006533391
2.522639069,0.01984127,0.475544744,0.47751025,0.480751026,0.498234448,0.45285504,-0.005206282
2.554980595,0.01984127,0.469114482,0.47103175,0.47293672,0.492069732,0.446159233,-0.003822238
2.587322122,0.01984127,0.46226956,0.461782232,0.465122415,0.487982675,0.436556446,-0.002852854
0.388098318,0.198412698,0.791556168,0.785657918,0.998536454,0.814711585,0.76840075,-0.206980286
0.420439845,0.198412698,0.806841769,0.809187915,0.990722148,0.828555235,0.785128302,-0.183880379
0.452781371,0.198412698,0.819496142,0.831173292,0.982907843,0.841071186,0.797921098,-0.163411701
0.485122898,0.198412698,0.836659543,0.852093654,0.975093537,0.85801513,0.815303956,-0.138433994
0.517464424,0.198412698,0.861747743,0.872038391,0.967279232,0.88303,0.840465487,-0.105531489
0.549805951,0.198412698,0.894093297,0.891094011,0.959464926,0.915362071,0.872824524,-0.065371629
0.582147477,0.198412698,0.929911711,0.909484233,0.951650621,0.951147149,0.908676274,-0.02173891
0.614489004,0.198412698,0.964099778,0.927029583,0.943836316,0.985306907,0.942892649,0.020263462
0.64683053,0.198412698,0.992131854,0.943863666,0.93602201,1.013327681,0.970936026,0.056109843
0.679172057,0.198412698,1.011375186,0.959915479,0.928207705,1.032557084,0.990193288,0.083167481
0.711513583,0.198412698,1.021456705,0.975299788,0.9203934,1.042615651,1.00029776,0.101063306
0.74385511,0.198412698,1.023734882,0.989909657,0.912579094,1.044874368,1.002595396,0.111155788
0.776196636,0.198412698,1.020276326,1.083612523,0.904764789,1.041404191,0.999148462,0.115511537
0.808538163,0.198412698,1.012868914,1.050218536,0.896950483,1.0339736,0.991764228,0.115918431
0.84087969,0.198412698,1.002487975,1.021842883,0.889136178,1.023528342,0.981447607,0.113351797
0.873221216,0.198412698,0.989350377,0.996347712,0.881321873,1.010277494,0.96842326,0.108028505
0.905562743,0.198412698,0.973391923,0.973040912,0.873507567,0.994188625,0.952595222,0.099884356
0.918499353,0.198412698,0.966247848,0.96439584,0.870381845,0.986998852,0.945496843,0.095866003
0.931435964,0.198412698,0.958719014,0.95587124,0.867256123,0.979431861,0.938006167,0.091462891
0.937904269,0.198412698,0.954827392,0.951708013,0.865693262,0.975524375,0.934130408,0.08913413
0.944372574,0.198412698,0.950862138,0.947420445,0.864130401,0.971545446,0.93017883,0.086731738
0.957309185,0.198412698,0.942749719,0.939506698,0.861004678,0.963411973,0.922087465,0.081745041
0.970245796,0.198412698,0.934466995,0.931434112,0.857878956,0.955115581,0.913818409,0.076588038
0.983182406,0.198412698,0.926107593,0.923898878,0.854753234,0.946748321,0.905466866,0.071354359
0.996119017,0.198412698,0.917768308,0.916361723,0.851627512,0.938405499,0.897131116,0.066140796
1.002587322,0.198412698,0.913635942,0.912921031,0.850064651,0.934272674,0.89299921,0.063571291
1.009055627,0.198412698,0.909543489,0.909187056,0.84850179,0.93018057,0.888906409,0.061041699
1.021992238,0.198412698,0.90151954,0.902034744,0.845376068,0.922159908,0.880879172,0.056143472
1.034928849,0.198412698,0.893769995,0.895241719,0.842250345,0.914417908,0.873122082,0.05151965
1.047865459,0.198412698,0.886351573,0.888360856,0.839124623,0.907012737,0.865690408,0.047226949
1.06080207,0.198412698,0.879301502,0.882116421,0.835998901,0.899983175,0.858619829,0.043302601
1.067270375,0.198412698,0.875920574,0.878802462,0.83443604,0.89661559,0.855225559,0.041484534
1.07373868,0.198412698,0.872636308,0.875545215,0.832873179,0.893346815,0.851925802,0.039763129
1.086675291,0.198412698,0.866352084,0.869355229,0.829747457,0.887099879,0.845604288,0.036604627
1.099611902,0.198412698,0.860426186,0.862891716,0.826621735,0.881218634,0.839633739,0.033804451
1.131953428,0.198412698,0.84689832,0.848057859,0.818807429,0.867817788,0.825978852,0.028090891
1.164294955,0.198412698,0.834500495,0.833566449,0.810993124,0.855528865,0.813472126,0.023507372
1.196636481,0.198412698,0.822361417,0.820200524,0.803178819,0.84344967,0.801273164,0.019182598
1.228978008,0.198412698,0.809921559,0.806913423,0.795364513,0.83102932,0.788813797,0.014557046
1.261319534,0.198412698,0.797074087,0.794000098,0.787550208,0.818188559,0.775959615,0.009523879
1.293661061,0.198412698,0.784079942,0.78222066,0.779735902,0.805203909,0.762955974,0.004344039
1.326002587,0.198412698,0.771345221,0.770227517,0.771921597,0.792479329,0.750211114,-0.000576376
1.358344114,0.198412698,0.759194907,0.75881233,0.764107292,0.780334681,0.738055134,-0.004912384
1.39068564,0.198412698,0.747748778,0.74755805,0.756292986,0.768890951,0.726606606,-0.008544208
1.423027167,0.198412698,0.736931174,0.736739274,0.748478681,0.75807594,0.715786408,-0.011547507
1.455368693,0.198412698,0.726572568,0.72639452,0.740664375,0.747720391,0.705424744,-0.014091808
1.48771022,0.198412698,0.716525174,0.716265023,0.73285007,0.737674808,0.69537554,-0.016324896
1.520051746,0.198412698,0.706727442,0.707212801,0.725035765,0.727877164,0.685577719,-0.018308323
1.552393273,0.198412698,0.697196176,0.696913893,0.717221459,0.718344943,0.676047409,-0.020025283
1.584734799,0.198412698,0.687970013,0.687221744,0.709407154,0.709117065,0.666822962,-0.02143714
1.617076326,0.198412698,0.679049573,0.678512135,0.701592848,0.700194088,0.657905058,-0.022543276
1.649417853,0.198412698,0.670371379,0.669108074,0.693778543,0.691513064,0.649229695,-0.023407164
1.681759379,0.198412698,0.661825704,0.660781958,0.685964238,0.682965235,0.640686173,-0.024138533
1.714100906,0.198412698,0.653301949,0.651240705,0.678149932,0.674440642,0.632163256,-0.024847983
1.746442432,0.198412698,0.644733531,0.642050487,0.670335627,0.665872786,0.623594275,-0.025602096
1.778783959,0.198412698,0.636120213,0.63502992,0.662521321,0.657261145,0.614979282,-0.026401108
1.811125485,0.198412698,0.627521706,0.627082417,0.654707016,0.64866483,0.606378582,-0.02718531
1.843467012,0.198412698,0.619030812,0.616940402,0.64689271,0.640175921,0.597885703,-0.027861898
1.875808538,0.198412698,0.610740251,0.608723772,0.639078405,0.631886665,0.589593837,-0.028338154
1.908150065,0.198412698,0.602714609,0.601287539,0.6312641,0.623861382,0.581567836,-0.028549491
1.940491591,0.198412698,0.594972898,0.593069541,0.623449794,0.616118834,0.573826962,-0.028476896
1.972833118,0.198412698,0.587483204,0.585424685,0.615635489,0.608627459,0.56633895,-0.028152284
2.005174644,0.198412698,0.580170197,0.579895122,0.607821184,0.601313248,0.559027145,-0.027650987
2.037516171,0.198412698,0.572936118,0.570746389,0.600006878,0.594079472,0.551792764,-0.02707076
2.069857697,0.198412698,0.565692859,0.562720556,0.592192573,0.586837592,0.544548126,-0.026499714
2.102199224,0.198412698,0.558396346,0.55735256,0.584378267,0.579543157,0.537249535,-0.025981921
2.13454075,0.198412698,0.551068693,0.547731488,0.576563962,0.572219236,0.529918149,-0.025495269
2.166882277,0.198412698,0.54379401,0.543564149,0.568749657,0.564949532,0.522638488,-0.024955647
2.199223803,0.198412698,0.536683379,0.537449942,0.560935351,0.557841901,0.515524857,-0.024251972
2.23156533,0.198412698,0.529820354,0.530339668,0.553121046,0.550979578,0.50866113,-0.023300692
2.263906856,0.198412698,0.523212053,0.523310719,0.54530674,0.544375447,0.502048659,-0.022094687
2.296248383,0.198412698,0.516773314,0.512176104,0.537492435,0.537946537,0.495600092,-0.020719121
2.328589909,0.198412698,0.510358439,0.508836982,0.52967813,0.531541304,0.489175574,-0.019319691
2.360931436,0.198412698,0.503831129,0.503737059,0.521863824,0.525027262,0.482634997,-0.018032695
2.393272962,0.198412698,0.497140048,0.497759009,0.514049519,0.518368832,0.475911264,-0.016909471
2.425614489,0.198412698,0.490357875,0.485514121,0.506235213,0.511626221,0.46908953,-0.015877338
2.457956016,0.198412698,0.483653153,0.480601385,0.498420908,0.504940892,0.462365414,-0.014767755
2.490297542,0.198412698,0.477193304,0.478115086,0.490606603,0.498555523,0.455831085,-0.013413298
2.522639069,0.198412698,0.471011566,0.46932857,0.482792297,0.492588811,0.449434321,-0.011780731
2.554980595,0.198412698,0.464893797,0.463476291,0.474977992,0.486600627,0.443186966,-0.010084195
2.587322122,0.198412698,0.458341376,0.457281073,0.467163686,0.481487613,0.435195138,-0.008822311
0.388098318,0.396825397,0.78528582,0.779826538,1.000804533,0.808243003,0.762328637,-0.215518713
0.420439845,0.396825397,0.807695379,0.803151757,0.992990227,0.829321633,0.786069124,-0.185294849
0.452781371,0.396825397,0.822490807,0.824900144,0.985175922,0.843896242,0.801085372,-0.162685115
0.485122898,0.396825397,0.835879768,0.84555386,0.977361617,0.85709401,0.814665525,-0.141481849
0.517464424,0.396825397,0.851722865,0.865353133,0.969547311,0.872897035,0.830548695,-0.117824447
0.549805951,0.396825397,0.871120294,0.884355143,0.961733006,0.892282425,0.849958163,-0.090612712
0.582147477,0.396825397,0.892990049,0.902483816,0.9539187,0.914117085,0.871863013,-0.060928652
0.614489004,0.396825397,0.915240264,0.919832419,0.946104395,0.936345296,0.894135231,-0.030864131
0.64683053,0.396825397,0.935965008,0.936383569,0.93829009,0.957064393,0.914865624,-0.002325082
0.679172057,0.396825397,0.954168051,0.952278709,0.930475784,0.975255733,0.933080369,0.023692267
0.711513583,0.396825397,0.969796166,0.96736105,0.922661479,0.990863663,0.948728669,0.047134687
0.74385511,0.396825397,0.983208132,0.981688778,0.914847173,1.004259081,0.962157184,0.068360959
0.776196636,0.396825397,0.994458322,0.99519266,0.907032868,1.015497317,0.973419326,0.087425453
0.808538163,0.396825397,1.002825107,1.007845129,0.899218563,1.023839187,0.981811028,0.103606545
0.84087969,0.396825397,1.006854012,1.019457755,0.891404257,1.027806932,0.985901093,0.115449755
0.873221216,0.396825397,1.004903959,1.025911955,0.883589952,1.025753908,0.984054011,0.121314008
0.905562743,0.396825397,0.99592521,0.997332668,0.875775646,1.016656749,0.975193671,0.120149564
0.918499353,0.396825397,0.990354822,0.98715197,0.872649924,1.011044231,0.969665413,0.117704898
0.931435964,0.396825397,0.983745264,0.977470156,0.869524202,1.004398938,0.96309159,0.114221062
0.937904269,0.396825397,0.980083962,0.972786814,0.867961341,1.000722547,0.959445377,0.112122621
0.944372574,0.396825397,0.976206668,0.968194609,0.86639848,0.99683209,0.955581247,0.109808188
0.957309185,0.396825397,0.9678794,0.959254708,0.863272758,0.988484125,0.947274675,0.104606642
0.970245796,0.396825397,0.95892738,0.950635383,0.860147036,0.97951822,0.93833654,0.098780345
0.983182406,0.396825397,0.949529963,0.942341091,0.857021314,0.970112548,0.928947378,0.09250865
0.996119017,0.396825397,0.939872957,0.934257317,0.853895591,0.960451769,0.919294145,0.085977366
1.002587322,0.396825397,0.935004671,0.930300478,0.85233273,0.955583029,0.914426312,0.08267194
1.009055627,0.396825397,0.930139432,0.926459178,0.850769869,0.950718245,0.909560618,0.079369562
1.021992238,0.396825397,0.92050092,0.918821357,0.847644147,0.941083492,0.899918347,0.072856773
1.034928849,0.396825397,0.911109614,0.911407277,0.844518425,0.931700372,0.890518856,0.066591189
1.047865459,0.396825397,0.902092022,0.904236504,0.841392703,0.92269652,0.881487525,0.06069932
1.06080207,0.396825397,0.893544449,0.897193738,0.83826698,0.914169406,0.872919492,0.055277469
1.067270375,0.396825397,0.889468103,0.893695694,0.836704119,0.910106065,0.868830141,0.052763984
1.07373868,0.396825397,0.885530517,0.890352986,0.835141258,0.906183386,0.864877649,0.050389259
1.086675291,0.396825397,0.878080774,0.883670207,0.832015536,0.898768936,0.857392612,0.046065238
1.099611902,0.396825397,0.871194294,0.877052179,0.828889814,0.891924041,0.850464547,0.04230448
1.131953428,0.396825397,0.856195796,0.861301874,0.821075509,0.877042063,0.835349529,0.035120287
1.164294955,0.396825397,0.843502289,0.846387447,0.813261203,0.864448696,0.822555881,0.030241086
1.196636481,0.396825397,0.831823833,0.832103821,0.805446898,0.852828222,0.810819444,0.026376935
1.228978008,0.396825397,0.820085063,0.818368574,0.797632592,0.841112284,0.799057842,0.022452471
1.261319534,0.396825397,0.807739607,0.805404842,0.789818287,0.828776419,0.786702796,0.01792132
1.293661061,0.396825397,0.794799404,0.792730236,0.782003982,0.815845036,0.773753772,0.012795422
1.326002587,0.396825397,0.781644436,0.780430507,0.774189676,0.802697782,0.760591089,0.007454759
1.358344114,0.396825397,0.768751271,0.768675173,0.766375371,0.789809191,0.747693351,0.0023759
1.39068564,0.396825397,0.756473831,0.757320682,0.758561066,0.777534938,0.735412725,-0.002087234
1.423027167,0.396825397,0.744947977,0.746111094,0.75074676,0.766012691,0.723883262,-0.005798783
1.455368693,0.396825397,0.734115845,0.735319476,0.742932455,0.755183713,0.713047978,-0.008816609
1.48771022,0.396825397,0.723815402,0.724732001,0.735118149,0.744884643,0.702746161,-0.011302747
1.520051746,0.396825397,0.713871913,0.714535238,0.727303844,0.734940974,0.692802852,-0.013431931
1.552393273,0.396825397,0.704152207,0.704767212,0.719489538,0.725220222,0.683084192,-0.015337331
1.584734799,0.396825397,0.694576692,0.694873525,0.711675233,0.715642743,0.673510641,-0.017098541
1.617076326,0.396825397,0.685106884,0.685271747,0.703860928,0.706170038,0.66404373,-0.018754043
1.649417853,0.396825397,0.67572961,0.67588597,0.696046622,0.696789789,0.654669431,-0.020317012
1.681759379,0.396825397,0.666448432,0.666969964,0.688232317,0.687506632,0.645390232,-0.021783885
1.714100906,0.396825397,0.657280583,0.657647007,0.680418011,0.678338205,0.636222962,-0.023137428
1.746442432,0.396825397,0.648252749,0.648943745,0.672603706,0.669311113,0.627194386,-0.024350957
1.778783959,0.396825397,0.639392625,0.640246481,0.664789401,0.660452758,0.618332493,-0.025396775
1.811125485,0.396825397,0.630719607,0.631944273,0.656975095,0.651781846,0.609657367,-0.026255489
1.843467012,0.396825397,0.622240536,0.623073474,0.64916079,0.643304303,0.60117677,-0.026920253
1.875808538,0.396825397,0.613952924,0.615203206,0.641346484,0.635017173,0.592888674,-0.027393561
1.908150065,0.396825397,0.605851715,0.607171574,0.633532179,0.626915344,0.584788086,-0.027680464
1.940491591,0.396825397,0.597932405,0.599045889,0.625717874,0.618994014,0.576870796,-0.027785469
1.972833118,0.396825397,0.590186258,0.590838181,0.617903568,0.61124443,0.569128085,-0.02771731
2.005174644,0.396825397,0.582590862,0.583380283,0.610089263,0.603645549,0.561536174,-0.027498401
2.037516171,0.396825397,0.575105213,0.575749481,0.602274957,0.596158171,0.554052255,-0.027169744
2.069857697,0.396825397,0.567677701,0.568712137,0.594460652,0.588730988,0.546624413,-0.026782952
2.102199224,0.396825397,0.560267056,0.561075064,0.586646347,0.581322293,0.539211818,-0.026379291
2.13454075,0.396825397,0.552865688,0.553498937,0.578832041,0.573925064,0.531806312,-0.025966354
2.166882277,0.396825397,0.545509517,0.546730423,0.571017736,0.566574604,0.524444429,-0.025508219
2.199223803,0.396825397,0.538263535,0.539232785,0.563203431,0.559332158,0.517194913,-0.024939895
2.23156533,0.396825397,0.531186247,0.531599522,0.555389125,0.552255352,0.510117141,-0.024202878
2.263906856,0.396825397,0.524291011,0.524499205,0.54757482,0.545364126,0.503217895,-0.023283809
2.296248383,0.396825397,0.517528287,0.518677728,0.539760514,0.538611979,0.496444596,-0.022232227
2.328589909,0.396825397,0.510804477,0.510706061,0.531946209,0.531896368,0.489712585,-0.021141732
2.360931436,0.396825397,0.504033105,0.503893151,0.524131903,0.525130343,0.482935867,-0.020098798
2.393272962,0.396825397,0.497192934,0.497480017,0.516317598,0.518313624,0.476072244,-0.019124664
2.425614489,0.396825397,0.490357335,0.49052143,0.508503293,0.511517987,0.469196682,-0.018145958
2.457956016,0.396825397,0.483667659,0.485225332,0.500688987,0.504847091,0.462488227,-0.017021328
2.490297542,0.396825397,0.47724827,0.478896176,0.492874682,0.498472209,0.456024332,-0.015626411
2.522639069,0.396825397,0.47109141,0.471977551,0.485060376,0.492508135,0.449674684,-0.013968967
2.554980595,0.396825397,0.464961278,0.464964892,0.477246071,0.486596539,0.443326016,-0.012284793
2.587322122,0.396825397,0.458367336,0.458407238,0.469431766,0.481326711,0.435407961,-0.01106443
0.388098318,0.793650794,0.763175615,0.768299046,1.005340691,0.785984352,0.740366878,-0.242165076
0.420439845,0.793650794,0.795643246,0.791228242,0.997526386,0.817122572,0.774163921,-0.20188314
0.452781371,0.793650794,0.819888096,0.812694287,0.989712081,0.84121333,0.798562862,-0.169823985
0.485122898,0.793650794,0.839341934,0.832988621,0.981897775,0.860513011,0.818170857,-0.142555841
0.517464424,0.793650794,0.856458204,0.852352153,0.97408347,0.877577321,0.835339088,-0.117625266
0.549805951,0.793650794,0.872472129,0.870836181,0.966269164,0.893568226,0.851376032,-0.093797035
0.582147477,0.793650794,0.887726836,0.888494622,0.958454859,0.908794182,0.86665949,-0.070728023
0.614489004,0.793650794,0.902285986,0.905522997,0.950640554,0.923335587,0.881236386,-0.048354567
0.64683053,0.793650794,0.9164629,0.921585833,0.942826248,0.937500288,0.895425512,-0.026363348
0.679172057,0.793650794,0.93097861,0.937051086,0.935011943,0.951998047,0.909959174,-0.004033332
0.711513583,0.793650794,0.946673726,0.951566746,0.927197638,0.967675309,0.925672144,0.019476089
0.74385511,0.793650794,0.963938922,0.965442646,0.919383332,0.984930516,0.942947328,0.04455559
0.776196636,0.793650794,0.982181731,0.978427022,0.911569027,1.003166035,0.961197428,0.070612704
0.808538163,0.793650794,0.999641637,0.990539127,0.903754721,1.020604204,0.97867907,0.095886916
0.84087969,0.793650794,1.013706019,1.001646444,0.895940416,1.034612144,0.992799895,0.117765604
0.873221216,0.793650794,1.021644751,1.011527961,0.88812611,1.042454314,1.000835188,0.133518641
0.905562743,0.793650794,1.021483582,1.01975009,0.880311805,1.042180896,1.000786268,0.141171777
0.918499353,0.793650794,1.018971375,1.022370997,0.877186083,1.039628652,0.998314098,0.141785292
0.931435964,0.793650794,1.015094457,1.024450019,0.874060361,1.035717857,0.994471057,0.141034096
0.937904269,0.793650794,1.012667775,1.025214738,0.8724975,1.033276929,0.992058622,0.140170276
0.944372574,0.793650794,1.009932994,1.025743256,0.870934639,1.030529765,0.989336222,0.138998355
0.957309185,0.793650794,1.003604112,1.025741271,0.867808916,1.024181579,0.983026644,0.135795195
0.970245796,0.793650794,0.996255729,0.998008892,0.864683194,1.016820448,0.975691011,0.131572535
0.983182406,0.793650794,0.98805894,0.985452918,0.861557472,1.008616243,0.967501637,0.126501468
0.996119017,0.793650794,0.979199464,0.974419093,0.85843175,0.999753478,0.95864545,0.120767714
1.002587322,0.793650794,0.974581059,0.969304758,0.856868889,0.995134713,0.954027404,0.11771217
1.009055627,0.793650794,0.969868729,0.964294029,0.855306028,0.990422825,0.949314632,0.114562701
1.021992238,0.793650794,0.960255128,0.954864,0.852180306,0.980812626,0.939697629,0.108074822
1.034928849,0.793650794,0.950535982,0.945856827,0.849054583,0.971100875,0.929971089,0.101481399
1.047865459,0.793650794,0.94087064,0.937333605,0.845928861,0.961448078,0.920293201,0.094941778
1.06080207,0.793650794,0.93139505,0.929130878,0.842803139,0.951991419,0.910798682,0.088591911
1.067270375,0.793650794,0.926763551,0.925050635,0.841240278,0.947372067,0.906155035,0.085523273
1.07373868,0.793650794,0.922218058,0.921174477,0.839677417,0.942840576,0.901595541,0.082540641
1.086675291,0.793650794,0.913419476,0.913522338,0.836551695,0.934075405,0.892763546,0.076867781
1.099611902,0.793650794,0.905049935,0.905998794,0.833425973,0.925745568,0.884354303,0.071623963
1.131953428,0.793650794,0.88609334,0.888380426,0.825611667,0.906901381,0.865285298,0.060481672
1.164294955,0.793650794,0.869656954,0.871761,0.817797362,0.89056231,0.848751598,0.051859592
1.196636481,0.793650794,0.854969271,0.855995545,0.809983056,0.875930496,0.834008046,0.044986214
1.228978008,0.793650794,0.84117237,0.841073037,0.802168751,0.862154062,0.820190678,0.039003619
1.261319534,0.793650794,0.827648604,0.826867566,0.794354446,0.848637211,0.806659996,0.033294158
1.293661061,0.793650794,0.814146432,0.813242533,0.78654014,0.835141768,0.793151096,0.027606292
1.326002587,0.793650794,0.800725152,0.800118584,0.778725835,0.821727113,0.779723191,0.021999317
1.358344114,0.793650794,0.787601564,0.787496046,0.770911529,0.808607132,0.766595995,0.016690034
1.39068564,0.793650794,0.774992114,0.775318986,0.763097224,0.795998887,0.753985341,0.01189489
1.423027167,0.793650794,0.763012739,0.763500176,0.755282919,0.784020316,0.742005162,0.007729821
1.455368693,0.793650794,0.751652746,0.752049043,0.747468613,0.772661248,0.730644245,0.004184133
1.48771022,0.793650794,0.740803914,0.740939163,0.739654308,0.761813112,0.719794716,0.001149606
1.520051746,0.793650794,0.730313315,0.730089505,0.731840003,0.751322988,0.709303641,-0.001526688
1.552393273,0.793650794,0.720034308,0.719582545,0.724025697,0.741044314,0.699024303,-0.003991389
1.584734799,0.793650794,0.70986306,0.70922566,0.716211392,0.730873114,0.688853006,-0.006348332
1.617076326,0.793650794,0.699757382,0.699189751,0.708397086,0.720767329,0.678747436,-0.008639704
1.649417853,0.793650794,0.689737899,0.68932241,0.700582781,0.710748008,0.668727791,-0.010844881
1.681759379,0.793650794,0.679871866,0.679751402,0.692768475,0.700882461,0.658861272,-0.012896609
1.714100906,0.793650794,0.670242448,0.670261463,0.68495417,0.691253602,0.649231294,-0.014711722
1.746442432,0.793650794,0.660911964,0.661001963,0.677139865,0.681923807,0.639900121,-0.0162279
1.778783959,0.793650794,0.651892932,0.651918324,0.669325559,0.672905813,0.63088005,-0.017432627
1.811125485,0.793650794,0.643140341,0.642999931,0.661511254,0.664154207,0.622126474,-0.018370913
1.843467012,0.793650794,0.634570197,0.634312077,0.653696948,0.655584365,0.613556028,-0.019126752
1.875808538,0.793650794,0.62609634,0.625681841,0.645882643,0.647110348,0.605082331,-0.019786303
1.908150065,0.793650794,0.617667268,0.617191212,0.638068338,0.638681198,0.596653337,-0.02040107
1.940491591,0.793650794,0.609283954,0.608877559,0.630254032,0.630297223,0.588270684,-0.020970079
1.972833118,0.793650794,0.600989736,0.600724798,0.622439727,0.622000764,0.579978708,-0.021449991
2.005174644,0.793650794,0.592838932,0.592654281,0.614625422,0.613847269,0.571830596,-0.021786489
2.037516171,0.793650794,0.584862729,0.584748095,0.606811116,0.605870197,0.563855261,-0.021948387
2.069857697,0.793650794,0.577051946,0.576811799,0.598996811,0.598060066,0.556043825,-0.021944865
2.102199224,0.793650794,0.569365652,0.569078261,0.591182505,0.590373903,0.5483574,-0.021816854
2.13454075,0.793650794,0.56175874,0.561516347,0.5833682,0.582767711,0.540749768,-0.02160946
2.166882277,0.793650794,0.554210102,0.554045004,0.575553894,0.575223338,0.533196865,-0.021343792
2.199223803,0.793650794,0.546733091,0.546526648,0.567739589,0.567752062,0.525714121,-0.021006498
2.23156533,0.793650794,0.539361595,0.539074616,0.559925284,0.560383133,0.518340057,-0.020563689
2.263906856,0.793650794,0.532121135,0.531792057,0.552110978,0.553145508,0.511096763,-0.019989843
2.296248383,0.793650794,0.525004918,0.52476898,0.544296673,0.546040088,0.503969748,-0.019291755
2.328589909,0.793650794,0.517972708,0.517718539,0.536482368,0.539023076,0.49692234,-0.01850966
2.360931436,0.793650794,0.510976302,0.51064622,0.528668062,0.532038581,0.489914022,-0.01769176
2.393272962,0.793650794,0.503997138,0.503926049,0.520853757,0.525076791,0.482917485,-0.016856618
2.425614489,0.793650794,0.497070038,0.497150323,0.513039451,0.518178197,0.475961878,-0.015969414
2.457956016,0.793650794,0.490270021,0.490239892,0.505225146,0.511400237,0.469139806,-0.014955124
2.490297542,0.793650794,0.483656456,0.483526681,0.49741084,0.504834899,0.462478012,-0.013754385
2.522639069,0.793650794,0.477192457,0.476912195,0.489596535,0.498519584,0.45586533,-0.012404078
2.554980595,0.793650794,0.470675521,0.470257502,0.48178223,0.492150987,0.449200054,-0.011106709
2.587322122,0.793650794,0.463717889,0.463883432,0.473967924,0.486523089,0.440912689,-0.010250035
0.388098318,0.992063492,0.75299329,0.762403097,1.007608771,0.776252899,0.729733681,-0.254615481
0.420439845,0.992063492,0.784406907,0.785341042,0.999794465,0.806192237,0.762621576,-0.215387559
0.452781371,0.992063492,0.810013049,0.806586852,0.99198016,0.831589649,0.78843645,-0.181967111
0.485122898,0.992063492,0.83206723,0.826632127,0.984165854,0.853452518,0.810681942,-0.152098624
0.517464424,0.992063492,0.852038185,0.845879717,0.976351549,0.87335459,0.83072178,-0.124313364
0.549805951,0.992063492,0.87047422,0.864198679,0.968537244,0.891767487,0.849180953,-0.098063024
0.582147477,0.992063492,0.887325728,0.881639955,0.960722938,0.908591911,0.866059545,-0.07339721
0.614489004,0.992063492,0.902488915,0.898398237,0.952908633,0.923733932,0.881243898,-0.050419718
0.64683053,0.992063492,0.916261005,0.914385451,0.945094328,0.937488594,0.895033416,-0.028833322
0.679172057,0.992063492,0.929464404,0.929432345,0.937280022,0.950670851,0.908257957,-0.007815618
0.711513583,0.992063492,0.943172745,0.943905139,0.929465717,0.964359834,0.921985657,0.013707029
0.74385511,0.992063492,0.958172834,0.957476615,0.921651411,0.979347804,0.936997863,0.036521422
0.776196636,0.992063492,0.974429559,0.970198676,0.913837106,0.995592468,0.953266651,0.060592453
0.808538163,0.992063492,0.990825829,0.982072602,0.9060228,1.011957925,0.969693734,0.084803029
0.84087969,0.992063492,1.005327017,0.992945243,0.898208495,1.026388204,0.98426583,0.107118523
0.873221216,0.992063492,1.015529713,1.002646934,0.89039419,1.036475346,0.994584081,0.125135524
0.905562743,0.992063492,1.019386692,1.01083048,0.882579884,1.040199909,0.998573476,0.136806808
0.918499353,0.992063492,1.018871163,1.013542274,0.879454162,1.039636947,0.998105379,0.139417001
0.931435964,0.992063492,1.017142625,1.015831107,0.87632844,1.037867897,0.996417352,0.140814185
0.937904269,0.992063492,1.015829142,1.01678143,0.874765579,1.036537199,0.995121086,0.141063564
0.944372574,0.992063492,1.014223344,1.017582728,0.873202718,1.034916305,0.993530382,0.141020626
0.957309185,0.992063492,1.010167849,1.018626567,0.870076996,1.03083689,0.989498807,0.140090853
0.970245796,0.992063492,1.00505953,1.018619193,0.866951273,1.025712337,0.984406722,0.138108256
0.983182406,0.992063492,0.99900593,1.016792023,0.863825551,1.019648988,0.978362871,0.135180378
0.996119017,0.992063492,0.992133077,1.009336541,0.860699829,1.01277166,0.971494493,0.131433248
1.002587322,0.992063492,0.988432341,0.99476656,0.859136968,1.009070398,0.967794284,0.129295373
1.009055627,0.992063492,0.984579253,0.987556019,0.857574107,1.005217872,0.963940635,0.127005146
1.021992238,0.992063492,0.976488593,0.975462451,0.854448385,0.997131703,0.955845483,0.122040208
1.034928849,0.992063492,0.968004902,0.964813424,0.851322663,0.988657627,0.947352177,0.11668224
1.047865459,0.992063492,0.959266035,0.955050391,0.848196941,0.979934656,0.938597415,0.111069095
1.06080207,0.992063492,0.950399105,0.945862183,0.845071218,0.971091108,0.929707103,0.105327887
1.067270375,0.992063492,0.945953456,0.941457289,0.843508357,0.966660225,0.925246688,0.102445099
1.07373868,0.992063492,0.941516734,0.937131214,0.841945496,0.962240372,0.920793095,0.099571237
1.086675291,0.992063492,0.932714442,0.928775216,0.838819774,0.953477891,0.911950992,0.093894667
1.099611902,0.992063492,0.924069224,0.920748416,0.835694052,0.944879517,0.903258932,0.088375172
1.131953428,0.992063492,0.903480792,0.901817216,0.827879747,0.92442295,0.882538634,0.075601045
1.164294955,0.992063492,0.884636332,0.884257547,0.820065441,0.905694164,0.8635785,0.064570891
1.196636481,0.992063492,0.867477786,0.867751088,0.812251136,0.888605523,0.84635005,0.055226651
1.228978008,0.992063492,0.85168918,0.852130377,0.80443683,0.872846274,0.830532087,0.04725235
1.261319534,0.992063492,0.836911476,0.83729604,0.796622525,0.858080379,0.815742574,0.040288951
1.293661061,0.992063492,0.822866391,0.823221487,0.788808219,0.844044449,0.801688333,0.034058171
1.326002587,0.992063492,0.80938807,0.809561415,0.780993914,0.830573603,0.788202538,0.028394156
1.358344114,0.992063492,0.796397392,0.796380555,0.773179609,0.817586255,0.775208529,0.023217783
1.39068564,0.992063492,0.78385988,0.783945697,0.765365303,0.805049151,0.76267061,0.018494577
1.423027167,0.992063492,0.771753244,0.771748189,0.757550998,0.79294274,0.750563748,0.014202246
1.455368693,0.992063492,0.760050871,0.759967001,0.749736693,0.781241273,0.738860469,0.010314178
1.48771022,0.992063492,0.748716067,0.748554048,0.741922387,0.769907552,0.727524583,0.00679368
1.520051746,0.992063492,0.737701401,0.737393885,0.734108082,0.758893861,0.716508941,0.003593319
1.552393273,0.992063492,0.726952431,0.726580127,0.726293776,0.748145795,0.705759066,0.000658654
1.584734799,0.992063492,0.716417759,0.716005223,0.718479471,0.737611952,0.695223567,-0.002061712
1.617076326,0.992063492,0.70606416,0.70569674,0.710665166,0.727259247,0.684869073,-0.004601005
1.649417853,0.992063492,0.695889592,0.695653299,0.70285086,0.717085835,0.674693349,-0.006961268
1.681759379,0.992063492,0.68592422,0.685791141,0.695036555,0.707121676,0.664726765,-0.009112334
1.714100906,0.992063492,0.676214189,0.676102393,0.687222249,0.697412528,0.655015851,-0.01100806
1.746442432,0.992063492,0.666793152,0.666629289,0.679407944,0.687992135,0.64559417,-0.012614792
1.778783959,0.992063492,0.657655852,0.657411236,0.671593638,0.678855581,0.636456124,-0.013937786
1.811125485,0.992063492,0.648749587,0.648302047,0.663779333,0.669949949,0.627549225,-0.015029746
1.843467012,0.992063492,0.639990868,0.639340133,0.655965028,0.661191324,0.618790411,-0.01597416
1.875808538,0.992063492,0.631300421,0.63060847,0.648150722,0.652500793,0.61010005,-0.016850301
1.908150065,0.992063492,0.622638316,0.621901841,0.640336417,0.643838978,0.601437655,-0.017698101
1.940491591,0.992063492,0.614019805,0.613399222,0.632522112,0.635220433,0.592819177,-0.018502306
1.972833118,0.992063492,0.605502713,0.605132042,0.624707806,0.62670195,0.584303477,-0.019205093
2.005174644,0.992063492,0.597153191,0.596939695,0.616893501,0.618350728,0.575955655,-0.019740309
2.037516171,0.992063492,0.589008967,0.588719434,0.609079195,0.610206533,0.567811402,-0.020070228
2.069857697,0.992063492,0.581060471,0.580771417,0.60126489,0.602259161,0.559861781,-0.020204419
2.102199224,0.992063492,0.573259548,0.572922158,0.593450584,0.59445823,0.552060867,-0.020191036
2.13454075,0.992063492,0.565549259,0.565090393,0.585636279,0.586748057,0.544350461,-0.02008702
2.166882277,0.992063492,0.557896142,0.557506899,0.577821974,0.579098568,0.536693716,-0.019925832
2.199223803,0.992063492,0.550305518,0.550028559,0.570007668,0.571513354,0.529097683,-0.01970215
2.23156533,0.992063492,0.542811325,0.542446304,0.562193363,0.564021676,0.521600975,-0.019382038
2.263906856,0.992063492,0.535447969,0.535115641,0.554379058,0.556661319,0.514234619,-0.018931088
2.296248383,0.992063492,0.528223025,0.52776546,0.546564752,0.549448489,0.506997561,-0.018341727
2.328589909,0.992063492,0.521109284,0.520741297,0.538750447,0.542354071,0.499864498,-0.017641162
2.360931436,0.992063492,0.514062471,0.513695532,0.530936141,0.535325521,0.492799421,-0.01687367
2.393272962,0.992063492,0.507053897,0.506697417,0.523121836,0.528338091,0.485769702,-0.016067939
2.425614489,0.992063492,0.500095423,0.499539818,0.515307531,0.521405642,0.478785204,-0.015212107
2.457956016,0.992063492,0.493234931,0.492789937,0.507493225,0.514565534,0.471904328,-0.014258294
2.490297542,0.992063492,0.486514578,0.485935363,0.49967892,0.507907467,0.465121688,-0.013164342
2.522639069,0.992063492,0.47990492,0.479256462,0.491864614,0.501479573,0.458330267,-0.011959694
2.554980595,0.992063492,0.473244691,0.472748331,0.484050309,0.495018979,0.451470403,-0.010805618
2.587322122,0.992063492,0.466219764,0.466057458,0.476236003,0.489472613,0.442966916,-0.010016239
0.388098318,1.388888889,0.748694459,0.751142074,1.012144929,0.772196643,0.725192275,-0.26345047
0.420439845,1.388888889,0.770205161,0.773521078,1.004330624,0.791995729,0.748414594,-0.234125462
0.452781371,1.388888889,0.790567276,0.794350141,0.996516319,0.812152757,0.768981795,-0.205949042
0.485122898,1.388888889,0.810773119,0.814097457,0.988702013,0.832179434,0.789366803,-0.177928894
0.517464424,1.388888889,0.831192436,0.83297739,0.980887708,0.852543182,0.80984169,-0.149695272
0.549805951,1.388888889,0.851479219,0.850848526,0.973073402,0.87280153,0.830156908,-0.121594183
0.582147477,1.388888889,0.870801391,0.868058448,0.965259097,0.892077158,0.849525625,-0.094457706
0.614489004,1.388888889,0.888270147,0.884322059,0.957444791,0.909517812,0.867022482,-0.069174645
0.64683053,1.388888889,0.903374759,0.899969693,0.949630486,0.924615575,0.882133944,-0.046255727
0.679172057,1.388888889,0.916238203,0.914635512,0.941816181,0.937467745,0.895008662,-0.025577977
0.711513583,1.388888889,0.927591531,0.928663753,0.934001875,0.948801611,0.906381452,-0.006410344
0.74385511,1.388888889,0.938483527,0.941777553,0.92618757,0.959680657,0.917286397,0.012295957
0.776196636,1.388888889,0.949846365,0.954015724,0.918373265,0.97103824,0.92865449,0.0314731
0.808538163,1.388888889,0.962087279,0.965471112,0.910558959,0.983257535,0.940917023,0.05152832
0.84087969,1.388888889,0.974855997,0.975922114,0.902744654,0.995957284,0.953754711,0.072111344
0.873221216,1.388888889,0.987063339,0.985260616,0.894930348,1.008042429,0.966084248,0.092132991
0.905562743,1.388888889,0.997133209,0.99327614,0.887116043,1.017971305,0.976295113,0.110017166
0.918499353,1.388888889,1.000182024,0.996031524,0.883990321,1.020970211,0.979393838,0.116191703
0.931435964,1.388888889,1.002520291,0.998480632,0.880864599,1.023266299,0.981774282,0.121655692
0.937904269,1.388888889,1.003395692,0.999576231,0.879301738,1.024123941,0.982667442,0.124093954
0.944372574,1.388888889,1.004062546,1.000572349,0.877738877,1.024775326,0.983349765,0.126323669
0.957309185,1.388888889,1.004738738,1.00225447,0.874613154,1.025427252,0.984050224,0.130125584
0.970245796,1.388888889,1.00449674,1.003436366,0.871487432,1.025169015,0.983824465,0.133009308
0.983182406,1.388888889,1.003304104,1.004012026,0.86836171,1.02396674,0.982641468,0.134942394
0.996119017,1.388888889,1.001149049,1.003815794,0.865235988,1.02180729,0.980490807,0.135913061
1.002587322,1.388888889,0.999712647,1.003361773,0.863673127,1.020370369,0.979054924,0.13603952
1.009055627,1.388888889,0.998040655,1.002618309,0.862110266,1.018698924,0.977382386,0.135930389
1.021992238,1.388888889,0.994008321,1.000038682,0.858984543,1.014671042,0.973345599,0.135023777
1.034928849,1.388888889,0.989100525,0.995489334,0.855858821,1.009772933,0.968428117,0.133241704
1.047865459,1.388888889,0.983382979,0.988251755,0.852733099,1.004071663,0.962694294,0.130649879
1.06080207,1.388888889,0.976936257,0.978475514,0.849607377,0.997649206,0.956223308,0.12732888
1.067270375,1.388888889,0.973468023,0.973273416,0.848044516,0.994196415,0.95273963,0.125423507
1.07373868,1.388888889,0.96985302,0.96818233,0.846481655,0.990599129,0.949106911,0.123371365
1.086675291,1.388888889,0.962234926,0.958461504,0.843355933,0.98302305,0.941446801,0.118878993
1.099611902,1.388888889,0.954189363,0.949250344,0.84023021,0.975027124,0.933351602,0.113959153
1.131953428,1.388888889,0.932922692,0.927873105,0.832415905,0.953900343,0.911945041,0.100506787
1.164294955,1.388888889,0.911295974,0.908307208,0.8246016,0.93239487,0.890197077,0.086694374
1.196636481,1.388888889,0.890628621,0.890175172,0.816787294,0.911797505,0.869459738,0.073841327
1.228978008,1.388888889,0.871745408,0.873164063,0.808972989,0.892939633,0.850551184,0.062772419
1.261319534,1.388888889,0.854918067,0.857149985,0.801158684,0.876119978,0.833716156,0.053759383
1.293661061,1.388888889,0.839939215,0.841906702,0.793344378,0.861148826,0.818729604,0.046594837
1.326002587,1.388888889,0.826298551,0.827334385,0.785530073,0.847516925,0.805080177,0.040768478
1.358344114,1.388888889,0.813402933,0.813511562,0.777715767,0.83462745,0.792178416,0.035687166
1.39068564,1.388888889,0.80077141,0.800125975,0.769901462,0.821999545,0.779543275,0.030869948
1.423027167,1.388888889,0.788149453,0.787176162,0.762087156,0.809380409,0.766918498,0.026062297
1.455368693,1.388888889,0.775519774,0.774782829,0.754272851,0.796752785,0.754286762,0.021246923
1.48771022,1.388888889,0.763026886,0.762711995,0.746458546,0.784260682,0.741793089,0.01656834
1.520051746,1.388888889,0.750862172,0.751042272,0.73864424,0.77209613,0.729628213,0.012217931
1.552393273,1.388888889,0.739163428,0.739760118,0.730829935,0.760397758,0.717929098,0.008333493
1.584734799,1.388888889,0.72796635,0.728524675,0.72301563,0.749201089,0.70673161,0.00495072
1.617076326,1.388888889,0.71721511,0.717830118,0.715201324,0.738449881,0.69598034,0.002013786
1.649417853,1.388888889,0.706810926,0.70714299,0.707387019,0.728045629,0.685576224,-0.000576092
1.681759379,1.388888889,0.696664474,0.696998139,0.699572713,0.717899491,0.675429457,-0.002908239
1.714100906,1.388888889,0.686724505,0.686778541,0.691758408,0.707960061,0.66548895,-0.005033903
1.746442432,1.388888889,0.676974484,0.677220073,0.683944103,0.698210242,0.655738725,-0.006969619
1.778783959,1.388888889,0.66740913,0.66734189,0.676129797,0.688644402,0.646173859,-0.008720667
1.811125485,1.388888889,0.658012258,0.658210146,0.668315492,0.67924629,0.636778226,-0.010303234
1.843467012,1.388888889,0.648752248,0.648694466,0.660501186,0.669984512,0.627519984,-0.011748938
1.875808538,1.388888889,0.639596966,0.639615773,0.652686881,0.660827564,0.618366367,-0.013089915
1.908150065,1.388888889,0.630535752,0.630636484,0.644872575,0.651765371,0.609306132,-0.014336824
1.940491591,1.388888889,0.621591259,0.621829559,0.63705827,0.64282048,0.600362038,-0.015467011
1.972833118,1.388888889,0.612810717,0.613226481,0.629243965,0.634039744,0.591581689,-0.016433248
2.005174644,1.388888889,0.604239919,0.604664452,0.621429659,0.625469228,0.583010611,-0.01718974
2.037516171,1.388888889,0.595894875,0.596348379,0.613615354,0.617125209,0.57466454,-0.017720479
2.069857697,1.388888889,0.58774836,0.588080834,0.605801049,0.60897966,0.56651706,-0.018052689
2.102199224,1.388888889,0.579740195,0.579915545,0.597986743,0.60097169,0.558508699,-0.018246548
2.13454075,1.388888889,0.571806077,0.571880031,0.590172438,0.593037642,0.550574512,-0.018366361
2.166882277,1.388888889,0.563908782,0.563970889,0.582358132,0.585140094,0.542677469,-0.01844935
2.199223803,1.388888889,0.556054038,0.55624919,0.574543827,0.577282879,0.534825197,-0.018489789
2.23156533,1.388888889,0.548282287,0.548545249,0.566729522,0.569508588,0.527055986,-0.018447235
2.263906856,1.388888889,0.54064159,0.540955318,0.558915216,0.561873177,0.519410004,-0.018273626
2.296248383,1.388888889,0.533157851,0.533452259,0.551100911,0.554403551,0.511912151,-0.01794306
2.328589909,1.388888889,0.52581992,0.526098634,0.543286605,0.547077433,0.504562407,-0.017466685
2.360931436,1.388888889,0.518588212,0.518689469,0.5354723,0.539855901,0.497320523,-0.016884088
2.393272962,1.388888889,0.5114212,0.51149046,0.527657995,0.532720254,0.490122145,-0.016236795
2.425614489,1.388888889,0.50430273,0.504378262,0.519843689,0.525651903,0.482953557,-0.015540959
2.457956016,1.388888889,0.497251087,0.49733005,0.512029384,0.518630315,0.475871859,-0.014778297
2.490297542,1.388888889,0.490299606,0.490299315,0.504215078,0.511729466,0.468869746,-0.013915472
2.522639069,1.388888889,0.483454023,0.483529916,0.496400773,0.505052487,0.461855559,-0.01294675
2.554980595,1.388888889,0.476645778,0.476630004,0.488586468,0.498437884,0.454853671,-0.01194069
2.587322122,1.388888889,0.469705903,0.469810627,0.480772162,0.493205429,0.446206377,-0.011066259
0.388098318,1.587301587,0.751469831,0.745371979,1.014413009,0.775524298,0.727415363,-0.262943178
0.420439845,1.587301587,0.769393462,0.767583296,1.006598703,0.79154502,0.747241905,-0.237205241
0.452781371,1.587301587,0.786905321,0.788403739,0.998784398,0.808759737,0.765050905,-0.211879077
0.485122898,1.587301587,0.804755004,0.807919373,0.990970092,0.826349966,0.783160043,-0.186215088
0.517464424,1.587301587,0.823300147,0.826542131,0.983155787,0.844820796,0.801779498,-0.15985564
0.549805951,1.587301587,0.842333141,0.844449251,0.975341482,0.86383663,0.820829653,-0.13300834
0.582147477,1.587301587,0.861156733,0.861325738,0.967527176,0.882614678,0.839698787,-0.106370444
0.614489004,1.587301587,0.878860393,0.877511503,0.959712871,0.900282572,0.857438214,-0.080852478
0.64683053,1.587301587,0.894678962,0.892735263,0.951898565,0.916091715,0.873266209,-0.057219604
0.679172057,1.587301587,0.908291442,0.907323805,0.94408426,0.929694614,0.886888271,-0.035792818
0.711513583,1.587301587,0.919946884,0.921055242,0.936269955,0.941330123,0.898563644,-0.016323071
0.74385511,1.587301587,0.930372098,0.934013236,0.928455649,0.951740364,0.909003831,0.001916448
0.776196636,1.587301587,0.9404952,0.946069961,0.920641344,0.961857762,0.919132638,0.019853856
0.808538163,1.587301587,0.951081209,0.957323829,0.912827038,0.972420867,0.929741551,0.03825417
0.84087969,1.587301587,0.962401805,0.967576472,0.905012733,0.983664901,0.941138708,0.057389072
0.873221216,1.587301587,0.974046522,0.976749903,0.897198428,0.995172363,0.952920681,0.076848094
0.905562743,1.587301587,0.984936135,0.984662434,0.889384122,1.005903212,0.963969057,0.095552013
0.918499353,1.587301587,0.988744791,0.987410166,0.8862584,1.009655533,0.967834049,0.10248639
0.931435964,1.587301587,0.99208067,0.989882436,0.883132678,1.012943654,0.971217687,0.108947992
0.937904269,1.587301587,0.993537976,0.991001557,0.881569817,1.014380778,0.972695174,0.111968159
0.944372574,1.587301587,0.994837681,0.9920375,0.880006956,1.015662852,0.974012509,0.114830725
0.957309185,1.587301587,0.996915849,0.993850886,0.876881234,1.017713213,0.976118486,0.120034616
0.970245796,1.587301587,0.9982255,0.995247221,0.873755511,1.019004091,0.977446909,0.124469989
0.983182406,1.587301587,0.998691068,0.996175631,0.870629789,1.019458428,0.977923708,0.128061279
0.996119017,1.587301587,0.998254383,0.99654391,0.867504067,1.019016636,0.97749213,0.130750316
1.002587322,1.587301587,0.997684929,0.996478238,0.865941206,1.018446627,0.976923231,0.131743723
1.009055627,1.587301587,0.996877269,0.996227246,0.864378345,1.017639692,0.976114846,0.132498924
1.021992238,1.587301587,0.994543349,0.995074082,0.861252623,1.015311247,0.97377545,0.133290726
1.034928849,1.587301587,0.991258967,0.992880469,0.8581269,1.012038536,0.970479399,0.133132067
1.047865459,1.587301587,0.987053188,0.989394162,0.855001178,1.007852064,0.966254312,0.13205201
1.06080207,1.587301587,0.981976858,0.984367725,0.851875456,1.002804157,0.961149558,0.130101401
1.067270375,1.587301587,0.979133651,0.981235659,0.850312595,0.999978905,0.958288397,0.128821056
1.07373868,1.587301587,0.976100787,0.977704751,0.848749734,0.996966548,0.955235026,0.127351052
1.086675291,1.587301587,0.969513117,0.969657764,0.845624012,0.99042726,0.948598975,0.123889105
1.099611902,1.587301587,0.962316007,0.960893617,0.84249829,0.983287028,0.941344985,0.119817717
1.131953428,1.587301587,0.9424076,0.939275659,0.834683984,0.963538392,0.921276807,0.107723615
1.164294955,1.587301587,0.921237305,0.919179238,0.826869679,0.942507302,0.899967309,0.094367626
1.196636481,1.587301587,0.900458152,0.900437581,0.819055374,0.921810677,0.879105627,0.081402778
1.228978008,1.587301587,0.881223121,0.882861819,0.811241068,0.902608618,0.859837623,0.069982053
1.261319534,1.587301587,0.864027841,0.866279701,0.803426763,0.885426151,0.842629532,0.060601078
1.293661061,1.587301587,0.848751669,0.850591788,0.795612457,0.870161371,0.827341967,0.053139212
1.326002587,1.587301587,0.834862407,0.835648013,0.787798152,0.85628258,0.813442234,0.047064255
1.358344114,1.587301587,0.821698398,0.821273751,0.779983847,0.843124427,0.800272368,0.041714551
1.39068564,1.587301587,0.808724424,0.807565795,0.772169541,0.83015324,0.787295609,0.036554883
1.423027167,1.587301587,0.79568017,0.79434704,0.764355236,0.817111808,0.774248532,0.031324934
1.455368693,1.587301587,0.782590866,0.781656639,0.75654093,0.804025199,0.761156534,0.026049936
1.48771022,1.587301587,0.769666339,0.769264396,0.748726625,0.79110158,0.748231097,0.020939714
1.520051746,1.587301587,0.757153143,0.757270271,0.74091232,0.778587593,0.735718693,0.016240824
1.552393273,1.587301587,0.745210649,0.745765118,0.733098014,0.766643836,0.723777462,0.012112635
1.584734799,1.587301587,0.733857338,0.734304361,0.725283709,0.755289153,0.712425524,0.008573629
1.617076326,1.587301587,0.722993339,0.723343533,0.717469403,0.744423393,0.701563285,0.005523936
1.649417853,1.587301587,0.712469898,0.712534213,0.709655098,0.73389814,0.691041656,0.0028148
1.681759379,1.587301587,0.702161568,0.70200701,0.701840793,0.723588657,0.680734479,0.000320776
1.714100906,1.587301587,0.692005976,0.691773099,0.694026487,0.713432542,0.670579411,-0.002020511
1.746442432,1.587301587,0.68200046,0.682019977,0.686212182,0.703426293,0.660574627,-0.004211722
1.778783959,1.587301587,0.672169606,0.672162768,0.678397876,0.693593799,0.650745413,-0.00622827
1.811125485,1.587301587,0.662529954,0.66244054,0.670583571,0.683951643,0.641108265,-0.008053617
1.843467012,1.587301587,0.653073523,0.653080406,0.662769266,0.674492476,0.63165457,-0.009695742
1.875808538,1.587301587,0.643775835,0.64385622,0.65495496,0.665192592,0.622359079,-0.011179125
1.908150065,1.587301587,0.634617569,0.634393537,0.647140655,0.656033159,0.613201979,-0.012523086
1.940491591,1.587301587,0.625601717,0.625627548,0.639326349,0.647017284,0.604186151,-0.013724632
1.972833118,1.587301587,0.616753144,0.617113482,0.631512044,0.6381698,0.595336488,-0.0147589
2.005174644,1.587301587,0.608100446,0.608218397,0.623697739,0.629519011,0.58668188,-0.015597293
2.037516171,1.587301587,0.599652182,0.599871839,0.615883433,0.621072378,0.578231987,-0.016231251
2.069857697,1.587301587,0.591383416,0.591316726,0.608069128,0.612803667,0.569963165,-0.016685712
2.102199224,1.587301587,0.583242059,0.583085915,0.600254822,0.604660959,0.561823159,-0.017012763
2.13454075,1.587301587,0.575172207,0.574963721,0.592440517,0.596589184,0.553755229,-0.017268311
2.166882277,1.587301587,0.567141052,0.566939104,0.584626212,0.588553925,0.545728179,-0.017485159
2.199223803,1.587301587,0.559153641,0.559042241,0.576811906,0.580558215,0.537749067,-0.017658265
2.23156533,1.587301587,0.55124677,0.55119671,0.568997601,0.572644074,0.529849467,-0.01775083
2.263906856,1.587301587,0.543465583,0.543537585,0.561183296,0.564866878,0.522064289,-0.017717712
2.296248383,1.587301587,0.535836494,0.535930656,0.55336899,0.557252231,0.514420756,-0.017532496
2.328589909,1.587301587,0.528352203,0.528470902,0.545554685,0.54978083,0.506923576,-0.017202482
2.360931436,1.587301587,0.520977455,0.521050654,0.537740379,0.542422329,0.499532581,-0.016762924
2.393272962,1.587301587,0.513671935,0.51372527,0.529926074,0.535158286,0.492185583,-0.016254139
2.425614489,1.587301587,0.50641623,0.506539935,0.522111768,0.527953035,0.484879426,-0.015695538
2.457956016,1.587301587,0.499224001,0.499301771,0.514297463,0.520780738,0.477667263,-0.015073462
2.490297542,1.587301587,0.492130079,0.492235893,0.506483158,0.513758437,0.470501721,-0.014353079
2.522639069,1.587301587,0.485156948,0.485344566,0.498668852,0.50703892,0.463274976,-0.013511904
2.554980595,1.587301587,0.478274326,0.478355369,0.490854547,0.500447586,0.456101066,-0.012580221
2.587322122,1.587301587,0.471372232,0.471601109,0.483040241,0.495439095,0.447305368,-0.01166801
0.388098318,1.984126984,0.733290372,0.734166068,1.018949167,0.759985518,0.706595225,-0.285658795
0.420439845,1.984126984,0.757206024,0.756045135,1.011134862,0.780493347,0.733918702,-0.253928837
0.452781371,1.984126984,0.778369157,0.776481843,1.003320556,0.801432839,0.755305475,-0.224951399
0.485122898,1.984126984,0.796980642,0.795741972,0.995506251,0.819747626,0.774213657,-0.198525609
0.517464424,1.984126984,0.813843097,0.814041569,0.987691946,0.836413871,0.791272323,-0.173848848
0.549805951,1.984126984,0.829939779,0.831391003,0.97987764,0.852440604,0.807438954,-0.149937861
0.582147477,1.984126984,0.846032205,0.847961903,0.972063335,0.868470496,0.823593913,-0.12603113
0.614489004,1.984126984,0.862397802,0.863747828,0.964249029,0.884772712,0.840022891,-0.101851228
0.64683053,1.984126984,0.878779458,0.878750101,0.956434724,0.901112778,0.856446139,-0.077655266
0.679172057,1.984126984,0.894545462,0.892839994,0.948620419,0.91684481,0.872246114,-0.054074956
0.711513583,1.984126984,0.908985133,0.906190173,0.940806113,0.93124697,0.886723295,-0.031820981
0.74385511,1.984126984,0.921618263,0.918831283,0.932991808,0.943853506,0.899383019,-0.011373545
0.776196636,1.984126984,0.932393118,0.930446758,0.925177502,0.954612066,0.91017417,0.007215615
0.808538163,1.984126984,0.941691263,0.941316678,0.917363197,0.963854991,0.919527536,0.024328066
0.84087969,1.984126984,0.950133293,0.95120186,0.909548891,0.972138638,0.928127947,0.040584401
0.873221216,1.984126984,0.958259906,0.960061241,0.901734586,0.979995579,0.936524233,0.05652532
0.905562743,1.984126984,0.966216339,0.967750848,0.893920281,0.987646459,0.944786218,0.072296058
0.918499353,1.984126984,0.969274783,0.970455659,0.890794559,0.990596892,0.947952673,0.078480224
0.931435964,1.984126984,0.972189385,0.972929834,0.887668836,0.993419697,0.950959074,0.084520549
0.937904269,1.984126984,0.973572357,0.974064209,0.886105975,0.994763711,0.952381004,0.087466382
0.944372574,1.984126984,0.974893594,0.975145048,0.884543114,0.996050777,0.953736411,0.090350479
0.957309185,1.984126984,0.977311419,0.977078899,0.881417392,0.998414279,0.956208559,0.095894027
0.970245796,1.984126984,0.979361117,0.978698279,0.87829167,1.000426772,0.958295461,0.101069447
0.983182406,1.984126984,0.980959343,0.979985076,0.875165948,1.002002301,0.959916385,0.105793396
0.996119017,1.984126984,0.982025525,0.980888264,0.872040226,1.003057768,0.960993281,0.109985299
1.002587322,1.984126984,0.982335746,0.981175543,0.870477365,1.003366587,0.961304904,0.111858381
1.009055627,1.984126984,0.98248618,0.981358453,0.868914504,1.003518146,0.961454214,0.113571677
1.021992238,1.984126984,0.982278938,0.981339765,0.865788781,1.003320997,0.961236879,0.116490156
1.034928849,1.984126984,0.981355989,0.980775374,0.862663059,1.002419929,0.960292049,0.11869293
1.047865459,1.984126984,0.979686785,0.979582225,0.859537337,1.000786798,0.958586771,0.120149447
1.06080207,1.984126984,0.977259798,0.977682871,0.856411615,0.998412589,0.956107006,0.120848183
1.067270375,1.984126984,0.975763941,0.976440703,0.854848754,0.996949954,0.954577928,0.120915187
1.07373868,1.984126984,0.974083272,0.974996415,0.853285893,0.99530717,0.952859373,0.120797379
1.086675291,1.984126984,0.970184901,0.971471096,0.850160171,0.991498095,0.948871707,0.120024731
1.099611902,1.984126984,0.965610496,0.967091486,0.847034448,0.987028778,0.944192213,0.118576047
1.131953428,1.984126984,0.951652092,0.952740376,0.839220143,0.973367876,0.929936308,0.112431949
1.164294955,1.984126984,0.935126509,0.935195938,0.831405838,0.957105927,0.91314709,0.103720671
1.196636481,1.984126984,0.917399645,0.916937524,0.823591532,0.9395358,0.89526349,0.093808113
1.228978008,1.984126984,0.899617999,0.899149022,0.815777227,0.921808348,0.87742765,0.083840772
1.261319534,1.984126984,0.882487876,0.882076344,0.807962921,0.904684983,0.860290769,0.074524955
1.293661061,1.984126984,0.866241022,0.865758025,0.800148616,0.888442684,0.84403936,0.066092406
1.326002587,1.984126984,0.8507665,0.850171626,0.792334311,0.872978764,0.828554237,0.05843219
1.358344114,1.984126984,0.835825638,0.835236106,0.784520005,0.858044458,0.813606817,0.051305633
1.39068564,1.984126984,0.821246274,0.820916205,0.7767057,0.843464028,0.799028519,0.044540574
1.423027167,1.984126984,0.807018962,0.807116237,0.768891394,0.829233583,0.784804342,0.038127568
1.455368693,1.984126984,0.793274309,0.793890775,0.761077089,0.815488386,0.771060231,0.03219722
1.48771022,1.984126984,0.780178313,0.781015581,0.753262784,0.802394316,0.757962311,0.02691553
1.520051746,1.984126984,0.767815046,0.768554313,0.745448478,0.79003419,0.745595902,0.022366568
1.552393273,1.984126984,0.756121224,0.756530981,0.737634173,0.778344675,0.733897772,0.018487051
1.584734799,1.984126984,0.744902321,0.744803349,0.729819868,0.767130981,0.722673662,0.015082454
1.617076326,1.984126984,0.7339151,0.733385693,0.722005562,0.756148474,0.711681726,0.011909538
1.649417853,1.984126984,0.722969766,0.72217794,0.714191256,0.745206179,0.700733353,0.008778509
1.681759379,1.984126984,0.712000096,0.711327217,0.706376951,0.734237999,0.689762193,0.005623145
1.714100906,1.984126984,0.701071003,0.700844708,0.698562646,0.723309547,0.678832458,0.002508357
1.746442432,1.984126984,0.690326642,0.690366492,0.69074834,0.712565107,0.668088176,-0.000421699
1.778783959,1.984126984,0.679910266,0.680370902,0.682934035,0.70214766,0.657672872,-0.003023769
1.811125485,1.984126984,0.669896557,0.670419301,0.67511973,0.692132317,0.647660796,-0.005223173
1.843467012,1.984126984,0.660265702,0.660592991,0.667305424,0.682500691,0.638030713,-0.007039722
1.875808538,1.984126984,0.650924532,0.650912755,0.659491119,0.673160803,0.628688261,-0.008566587
1.908150065,1.984126984,0.641756883,0.641623674,0.651676813,0.663996239,0.619517527,-0.00991993
1.940491591,1.984126984,0.632674475,0.632329069,0.643862508,0.654917585,0.610431365,-0.011188033
1.972833118,1.984126984,0.623644399,0.623470432,0.636048203,0.645891451,0.601397348,-0.012403803
2.005174644,1.984126984,0.614685113,0.614466345,0.628233897,0.636936488,0.592433737,-0.013548784
2.037516171,1.984126984,0.605839866,0.605678786,0.620419592,0.628095501,0.583584231,-0.014579726
2.069857697,1.984126984,0.597145968,0.597112395,0.612605286,0.619404882,0.574887054,-0.015459318
2.102199224,1.984126984,0.588616501,0.588726288,0.604790981,0.610878047,0.566354956,-0.01617448
2.13454075,1.984126984,0.580240919,0.580427417,0.596976676,0.602505644,0.557976194,-0.016735757
2.166882277,1.984126984,0.571999212,0.572063799,0.58916237,0.594267655,0.54973077,-0.017163158
2.199223803,1.984126984,0.563877672,0.563925596,0.581348065,0.586150887,0.541604458,-0.017470393
2.23156533,1.984126984,0.555875641,0.555803221,0.573533759,0.578159249,0.533592033,-0.017658118
2.263906856,1.984126984,0.548000121,0.547974518,0.565719454,0.570303628,0.525696615,-0.017719333
2.296248383,1.984126984,0.54025353,0.540157662,0.557905149,0.562581641,0.517925419,-0.017651618
2.328589909,1.984126984,0.532624181,0.532606334,0.550090843,0.554977415,0.510270947,-0.017466662
2.360931436,1.984126984,0.525086984,0.524951427,0.542276538,0.5474785,0.502695467,-0.017189554
2.393272962,1.984126984,0.51761504,0.517410225,0.534462233,0.540067176,0.495162904,-0.016847193
2.425614489,1.984126984,0.510195477,0.510224029,0.526647927,0.53270604,0.487684914,-0.01645245
2.457956016,1.984126984,0.502839403,0.502912767,0.518833621,0.525415101,0.480263705,-0.015994219
2.490297542,1.984126984,0.495578206,0.495589083,0.511019316,0.518346362,0.47281005,-0.01544111
2.522639069,1.984126984,0.488445374,0.488453549,0.503205011,0.511512511,0.465378237,-0.014759637
2.554980595,1.984126984,0.481450853,0.481387564,0.495390705,0.504750247,0.458151459,-0.013939852
2.587322122,1.984126984,0.474559689,0.474412466,0.4875764,0.501270546,0.447848833,-0.01301671
0.388098318,0.595238095,0.775214869,0.774040217,1.003072612,0.7979144,0.752515339,-0.227857743
0.420439845,0.595238095,0.80434119,0.797165174,0.995258307,0.825762466,0.782919915,-0.190917116
0.452781371,0.595238095,0.824262762,0.818681299,0.987444001,0.84553132,0.802994203,-0.16318124
0.485122898,0.595238095,0.839823663,0.839238894,0.979629696,0.860952735,0.81869459,-0.139806033
0.517464424,0.595238095,0.854413832,0.858894637,0.971815391,0.875506603,0.833321061,-0.117401559
0.549805951,0.595238095,0.86961599,0.877554996,0.964001085,0.890684793,0.848547187,-0.094385095
0.582147477,0.595238095,0.885591659,0.895442549,0.95618678,0.906623443,0.864559876,-0.070595121
0.614489004,0.595238095,0.901876666,0.912621606,0.948372474,0.922889755,0.880863578,-0.046495808
0.64683053,0.595238095,0.918133943,0.928918441,0.940558169,0.939140903,0.897126983,-0.022424226
0.679172057,0.595238095,0.934496503,0.944584294,0.932743863,0.955489817,0.913503189,0.00175264
0.711513583,0.595238095,0.951378685,0.959420122,0.924929558,0.972353392,0.930403979,0.026449127
0.74385511,0.595238095,0.968919331,0.973541389,0.917115253,0.989881958,0.947956704,0.051804079
0.776196636,0.595238095,0.986410419,0.986748461,0.909300947,1.007365857,0.965454981,0.077109471
0.808538163,0.595238095,1.002071433,0.999121394,0.901486642,1.023007527,0.981135339,0.100584791
0.84087969,0.595238095,1.013355538,1.010480514,0.893672336,1.034238978,0.992472098,0.119683202
0.873221216,0.595238095,1.017707646,1.020547833,0.885858031,1.038499575,0.996915718,0.131849615
0.905562743,0.595238095,1.013467573,1.028729755,0.878043726,1.034153091,0.992782055,0.135423848
0.918499353,0.595238095,1.009283384,1.017591828,0.874918004,1.029931088,0.98863568,0.13436538
0.931435964,0.595238095,1.003760622,1.00420514,0.871792281,1.024376433,0.983144811,0.13196834
0.937904269,0.595238095,1.000531694,0.99819763,0.87022942,1.02113413,0.979929257,0.130302273
0.944372574,0.595238095,0.997014286,0.992481835,0.868666559,1.017605128,0.976423444,0.128347727
0.957309185,0.595238095,0.989196236,0.981660464,0.865540837,1.00976906,0.968623413,0.123655399
0.970245796,0.595238095,0.980487646,0.971727311,0.862415115,1.001048629,0.959926663,0.118072531
0.983182406,0.595238095,0.971089964,0.962266201,0.859289393,0.991644085,0.950535844,0.111800571
0.996119017,0.595238095,0.961214992,0.95322534,0.856163671,0.981766065,0.940663919,0.105051322
1.002587322,0.595238095,0.956165039,0.94886948,0.85460081,0.976715768,0.935614309,0.101564229
1.009055627,0.595238095,0.951074736,0.944579128,0.853037949,0.971625854,0.930523618,0.098036787
1.021992238,0.595238095,0.940871654,0.936248016,0.849912226,0.961425887,0.920317422,0.090959428
1.034928849,0.595238095,0.930789918,0.928223659,0.846786504,0.951350999,0.910228837,0.084003414
1.047865459,0.595238095,0.920988152,0.920419471,0.843660782,0.941560949,0.900415355,0.07732737
1.06080207,0.595238095,0.911594039,0.912889366,0.84053506,0.932184621,0.891003457,0.071058979
1.067270375,0.595238095,0.907080438,0.909177468,0.838972199,0.927682468,0.886478407,0.068108239
1.07373868,0.595238095,0.902701025,0.905550502,0.837409338,0.923316276,0.882085774,0.065291687
1.086675291,0.595238095,0.894367169,0.898412777,0.834283615,0.915014001,0.873720337,0.060083554
1.099611902,0.595238095,0.886616096,0.8914387,0.831157893,0.907300485,0.865931708,0.055458203
1.131953428,0.595238095,0.869669842,0.874779032,0.823343588,0.890460401,0.848879283,0.046326254
1.164294955,0.595238095,0.855488425,0.859032828,0.815529282,0.876370268,0.834606582,0.039959143
1.196636481,0.595238095,0.842837525,0.844121058,0.807714977,0.863771041,0.821904008,0.035122548
1.228978008,0.595238095,0.83056136,0.829840878,0.799900672,0.851513403,0.809609316,0.030660688
1.261319534,0.595238095,0.817953361,0.816150893,0.792086366,0.838911861,0.796994861,0.025866994
1.293661061,0.595238095,0.804853947,0.803068919,0.784272061,0.82581926,0.783888634,0.020581886
1.326002587,0.595238095,0.7915178,0.790455492,0.776457756,0.81249016,0.770545441,0.015060045
1.358344114,0.595238095,0.778370702,0.778218714,0.76864345,0.799347724,0.757393681,0.009727252
1.39068564,0.595238095,0.765783568,0.766405528,0.760829145,0.786763426,0.744803709,0.004954423
1.423027167,0.595238095,0.753944038,0.754931234,0.753014839,0.774926199,0.732961877,0.000929199
1.455368693,0.595238095,0.742840237,0.743854829,0.745200534,0.763823979,0.721856494,-0.002360297
1.48771022,0.595238095,0.732321689,0.732973914,0.737386229,0.75330595,0.711337428,-0.00506454
1.520051746,0.595238095,0.722185752,0.722514132,0.729571923,0.743169994,0.70120151,-0.007386171
1.552393273,0.595238095,0.712249642,0.712241365,0.721757618,0.733233676,0.691265608,-0.009507976
1.584734799,0.595238095,0.702391523,0.702171511,0.713943312,0.723374807,0.681408239,-0.011551789
1.617076326,0.595238095,0.692562715,0.692346493,0.706129007,0.713544597,0.671580833,-0.013566292
1.649417853,0.595238095,0.682780036,0.682669233,0.698314701,0.703760531,0.661799541,-0.015534665
1.681759379,0.595238095,0.673105638,0.67330766,0.690500396,0.694085366,0.65212591,-0.017394758
1.714100906,0.595238095,0.663618897,0.66412245,0.682686091,0.684598549,0.642639245,-0.019067194
1.746442432,0.595238095,0.654385734,0.65506403,0.674871785,0.675365975,0.633405493,-0.020486052
1.778783959,0.595238095,0.645434024,0.6462283,0.66705748,0.666415493,0.624452555,-0.021623456
1.811125485,0.595238095,0.636744754,0.637641217,0.659243175,0.657727567,0.61576194,-0.022498421
1.843467012,0.595238095,0.628263583,0.628948007,0.651428869,0.649247095,0.607280071,-0.023165286
1.875808538,0.595238095,0.619927719,0.620566574,0.643614564,0.640911221,0.598944217,-0.023686844
1.908150065,0.595238095,0.611694267,0.612279178,0.635800258,0.632677352,0.590711182,-0.024105991
1.940491591,0.595238095,0.603554737,0.604093947,0.627985953,0.624536466,0.582573008,-0.024431216
1.972833118,0.595238095,0.595528171,0.595955759,0.620171647,0.616506921,0.574549422,-0.024643476
2.005174644,0.595238095,0.587638211,0.588128478,0.612357342,0.608613514,0.566662908,-0.024719131
2.037516171,0.595238095,0.579889403,0.580462831,0.604543037,0.600862968,0.558915837,-0.024653634
2.069857697,0.595238095,0.572258508,0.572718558,0.596728731,0.593232242,0.551284774,-0.024470224
2.102199224,0.595238095,0.564706787,0.565011111,0.588914426,0.585681381,0.543732193,-0.024207639
2.13454075,0.595238095,0.557205175,0.557434913,0.581100121,0.578182062,0.536228287,-0.023894946
2.166882277,0.595238095,0.549754978,0.550058443,0.573285815,0.570736726,0.528773229,-0.023530837
2.199223803,0.595238095,0.542388648,0.542919114,0.56547151,0.563374989,0.521402308,-0.023082861
2.23156533,0.595238095,0.535147743,0.535462996,0.557657204,0.556135797,0.514159689,-0.022509461
2.263906856,0.595238095,0.528050872,0.528733263,0.549842899,0.549042778,0.507058966,-0.021792027
2.296248383,0.595238095,0.521073159,0.521504144,0.542028594,0.542075714,0.500070604,-0.020955435
2.328589909,0.595238095,0.514154078,0.514822269,0.534214288,0.535166287,0.493141869,-0.02006021
2.360931436,0.595238095,0.507233887,0.507905683,0.526399983,0.528250516,0.486217258,-0.019166096
2.393272962,0.595238095,0.500299312,0.501180782,0.518585677,0.521334061,0.479264564,-0.018286365
2.425614489,0.595238095,0.49340822,0.494398785,0.510771372,0.514481815,0.472334625,-0.017363152
2.457956016,0.595238095,0.4866685,0.48723706,0.502957066,0.507769008,0.465567993,-0.016288566
2.490297542,0.595238095,0.480167336,0.480862363,0.495142761,0.501305156,0.459029516,-0.014975425
2.522639069,0.595238095,0.47387396,0.474160666,0.487328456,0.495150859,0.452597061,-0.013454495
2.554980595,0.595238095,0.46755847,0.468351942,0.47951415,0.488985781,0.446131158,-0.011955681
2.587322122,0.595238095,0.460770733,0.461293852,0.471699845,0.483471474,0.438069992,-0.010929112
