T,P,NIST,PR,New,PR_rate,New_rate,,,,,,,,,,,,,,,,,,,,,,,,,,,,,,,,,,,,,,,,
220,100000,2.439412032,2.437993622,2.438736388,-0.058145543,0.027696994,0.027696994,220,1000000,1167.03286,1220.61139,1172.989489,-97.58389846,0.510407993,220,5000000,1175.623641,1229.455056,1174.04503,4.578966645,0.134278603,0.134278603,220,7000000,1179.717623,1235.005256,1178.869498,4.68651412,-0.071892201,0.071892201,220,8000000,1181.718477,1237.69142,1181.090411,4.73657174,-0.053148526,0.053148526,220,10000000,1185.633186,1242.898179,1185.156072,4.82990813,-0.040241218,0.040241218
225,100000,2.382765249,2.381908828,2.382595077,-0.035942307,-0.007141757,0.007141757,225,1000000,1148.318089,1198.820322,1159.954592,-97.62744858,1.013351885,225,5000000,1157.718423,1209.196248,1157.708086,4.446489164,0.000892877,0.000892877,225,7000000,1162.173812,1215.362469,1161.826516,4.576652475,-0.02988336,0.02988336,225,8000000,1164.346005,1218.338276,1163.957593,4.637132845,-0.033358789,0.033358789,225,10000000,1168.586394,1224.091483,1168.41311,4.74976339,-0.014828532,0.014828532
230,100000,2.328819688,2.328405163,2.328865092,-0.017799775,0.001949656,0.001949656,230,1000000,1128.97223,1175.733273,1146.543346,-97.66419714,1.556381595,230,5000000,1139.309618,1187.889264,1140.237932,4.26395465,0.081480397,0.081480397,230,7000000,1144.177726,1194.763438,1144.166291,4.421141137,-0.000999412,0.000999412,230,8000000,1146.544439,1198.069994,1146.2845,4.493986783,-0.022671523,0.022671523,230,10000000,1151.152617,1204.443653,1151.071714,4.629363273,-0.007027966,0.007027966
235,100000,2.277373063,2.277304533,2.277459176,-0.003009168,0.003781237,0.003781237,235,1000000,25.66505944,25.56424667,25.45595682,-0.392801619,0.814736551,235,5000000,1120.321746,1165.422552,1121.372128,4.025701197,0.093757173,0.093757173,235,7000000,1125.665698,1173.116898,1125.918899,4.215389997,0.022493378,0.022493378,235,8000000,1128.255143,1176.803777,1128.163871,4.302983626,-0.008089651,0.008089651,235,10000000,1133.28186,1183.886186,1133.179371,4.465290371,-0.009043525,0.009043525
240,100000,2.228244504,2.22844519,2.228288339,0.009006437,0.001967248,0.001967248,240,1000000,24.85656808,24.816737,24.76629183,-0.160243697,0.363188714,240,5000000,1100.663755,1141.661533,1101.020384,3.724823129,0.032401267,0.032401267,240,7000000,1106.562376,1150.314999,1107.009687,3.953922881,0.040423468,0.040423468,240,8000000,1109.409321,1154.442713,1109.569063,4.059222391,0.014398838,0.014398838,240,10000000,1114.916411,1162.340317,1114.787805,4.253584073,-0.011535018,0.011535018
245,100000,2.181271556,2.181679867,2.181252734,0.018718943,-0.000862861,0.000862861,245,1000000,24.11681159,24.12087738,24.09659295,0.016858739,0.08383629,245,5000000,1080.223601,1116.441055,1079.381929,3.352773759,0.077916461,0.077916461,245,7000000,1086.777135,1126.22858,1087.241408,3.630132041,0.042720147,0.042720147,245,8000000,1089.925092,1130.872024,1090.30095,3.756857531,0.034484822,0.034484822,245,10000000,1095.988879,1139.714674,1095.900077,3.989620286,-0.008102471,0.008102471
250,100000,2.136307699,2.136874164,2.136240079,0.026516091,-0.003165266,0.003165266,250,1000000,23.43519878,23.47072945,23.44760336,0.151612401,0.052931405,250,5000000,1058.860083,1089.554271,1056.962487,2.89879548,0.179211213,0.179211213,250,7000000,1066.198959,1100.70052,1066.368021,3.235940182,0.015856557,0.015856557,250,8000000,1069.703401,1105.953915,1070.036449,3.388837849,0.031134565,0.031134565,250,10000000,1076.419569,1115.902161,1076.42814,3.667955535,0.000796178,0.000796178
255,100000,2.093220297,2.093905152,2.093129556,0.032717772,-0.004334976,0.004334976,255,1000000,22.80341488,22.86131176,22.82356461,0.253895669,0.088362774,255,5000000,1036.390542,1060.735635,1034.387401,2.349026928,0.193280517,0.193280517,255,7000000,1044.689135,1073.536117,1044.240202,2.761298161,-0.04297284,0.04297284,255,8000000,1048.622338,1079.520292,1048.482315,2.946528339,-0.013352984,0.013352984,255,10000000,1056.11298,1090.775795,1056.188812,3.282112352,0.007180245,0.007180245
260,100000,2.051888866,2.052660148,2.051798191,0.037588883,-0.004419109,0.004419109,260,1000000,22.2148497,22.28840393,22.22967616,0.331103871,0.066741212,260,5000000,1012.571933,1029.633657,1011.977468,1.684988857,0.058708422,0.058708422,260,7000000,1022.070657,1044.488704,1020.935117,2.193395086,-0.111101886,0.111101886,260,8000000,1026.529073,1051.362214,1025.563548,2.419136574,-0.094057237,0.094057237,260,10000000,1034.953053,1064.182984,1034.951611,2.824275957,-0.000139381,0.000139381
265,100000,2.012203624,2.01303566,2.012127104,0.041349511,-0.003802786,0.003802786,265,1000000,21.66416942,21.7483987,21.66980248,0.388795342,0.026001735,265,5000000,987.0689188,995.7646718,989.2114339,0.880967155,0.217058309,0.217058309,265,7000000,998.111519,1013.237207,996.741724,1.51543062,-0.137238677,0.137238677,265,8000000,1003.227521,1021.214032,1001.516403,1.792864638,-0.170561321,0.170561321,265,10000000,1012.796249,1035.937506,1012.522282,2.28488774,-0.027050522,0.027050522
270,100000,1.974064247,1.974936449,1.974006059,0.044183073,-0.002947657,0.002947657,270,1000000,21.14700655,21.2381885,21.14518767,0.431181329,0.008601123,270,5000000,959.3936952,958.4283394,964.3263783,-0.100621454,0.514145874,0.514145874,270,7000000,972.4959234,979.3493574,971.8983284,0.704726237,-0.061449619,0.061449619,270,8000000,978.4578428,988.7285797,976.7499904,1.049686195,-0.174545324,0.174545324,270,10000000,989.4607858,1005.807961,988.8138048,1.652129649,-0.065387223,0.065387223
275,100000,1.937378814,1.938274713,1.937335796,0.04624284,-0.00222041,0.00222041,275,1000000,20.65973555,20.75507712,20.6543595,0.461484952,0.026021872,275,5000000,928.7816347,916.5370197,934.2128054,-1.318352399,0.58476293,0.58476293,275,7000000,944.7720745,942.2174595,946.0976982,-0.270394848,0.140311478,0.140311478,275,8000000,951.8612331,953.4363101,951.4248969,0.165473383,-0.045840317,0.045840317,275,10000000,964.7097791,973.5006087,963.8396845,0.911240851,-0.090192369,0.090192369
280,100000,1.902062893,1.902969363,1.902028374,0.047657215,-0.001814812,0.001814812,280,1000000,20.19930914,20.29671024,20.19392267,0.482200193,0.026666605,280,5000000,893.9029931,868.2185164,894.3957009,-2.873295753,0.05511871,0.05511871,280,7000000,914.2521345,900.9365348,917.9381607,-1.456447215,0.403173926,0.403173926,280,8000000,922.917213,914.6736234,924.8715152,-0.893210086,0.21175271,0.21175271,280,10000000,938.2246922,938.6329642,937.5789034,0.043515381,-0.068830931,0.068830931
285,100000,1.868038751,1.868945384,1.868006042,0.048533986,-0.001750967,0.001750967,285,1000000,19.76313775,19.86102006,19.75972099,0.495277173,0.01728855,285,5000000,852.0370827,809.6580886,838.2058247,-4.973843856,1.623316435,1.623316435,285,7000000,879.7961549,854.0455793,884.5347942,-2.926879763,0.538606497,0.538606497,285,8000000,890.8206626,871.446271,895.1149256,-2.174892481,0.482056959,0.482056959,285,10000000,909.5605161,900.6913962,909.7153686,-0.975099483,0.017024977,0.017024977
290,100000,1.835234673,1.836133273,1.835199325,0.048963793,-0.00192607,0.00192607,290,1000000,19.34899937,19.44618067,19.34787587,0.502254907,0.005806502,290,5000000,148.4131468,150.7623298,152.1774314,391.7793876,2.536355223,2.536355223,290,7000000,839.2525766,798.8790223,841.2186255,-4.810655993,0.234261874,0.234261874,290,8000000,854.2020949,822.1380321,858.6789195,-3.753685805,0.524094312,0.524094312,290,10000000,878.0593088,858.9595992,879.3275577,-2.175218615,0.144437726,0.144437726
295,100000,1.80358436,1.804468531,1.803544906,0.049022949,-0.002187569,0.002187569,295,1000000,18.95497108,19.05057192,18.95539616,0.504357627,0.002242578,295,5000000,136.8519114,139.8987478,139.1422399,2.226374725,1.673581667,1.673581667,295,7000000,787.6317979,729.4247992,780.3826284,-7.390128085,-0.920375421,0.920375421,295,8000000,810.4030342,763.77866,810.4131241,-5.753232935,0.001245048,0.001245048,295,10000000,842.6721905,812.3907314,844.6377421,-3.593504022,0.233252225,0.233252225
300,100000,1.773026407,1.773891215,1.772983834,0.048775796,-0.002401191,0.002401191,300,1000000,18.57937604,18.67274969,18.58029634,0.502566161,0.004953342,300,5000000,128.3982828,131.4896363,129.3415481,2.407628414,0.734640121,0.734640121,300,7000000,706.0562207,623.0796325,683.7313179,-11.75212196,-3.161915748,3.161915748,300,8000000,753.1674323,689.6392899,742.1075882,-8.434796789,-1.468444291,1.468444291,300,10000000,801.6163419,759.3637712,802.860206,-5.270921821,0.155169504,0.155169504
305,100000,1.743503836,1.744345542,1.743460361,0.048276676,-0.002493521,0.002493521,305,1000000,18.22074198,18.31142147,18.22135826,0.497671819,0.003382299,305,5000000,121.6942292,124.6721985,121.8646365,2.447091636,0.140029072,0.140029072,305,7000000,243.0815294,249.1328054,255.39539,2.489401823,5.065732744,5.065732744,305,8000000,656.7657092,575.3346739,632.789705,-12.39879522,-3.650617544,3.650617544,305,10000000,751.6719894,697.1946292,749.9921096,-7.247491056,-0.223485752,0.223485752
310,100000,1.71496369,1.715779525,1.714921485,0.047571563,-0.002460975,0.002460975,310,1000000,17.87776816,17.96542592,17.87775782,0.490317182,5.78372E-05,310,5000000,116.1292226,118.9406325,115.9617061,2.420932267,0.144250083,0.144250083,310,7000000,210.6251566,216.7599755,213.2147336,2.912671502,1.229471855,1.229471855,310,8000000,327.71209,330.995592,341.8010502,1.001947166,4.299188409,4.299188409,310,10000000,685.7732066,621.2350217,680.0467157,-9.411009987,-0.835041509,0.835041509
315,100000,1.687356669,1.688144654,1.68731701,0.046699398,-0.002350366,0.002350366,315,1000000,17.54929905,17.63371586,17.54874873,0.481026706,0.003135852,315,5000000,111.3707147,114.000745,111.142605,2.361509758,0.204820182,0.204820182,315,7000000,191.9693748,197.583949,191.9253431,2.924723926,-0.022936853,0.022936853,315,8000000,261.2862278,267.58299,261.0017454,2.409909722,-0.108877705,0.108877705,315,10000000,586.0223618,525.434663,583.0106125,-10.33880321,-0.513930786,0.513930786
320,100000,1.660636812,1.661395609,1.660599852,0.045693162,-0.002225608,0.002225608,320,1000000,17.23430305,17.31534387,17.23349919,0.470229699,0.004664302,320,5000000,107.2156509,109.6651419,107.0611137,2.284639396,0.144136792,0.144136792,320,7000000,178.7400666,183.8177363,177.9410927,2.840812234,-0.447003217,0.447003217,320,8000000,231.9089537,237.9850729,230.1209905,2.620045087,-0.770976389,0.770976389,320,10000000,448.2772002,423.2741393,455.273483,-5.577589239,1.560704577,1.560704577
325,100000,1.634761205,1.635489994,1.634726268,0.044580767,-0.002137171,0.002137171,325,1000000,16.93185514,17.00945012,16.93107832,0.458278035,0.00458792,325,5000000,103.5301839,105.806605,103.477683,2.198799496,0.050710718,0.050710718,325,7000000,168.4809457,173.0720203,167.7285061,2.724981516,-0.446602169,0.446602169,325,8000000,212.8993553,218.4711507,211.2940307,2.617103003,-0.754029837,0.754029837,325,10000000,358.0392543,353.566176,359.5232297,-1.249326214,0.414472838,0.414472838
330,100000,1.609689731,1.610388108,1.609655835,0.043385817,-0.002105709,0.002105709,330,1000000,16.64112241,16.71525201,16.64053006,0.445460313,0.003559556,330,5000000,100.2211022,102.3345812,100.2408582,2.108816417,0.019712415,0.019712415,330,7000000,160.1095206,164.2702893,159.6907174,2.598701624,-0.261572983,0.261572983,330,8000000,198.8735306,203.9322042,197.9161165,2.543663594,-0.481418525,0.481418525,330,10000000,310.2550227,311.3656639,309.3439725,0.357976863,-0.293645566,0.293645566
335,100000,1.585384832,1.586052727,1.585351179,0.042128254,-0.002122661,0.002122661,335,1000000,16.36135202,16.43203526,16.36096222,0.43201341,0.002382444,335,5000000,97.22073903,99.18220899,97.26730821,2.017542745,0.047900459,0.047900459,335,7000000,153.0479365,156.8294125,152.9599134,2.470778825,-0.0575134,0.0575134,335,8000000,187.7888063,192.3770404,187.4596767,2.443294773,-0.175265802,0.175265802,335,10000000,280.1066858,282.9525266,278.9476921,1.01598459,-0.413768664,0.413768664
340,100000,1.561811307,1.562448915,1.561777529,0.040824914,-0.002162725,0.002162725,340,1000000,16.09186107,16.15914627,16.0916025,0.418131911,0.001606837,340,5000000,94.47833493,96.29865348,94.5175942,1.926704735,0.041553728,0.041553728,340,7000000,146.9499879,150.3961289,147.0586172,2.345111454,0.073922618,0.073922618,340,8000000,178.6472469,182.8151821,178.720117,2.333053112,0.040789929,0.040789929,340,10000000,258.615289,262.0023522,257.8528003,1.309691766,-0.294835128,0.294835128
345,100000,1.538936124,1.53954385,1.538902274,0.039490001,-0.002199564,0.002199564,345,1000000,15.832028,15.89598555,15.83180737,0.403975719,0.001393568,345,5000000,91.95478604,93.64432847,91.97297282,1.837362145,0.019777959,0.019777959,345,7000000,141.5913437,144.7395336,141.7490378,2.223433877,0.111372742,0.111372742,345,8000000,170.8858874,174.6802324,171.1079356,2.220396944,0.129939507,0.129939507,345,10000000,242.1090936,245.5953421,241.8215261,1.439949413,-0.118775996,0.118775996
350,100000,1.516728249,1.517306661,1.516694621,0.03813548,-0.002217134,0.002217134,350,1000000,15.58128535,15.64200191,15.58103621,0.389676165,0.001598969,350,5000000,89.61929703,91.18778573,89.61908233,1.750168498,0.000239569,0.000239569,350,7000000,136.8180808,139.7001165,136.9296061,2.106472865,0.0815136,0.0815136,350,8000000,164.1555933,167.6172825,164.3506588,2.108785444,0.11882968,0.11882968,350,10000000,228.8043507,232.20803,228.8459755,1.487593769,0.01819233,0.01819233
355,100000,1.495158496,1.495708287,1.495125406,0.036771406,-0.002213135,0.002213135,355,1000000,15.33911356,15.39668753,15.33881324,0.375340927,0.001957871,355,5000000,87.44716388,88.903616,87.43853257,1.665522419,0.009870314,0.009870314,355,7000000,132.5198669,135.1629424,132.5566535,1.994474885,0.027759282,0.027759282,355,8000000,158.2247055,161.3890098,158.3212765,1.999880045,0.061034048,0.061034048,355,10000000,217.7159366,220.9593216,217.8954264,1.489732463,0.082442203,0.082442203
360,100000,1.474199387,1.474721345,1.474167021,0.035406208,-0.002195522,0.002195522,360,1000000,15.10503565,15.1595736,15.1046963,0.361058026,0.002246602,360,5000000,85.418256,86.77098902,85.41049858,1.583657974,0.009081689,0.009081689,360,7000000,128.6148462,131.0423918,128.5954919,1.887453609,-0.015048275,0.015048275,360,8000000,152.9315309,155.8287983,152.9383338,1.89448662,0.004448323,0.004448323,360,10000000,208.2467081,211.2981679,208.4209378,1.465309973,0.083665068,0.083665068
365,100000,1.453825025,1.454320008,1.453793394,0.034046922,-0.00217574,0.00217574,365,1000000,14.87861263,14.9302264,14.87826105,0.346899096,0.002362989,365,5000000,83.51594707,84.77261182,83.51370223,1.504700354,0.002687918,0.002687918,365,7000000,125.0405815,127.2729413,125.0007215,1.785308237,-0.031877689,0.031877689,365,8000000,148.1586935,150.8151499,148.1207995,1.79298042,-0.02557666,0.02557666,365,10000000,200.0088543,202.8586881,200.1120104,1.424853853,0.051575777,0.051575777
370,100000,1.434010983,1.434479896,1.433979971,0.032699392,-0.002162629,0.002162629,370,1000000,14.65943954,14.70824405,14.65909909,0.332922091,0.002322394,370,5000000,81.72634304,82.89396845,81.72956966,1.428701402,0.003948078,0.003948078,370,7000000,121.7483474,123.8033154,121.7170305,1.687881647,-0.02572264,0.02572264,370,8000000,143.8182815,146.2567315,143.7796921,1.695507703,-0.026832025,0.026832025,370,10000000,192.7369325,195.3863197,192.7669192,1.37461315,0.015558385,0.015558385
375,100000,1.414734195,1.415177976,1.414703645,0.03136845,-0.002159445,0.002159445,375,1000000,14.44714196,14.49325341,14.44682369,0.319173529,0.002202996,375,5000000,80.03771273,81.12275439,80.04382003,1.355663013,0.007630528,0.007630528,375,7000000,118.6993841,120.5926276,118.6888985,1.59499017,-0.00883368,0.00883368,375,8000000,139.8427489,142.0831517,139.827257,1.6020872,-0.011078084,0.011078084,375,10000000,186.2416318,188.6972049,186.2289788,1.318487714,-0.006793886,0.006793886
380,100000,1.395972864,1.396392466,1.395942651,0.030058054,-0.002164272,0.002164272,380,1000000,14.24137302,14.28490752,14.24107584,0.30569036,0.002086737,380,5000000,78.44006002,79.44844852,78.4462586,1.285552945,0.007902314,0.007902314,380,7000000,115.8623526,117.6077488,115.8699451,1.506439492,0.00655307,0.00655307,380,8000000,136.1790836,138.2390162,136.1888204,1.512664474,0.007150028,0.007150028,380,10000000,180.3834072,182.654442,180.3625095,1.259004284,-0.011585147,0.011585147
385,100000,1.377706371,1.378102756,1.377676439,0.02877142,-0.002172555,0.002172555,385,1000000,14.04181071,14.08288322,14.04152684,0.292501527,0.002021605,385,5000000,76.92479721,77.8619841,76.92949122,1.218315717,0.006102077,0.006102077,385,7000000,113.2115551,114.8214613,113.2271759,1.422033435,0.013797859,0.013797859,385,8000000,132.7849249,134.6799552,132.8091945,1.4271427,0.018277422,0.018277422,385,10000000,175.056573,177.1534812,175.0491558,1.19784602,-0.004237037,0.004237037
390,100000,1.359915198,1.360289326,1.359885553,0.02751113,-0.002179946,0.002179946,390,1000000,13.84815556,13.88687906,13.8478766,0.279629275,0.00201442,390,5000000,75.48449195,76.35549258,75.48749261,1.153880224,0.003975201,0.003975201,390,7000000,110.7256596,112.2111316,110.7397213,1.341578865,0.012699579,0.012699579,390,8000000,129.6258973,131.3698853,129.6518464,1.345400886,0.020018452,0.020018452,390,10000000,170.179255,172.1127582,170.190878,1.136156801,0.00682988,0.00682988
395,100000,1.342580855,1.342933675,1.342551532,0.026279222,-0.00218411,0.00218411,395,1000000,13.66012857,13.69661344,13.65984929,0.267090243,0.00204449,395,5000000,74.11266879,74.92210151,74.11465093,1.092165123,0.002674496,0.002674496,395,7000000,108.3867654,109.757737,108.3944006,1.264888411,0.00704443,0.00704443,395,8000000,126.6737291,128.2790716,126.6932686,1.267304987,0.015425118,0.015425118,395,10000000,165.6867962,167.4674728,165.7118229,1.074724481,0.015104797,0.015104797
400,100000,1.325685808,1.326018253,1.325656841,0.025077271,-0.002185044,0.002185044,400,1000000,13.47746936,13.51182294,13.4771885,0.254896385,0.002083922,400,5000000,72.80365155,73.55577346,72.80544194,1.033082678,0.002459204,0.002459204,400,7000000,106.179707,107.4451375,106.1810521,1.191781906,0.001266828,0.001266828,400,8000000,123.9048935,125.3827255,123.9163745,1.192714828,0.009265985,0.009265985,400,10000000,161.5272871,163.1653282,161.5564115,1.014095581,0.018030644,0.018030644
405,100000,1.30921342,1.309526406,1.309184823,0.023906458,-0.002184267,0.002184267,405,1000000,13.29993455,13.33226081,13.29965358,0.243055743,0.002112567,405,5000000,71.55243703,72.25117628,71.55454414,0.976541516,0.002944847,0.002944847,405,7000000,104.0915254,105.2595229,104.0895666,1.122087066,-0.001881769,0.001881769,405,8000000,121.2996082,122.6599693,121.3057752,1.121488468,0.005084136,0.005084136,405,10000000,157.6584508,159.1635362,157.6844397,0.95464938,0.01648434,0.01648434
410,100000,1.293147893,1.293442312,1.293119656,0.02276763,-0.002183615,0.002183615,410,1000000,13.12729634,13.15769562,13.12701751,0.2315731,0.002124047,410,5000000,70.35459266,71.00357763,70.35709572,0.922448623,0.003557778,0.003557778,410,7000000,102.1110611,103.188986,102.109053,1.05563972,-0.001966644,0.001966644,410,8000000,118.8410847,120.0930577,118.8458694,1.053484967,0.004026125,0.004026125,410,10000000,154.0454208,155.4266647,154.0653917,0.89664712,0.012964238,0.012964238
415,100000,1.277474216,1.277750934,1.277446312,0.021661345,-0.002184312,0.002184312,415,1000000,12.95934113,12.98791007,12.9590661,0.220450529,0.002122253,415,5000000,69.20617293,69.80875854,69.20886722,0.870710777,0.003893135,0.003893135,415,7000000,100.2286374,101.2231899,100.2284632,0.992283774,-0.00017382,0.00017382,415,8000000,116.5149566,117.666784,116.5210972,0.988566133,0.005270241,0.005270241,415,10000000,150.6591214,151.925058,150.6738982,0.840265456,0.009808114,0.009808114
420,100000,1.262178115,1.262437971,1.262150516,0.020587923,-0.002186632,0.002186632,420,1000000,12.79586846,12.82269984,12.79559772,0.209687857,0.002115839,420,5000000,68.10365063,68.66294205,68.10626846,0.821235588,0.003843891,0.003843891,420,7000000,98.43580946,99.35310424,98.43765558,0.931871018,0.001875455,0.001875455,420,8000000,114.3088375,115.3680205,114.3170787,0.926597604,0.007209588,0.007209588,420,10000000,147.4750648,148.6336579,147.4871791,0.785619667,0.008214459,0.008214459
425,100000,1.247246006,1.247489812,1.247218691,0.019547478,-0.002190094,0.002190094,425,1000000,12.63668987,12.66187265,12.63642297,0.199283062,0.002112104,425,5000000,67.04385972,67.56273377,67.04622798,0.773932239,0.003532404,0.003532404,425,7000000,96.725165,97.57079524,96.72812275,0.874260839,0.00305789,0.00305789,425,8000000,112.2119758,113.185358,112.2215516,0.867449504,0.008533667,0.008533667,425,10000000,144.4724442,145.5311094,144.4842512,0.732780066,0.008172484,0.008172484
430,100000,1.232664958,1.232893493,1.232637914,0.018539954,-0.002193931,0.002193931,430,1000000,12.481628,12.50524731,12.48136412,0.189232598,0.002114147,430,5000000,66.02394773,66.50507217,66.02603237,0.728712007,0.0031574,0.0031574,430,7000000,95.09016317,95.8692558,95.09310053,0.819319904,0.003089024,0.003089024,430,8000000,110.2149804,111.1088204,110.2246124,0.810996804,0.00873928,0.00873928,430,10000000,141.6334386,142.5990724,141.6461298,0.681783785,0.008960615,0.008960615
435,100000,1.218422647,1.218636665,1.218395872,0.017565147,-0.002197522,0.002197522,435,1000000,12.33051575,12.35265293,12.33025415,0.179531686,0.002121566,435,5000000,65.04133567,65.48718664,65.04319954,0.68548863,0.00286567,0.00286567,435,7000000,93.52500382,94.24226746,93.52719063,0.766921801,0.002338209,0.002338209,435,8000000,108.3096026,109.1296358,108.3183267,0.757119502,0.008054729,0.008054729,435,10000000,138.942674,139.8216855,138.9562372,0.632643358,0.009761794,0.009761794
440,100000,1.204507327,1.204707549,1.204480821,0.016622738,-0.002200608,0.002200608,440,1000000,12.18319547,12.20392817,12.18293575,0.170174542,0.002131789,440,5000000,64.09368422,64.50656198,64.09541519,0.644178549,0.002700687,0.002700687,440,7000000,92.02452025,92.684287,92.02581332,0.716946696,0.001405137,0.001405137,440,8000000,106.4885589,107.2400515,106.4960604,0.70570266,0.007044434,0.007044434,440,10000000,136.3867993,137.1851435,136.4005382,0.58535305,0.010073533,0.010073533
445,100000,1.190907794,1.191094913,1.190881555,0.015712304,-0.002203274,0.002203274,445,1000000,12.03951831,12.05892054,12.03926037,0.161154585,0.002142445,445,5000000,63.17886488,63.56090815,63.18052196,0.604701056,0.002622839,0.002622839,445,7000000,90.58409069,91.19035278,90.58476863,0.669280979,0.000748407,0.000748407,445,8000000,104.7453871,105.4331834,104.7518885,0.656636368,0.006206878,0.006206878,445,10000000,133.9541506,134.6773605,133.9672936,0.539893578,0.009811555,0.009811555
450,100000,1.177613351,1.17778803,1.177587375,0.014833343,-0.002205782,0.002205782,450,1000000,11.89934353,11.91748581,11.89908746,0.152464608,0.002151967,450,5000000,62.29493549,62.6481343,62.29653198,0.566978377,0.002562793,0.002562793,450,7000000,89.19956466,89.75600664,89.20002987,0.62381693,0.000521542,0.000521542,450,8000000,103.0743282,103.7028916,103.0802664,0.609815641,0.005761095,0.005761095,450,10000000,131.6344814,132.2876987,131.6465695,0.496235663,0.009183058,0.009183058
455,100000,1.164613786,1.16477666,1.164588066,0.013985285,-0.002208388,0.002208388,455,1000000,11.76253796,11.77948741,11.76228388,0.144096916,0.002160078,455,5000000,61.44011901,61.76632654,61.4416356,0.53093571,0.002468403,0.002468403,455,7000000,87.86720131,88.37722858,87.86774212,0.58045239,0.000615493,0.000615493,455,8000000,101.4702289,102.043678,101.4759617,0.565140288,0.005649711,0.005649711,455,10000000,129.4187444,130.006749,129.4297165,0.454342721,0.008478,0.008478
460,100000,1.151899338,1.152051014,1.151873867,0.013167508,-0.002211226,0.002211226,460,1000000,11.62897547,11.64479593,11.62872342,0.136043455,0.002167431,460,5000000,60.61278542,60.91372863,60.61419439,0.49650121,0.002324543,0.002324543,460,7000000,86.58361751,87.05038153,86.58431826,0.539090459,0.000809335,0.000809335,460,8000000,99.9284598,100.4506007,99.9341297,0.522514746,0.005673961,0.005673961,460,10000000,127.2989133,127.8261509,127.3089766,0.414172922,0.007905263,0.007905263
465,100000,1.139460678,1.139601736,1.139435447,0.012379346,-0.002214286,0.002214286,465,1000000,11.49853648,11.51328863,11.49828641,0.12829591,0.002174799,465,5000000,59.81143588,60.08872526,59.81271983,0.463605965,0.002146663,0.002146663,465,7000000,85.3457439,85.77216469,85.34652696,0.499639195,0.000917504,0.000917504,465,8000000,98.44484739,98.91920183,98.450404,0.481847912,0.005644385,0.005644385,465,10000000,125.2678369,125.7384441,125.2772697,0.375680767,0.007530089,0.007530089
470,100000,1.12728888,1.127419872,1.127263883,0.011620103,-0.002217465,0.002217465,470,1000000,11.37110751,11.38484901,11.37085933,0.120845795,0.002182549,470,5000000,59.03468909,59.28982753,59.03584697,0.43218393,0.001961355,0.001961355,470,7000000,84.15078743,84.53957361,84.15151525,0.462011342,0.000864907,0.000864907,470,8000000,97.01561649,97.44544705,97.02092289,0.443052955,0.00546963,0.00546963,470,10000000,123.3191172,123.736945,123.3281208,0.338818303,0.007301013,0.007301013
475,100000,1.115375404,1.115496858,1.115350636,0.010889056,-0.002220647,0.002220647,475,1000000,11.24658078,11.25936641,11.2463344,0.113684522,0.00219071,475,5000000,58.28126927,58.51566013,58.28231183,0.402171864,0.001788842,0.001788842,475,7000000,82.9961993,83.34986608,82.99676492,0.426124065,0.000681499,0.000681499,475,8000000,95.63734147,96.02567416,95.64227981,0.406047138,0.005163607,0.005163607,475,10000000,121.447009,121.8156444,121.4556554,0.303536064,0.007119469,0.007119469
480,100000,1.103712071,1.103824489,1.103687527,0.010185467,-0.002223753,0.002223753,480,1000000,11.12485387,11.1367356,11.1246092,0.106803463,0.00219931,480,5000000,57.54999571,57.76495027,57.55093683,0.373509247,0.001635309,0.001635309,480,7000000,81.8796475,82.20053278,81.88001507,0.391898703,0.000448913,0.000448913,480,8000000,94.3069047,94.65654908,94.31143072,0.370751627,0.004799249,0.004799249,480,10000000,119.6463343,119.9691207,119.654594,0.269783793,0.006903433,0.006903433
485,100000,1.092291047,1.092394908,1.092266724,0.009508587,-0.002226764,0.002226764,485,1000000,11.00582933,11.01685651,11.00558631,0.100194003,0.002208103,485,5000000,56.83977359,57.03651775,56.84062343,0.346138192,0.00149515,0.00149515,485,7000000,80.79899294,81.08927184,80.79918883,0.359260536,0.000242443,0.000242443,485,8000000,93.02146093,93.3350282,93.02560128,0.337091317,0.004450956,0.004450956,485,10000000,117.9124115,118.1924664,117.920216,0.237511007,0.006618879,0.006618879
490,100000,1.081104822,1.081200582,1.081080716,0.008857661,-0.002229701,0.002229701,490,1000000,10.88941439,10.89963384,10.88917299,0.09384758,0.002216832,490,5000000,56.14958578,56.32926634,56.15034855,0.32000335,0.001358461,0.001358461,490,7000000,79.7522689,80.01396686,79.75234666,0.328138568,9.75E-05,0.0000975,490,8000000,91.77840672,92.05832595,91.78222305,0.30499465,0.004158202,0.004158202,490,10000000,116.2409941,116.4812264,116.2482907,0.206667428,0.006277089,0.006277089
495,100000,1.070146197,1.070234291,1.070122305,0.008231931,-0.002232605,0.002232605,495,1000000,10.77552067,10.7849768,10.77528087,0.087755717,0.002225415,495,5000000,55.47848575,55.64217603,55.4791613,0.295051817,0.001217679,0.001217679,495,7000000,78.73766307,78.97266768,78.7376691,0.298465316,7.66E-06,0.00000766,495,8000000,90.57535392,90.82388676,90.57890411,0.274393447,0.003919591,0.003919591,495,10000000,114.6282194,114.8313444,114.6349966,0.177203314,0.005912305,0.005912305
500,100000,1.059408265,1.059489105,1.059384582,0.007630642,-0.002235505,0.002235505,500,1000000,10.66406391,10.67279885,10.66382569,0.081910059,0.002233858,500,5000000,54.82559111,54.97429622,54.82617819,0.271233037,0.001070814,0.001070814,500,7000000,77.75350185,77.96357363,77.75345769,0.270176624,-5.68E-05,0.0000568,500,8000000,89.41010681,89.62936072,89.41342304,0.24522274,0.003709016,0.003709016,500,10000000,113.0705638,113.2391177,113.0768476,0.14906971,0.005557416,0.005557416
505,100000,1.048884398,1.048958376,1.04886092,0.007053045,-0.00223841,0.00223841,505,1000000,10.55496373,10.56301742,10.55472706,0.076302386,0.002242263,505,5000000,54.19007801,54.32473966,54.19057676,0.248498707,0.000920371,0.000920371,505,7000000,76.79823664,76.98501876,76.7981399,0.243211471,-0.000125972,0.000125972,505,8000000,88.28064201,88.47258232,88.2837298,0.217420616,0.0034977,0.0034977,505,10000000,111.5648046,111.7011576,111.5706391,0.122218639,0.005229655,0.005229655
510,100000,1.03856823,1.038635721,1.038544953,0.0064984,-0.002241311,0.002241311,510,1000000,10.44814339,10.4555537,10.44790824,0.070924637,0.002250639,510,5000000,53.57117606,53.69267693,53.5715889,0.226802679,0.000770638,0.000770638,510,7000000,75.87043175,76.0354589,75.87026797,0.217511807,-0.000215873,0.000215873,510,8000000,87.18509109,87.35155189,87.18794142,0.190928064,0.003269287,0.003269287,510,10000000,110.1079875,110.2143554,110.1134145,0.096603242,0.004928817,0.004928817
515,100000,1.02845365,1.028515007,1.028430569,0.005965973,-0.00224419,0.00224419,515,1000000,10.34352957,10.35033239,10.34329591,0.065768926,0.002258997,515,5000000,52.9681638,53.07733164,52.9684948,0.206100868,0.000624904,0.000624904,515,7000000,74.96875373,75.1134602,74.96850944,0.193022389,-0.000325853,0.000325853,515,8000000,86.12172522,86.2644193,86.12432907,0.16568883,0.003023455,0.003023455,515,10000000,108.6973974,108.7758528,108.7024455,0.072177878,0.004644194,0.004644194
520,100000,1.018534781,1.018590342,1.018511894,0.005455047,-0.002247029,0.002247029,520,1000000,10.24105219,10.24728157,10.24082,0.06082755,0.002267248,520,5000000,52.38036463,52.47797605,52.38061829,0.186351163,0.000484265,0.000484265,520,7000000,74.0919619,74.21768901,74.09163215,0.169690626,-0.000445051,0.000445051,520,8000000,85.0889417,85.20946957,85.09129878,0.141649279,0.002770131,0.002770131,520,10000000,107.3305338,107.3830165,107.3352171,0.048898194,0.004363507,0.004363507
525,100000,1.008805977,1.008856063,1.00878328,0.004964913,-0.002249819,0.002249819,525,1000000,10.14064422,10.14633241,10.14041348,0.056092997,0.002275398,525,5000000,51.80714323,51.89392711,51.80732343,0.167513335,0.000347828,0.000347828,525,7000000,73.23890004,73.34690284,73.23848893,0.147466443,-0.000561322,0.000561322,525,8000000,84.08525205,84.18511023,84.08737181,0.118758262,0.00252097,0.00252097,525,10000000,106.0050889,106.0334147,106.009413,0.026721172,0.004079191,0.004079191
530,100000,0.999261806,0.999306722,0.999239297,0.004494881,-0.002252556,0.002252556,530,1000000,10.04224152,10.04741909,10.04201221,0.051557956,0.002283454,530,5000000,51.24790223,51.32454293,51.24801184,0.149548957,0.000213882,0.000213882,530,7000000,72.40848888,72.49994235,72.40800553,0.12630214,-0.000667543,0.000667543,530,8000000,83.10927147,83.18986003,83.11116888,0.096966994,0.00228304,0.00228304,530,10000000,104.7189286,104.7247982,104.7228975,0.005605151,0.003790109,0.003790109
535,100000,0.989897043,0.989937078,0.989874719,0.004044273,-0.002255247,0.002255247,535,1000000,9.945782646,9.950478579,9.945554754,0.047215318,0.002291343,535,5000000,50.70207924,50.7692196,50.70212038,0.132421315,8.11407E-05,8.11407E-05,535,7000000,71.59971948,71.6757242,71.59917301,0.106152269,-0.000763218,0.000763218,535,8000000,82.1597095,82.22233897,82.16139954,0.076228933,0.002057013,0.002057013,535,10000000,103.4700755,103.4550825,103.4736966,-0.014490161,0.003499649,0.003499649
540,100000,0.98070666,0.980742087,0.980684517,0.003612429,-0.002257897,0.002257897,540,1000000,9.851208753,9.855450504,9.850982257,0.04305818,0.00229917,540,5000000,50.16914423,50.22738826,50.16911866,0.116095332,5.09676E-05,5.09676E-05,540,7000000,70.81164723,70.87323461,70.81104368,0.086973516,-0.000852341,0.000852341,540,8000000,81.23536172,81.28125943,81.23685578,0.056499667,0.001839178,0.001839178,540,10000000,102.2566943,102.2223323,102.2599792,-0.03360369,0.003212469,0.003212469
545,100000,0.971685813,0.971716895,0.971663848,0.003198706,-0.002260514,0.002260514,545,1000000,9.758463414,9.762277006,9.758238293,0.039079845,0.002306931,545,5000000,49.64859704,49.69851249,49.64850664,0.100537494,0.00018208,0.00018208,545,7000000,70.0433866,70.09152363,70.0427283,0.068724585,-0.000939848,0.000939848,545,8000000,80.33510226,80.36541816,80.33640756,0.037736809,0.001624819,0.001624819,545,10000000,101.0770783,101.0247477,101.080042,-0.051773006,0.002932086,0.002932086
550,100000,0.96282984,0.962856823,0.96280805,0.002802475,-0.002263098,0.002263098,550,1000000,9.667492512,9.670902606,9.667268743,0.03527382,0.002314654,550,5000000,49.13996523,49.18208594,49.13981218,0.085715774,0.000311457,0.000311457,550,7000000,69.29410626,69.32969993,69.29339332,0.051366094,-0.001028851,0.001028851,550,8000000,79.45787719,79.47368923,79.45899837,0.019899895,0.00141104,0.00141104,550,10000000,99.92963826,99.86065249,99.93229611,-0.069034344,0.002659723,0.002659723
555,100000,0.954134246,0.954157366,0.954112629,0.002423127,-0.002265649,0.002265649,555,1000000,9.578244115,9.581274079,9.578021676,0.03163382,0.002322336,555,5000000,48.64280206,48.67763009,48.64258883,0.071599562,0.000438359,0.000438359,555,7000000,68.5630248,68.58692619,68.56225709,0.034860478,-0.001119714,0.001119714,555,8000000,78.60269857,78.60501757,78.60363998,0.002950286,0.001197691,0.001197691,555,10000000,98.81289143,98.72848286,98.8152578,-0.085422629,0.002394805,0.002394805
560,100000,0.945594701,0.945614181,0.945573254,0.00206007,-0.002268159,0.002268159,560,1000000,9.490668362,9.493340342,9.490447239,0.028153761,0.002329899,560,5000000,48.15668464,48.18469238,48.15641389,0.058159602,0.000562227,0.000562227,560,7000000,67.84940682,67.86241484,67.84858535,0.019171893,-0.001210729,0.001210729,560,8000000,77.76863904,77.75841331,77.76940628,-0.013148919,0.00098656,0.00098656,560,10000000,97.72545271,97.62677785,97.72753998,-0.100971504,0.002135848,0.002135848
565,100000,0.937207029,0.937223081,0.937185749,0.001712727,-0.002270619,0.002270619,565,1000000,9.40471736,9.40705234,9.404497549,0.024827758,0.002337242,565,5000000,47.68121231,47.70284429,47.68088664,0.045367924,0.000683015,0.000683015,565,7000000,67.15255944,67.15542426,67.15168664,0.004266125,-0.001299729,0.001299729,565,8000000,76.95482706,76.93294652,76.95542718,-0.028432973,0.000779834,0.000779834,565,10000000,96.66602622,96.55417071,96.66784486,-0.115713363,0.001881359,0.001881359
570,100000,0.928967202,0.928980026,0.928946086,0.001380541,-0.002273021,0.002273021,570,1000000,9.32034508,9.322362947,9.320126583,0.021650126,0.002344302,570,5000000,47.21600508,47.23167975,47.2156269,0.033197787,0.000800957,0.000800957,570,7000000,66.47182905,66.46525532,66.47090821,-0.009889486,-0.001385302,0.001385302,570,8000000,76.16044249,76.12774258,76.16088321,-0.042935559,0.000578672,0.000578672,570,10000000,95.63339786,95.50938106,95.63495691,-0.129679385,0.001630232,0.001630232
575,100000,0.920871333,0.920881122,0.92085038,0.00106297,-0.002275367,0.002275367,575,1000000,9.237507271,9.239226867,9.237290088,0.018615368,0.0023511,575,5000000,46.76070225,46.77081361,46.76027361,0.021623619,0.000916667,0.000916667,575,7000000,65.80659842,65.79124829,65.80563268,-0.023326133,-0.001467552,0.001467552,575,8000000,75.38471268,75.34197794,75.38500116,-0.056688872,0.000382676,0.000382676,575,10000000,94.62642865,94.49120789,94.62773628,-0.142899573,0.001381887,0.001381887
580,100000,0.912915673,0.912922606,0.91289488,0.000759491,-0.002277666,0.002277666,580,1000000,9.156161365,9.157600547,9.155945484,0.01571818,0.002357768,580,5000000,46.31496114,46.31988024,46.31448369,0.010620963,0.001030876,0.001030876,580,7000000,65.15628411,65.13277989,65.15527571,-0.03607361,-0.001547673,0.001547673,580,8000000,74.62690889,74.57487626,74.62705088,-0.069723684,0.000190264,0.000190264,580,10000000,93.64404869,93.49852323,93.64511272,-0.155402786,0.001136244,0.001136244
585,100000,0.9050966,0.90510085,0.905075964,0.000469597,-0.002279933,0.002279933,585,1000000,9.076266401,9.07744209,9.076051792,0.01295344,0.002364508,585,5000000,45.87845591,45.87853226,45.87793099,0.000166423,0.001144154,0.001144154,585,7000000,64.52033401,64.48926077,64.51928418,-0.048160385,-0.001627129,0.001627129,585,8000000,73.88634304,73.82570494,73.88634291,-0.082069423,-1.69E-07,0.000000169,585,10000000,92.68525179,92.5302665,92.68608029,-0.167216781,0.000893882,0.000893882
590,100000,0.897410618,0.897412348,0.897390137,0.000192795,-0.002282183,0.002282183,590,1000000,8.997782945,8.998711175,8.997569564,0.010316206,0.002371484,590,5000000,45.45087646,45.44643937,45.45030536,-0.009762383,0.001256521,0.001256521,590,7000000,63.89822516,63.86013309,63.89713463,-0.059613667,-0.001706682,0.001706682,590,8000000,73.16236478,73.09377196,73.16222637,-0.093754232,-0.000189175,0.000189175,590,10000000,91.7490905,91.58543926,91.74969237,-0.178368249,0.000655988,0.000655988
595,100000,0.889854348,0.889853712,0.88983402,-7.14E-05,-0.002284417,0.002284417,595,1000000,8.920673018,8.921368983,8.920460827,0.00780171,0.002378643,595,5000000,45.03192748,45.02328726,45.03131178,-0.019186872,0.001367252,0.001367252,595,7000000,63.28946177,63.24486836,63.28833154,-0.070459464,-0.001785813,0.001785813,595,8000000,72.45435876,72.37842295,72.45408659,-0.104805031,-0.000375639,0.000375639,595,10000000,90.8346717,90.66310058,90.835057,-0.188882855,0.000424179,0.000424179
600,100000,0.882424525,0.882421671,0.882404348,-0.000323413,-0.002286619,0.002286619,600,1000000,8.844900027,8.845378125,8.844689011,0.005405356,0.002385736,600,5000000,44.62132748,44.6087766,44.6206693,-0.028127542,0.001475035,0.001475035,600,7000000,62.69357335,62.64296544,62.69240541,-0.080722647,-0.001862939,0.001862939,600,8000000,71.76174223,71.67903856,71.76134241,-0.11524758,-0.000557156,0.000557156,600,10000000,89.94115255,89.76236278,89.94133223,-0.198785271,0.000199786,0.000199786
605,100000,0.875117995,0.875113062,0.875097966,-0.000563722,-0.002288758,0.002288758,605,1000000,8.770428702,8.770702577,8.770218885,0.00312271,0.002392323,605,5000000,44.21880799,44.20262214,44.21810996,-0.036604014,0.001578582,0.001578582,605,7000000,62.11011303,62.05394872,62.1089104,-0.090427002,-0.001936289,0.001936289,605,8000000,71.08396275,70.99503207,71.08344281,-0.125106531,-0.000731454,0.000731454,605,10000000,89.0677368,88.88238754,89.06772157,-0.208099214,-1.71E-05,0.0000171
610,100000,0.867931707,0.867924826,0.867911824,-0.000792745,-0.002290806,0.002290806,610,1000000,8.697225034,8.697307614,8.697016469,0.000949502,0.002398064,610,5000000,43.82411275,43.80455183,43.82337758,-0.044635072,0.001677547,0.001677547,610,7000000,61.53865605,61.47736645,61.53742208,-0.099595286,-0.002005192,0.002005192,610,8000000,70.42049617,70.32584716,70.41986374,-0.134405482,-0.000898069,0.000898069,610,10000000,88.21367151,88.02238238,88.21347008,-0.216847487,-0.000228339,0.000228339
615,100000,0.860862708,0.860854006,0.860842971,-0.001010896,-0.002292758,0.002292758,615,1000000,8.625256217,8.625159754,8.625048956,-0.001118387,0.002402955,615,5000000,43.43699698,43.41430606,43.43622679,-0.052238703,0.00177312,0.00177312,615,7000000,60.97879829,60.91278918,60.97753545,-0.108249274,-0.002070939,0.002070939,615,8000000,69.7708447,69.67095585,69.77010549,-0.143167028,-0.00105948,0.00105948,615,10000000,87.37824392,87.18159743,87.37786161,-0.225052005,-0.000437542,0.000437542
620,100000,0.853908146,0.85389774,0.853888551,-0.001218573,-0.002294647,0.002294647,620,1000000,8.554490597,8.554226698,8.554284643,-0.003084923,0.002407554,620,5000000,43.05722674,43.03163691,43.05642239,-0.059432134,0.001868095,0.001868095,620,7000000,60.43015497,60.35980835,60.42886384,-0.116409808,-0.002136581,0.002136581,620,8000000,69.13453523,69.02985669,69.13369139,-0.151412804,-0.001220582,0.001220582,620,10000000,86.56077872,86.3593225,86.56021734,-0.232733837,-0.000648538,0.000648538
625,100000,0.847065255,0.84705326,0.847045802,-0.001416164,-0.002296537,0.002296537,625,1000000,8.484897616,8.48447728,8.484692894,-0.004953929,0.002412781,625,5000000,42.68457826,42.65630747,42.68373936,-0.066231864,0.001965347,0.001965347,625,7000000,59.8923595,59.81803497,59.89103861,-0.124096839,-0.002205428,0.002205428,625,8000000,68.51111773,68.40207301,68.51016798,-0.159163538,-0.001386275,0.001386275,625,10000000,85.76063547,85.55488436,85.75989539,-0.239913234,-0.000862956,0.000862956
630,100000,0.840331364,0.840317885,0.840312049,-0.001604041,-0.002298489,0.002298489,630,1000000,8.416447766,8.415881416,8.416244138,-0.006729086,0.002419405,630,5000000,42.31883742,42.28809121,42.31796305,-0.072653704,0.002066148,0.002066148,630,7000000,59.36506225,59.28709843,59.36370949,-0.131329474,-0.002278729,0.002278729,630,8000000,67.90016376,67.78715135,67.89910584,-0.166439084,-0.001558065,0.001558065,630,10000000,84.97720627,84.76764426,84.97629015,-0.246609663,-0.001078077,0.001078077
635,100000,0.833703881,0.83368902,0.833684702,-0.001782562,-0.002300516,0.002300516,635,1000000,8.349112545,8.348410056,8.348909869,-0.008413941,0.002427515,635,5000000,41.95979914,41.9267714,41.95888932,-0.078712801,0.002168314,0.002168314,635,7000000,58.84792966,58.76664536,58.8465444,-0.138126011,-0.002353957,0.002353957,635,8000000,67.30126514,67.18466,67.30009983,-0.17325847,-0.001731491,0.001731491,635,10000000,84.2099136,83.9969957,84.20883004,-0.25284184,-0.001286736,0.001286736
640,100000,0.8271803,0.827164153,0.827161254,-0.001952075,-0.002302554,0.002302554,640,1000000,8.282864412,8.282035139,8.282662637,-0.010011908,0.002436053,640,5000000,41.60726694,41.57214056,41.60632393,-0.084423672,0.002266455,0.002266455,640,7000000,58.34064315,58.25633859,58.33922835,-0.144503979,-0.002425061,0.002425061,640,8000000,66.71403269,66.59418764,66.71276736,-0.179639933,-0.00189664,0.00189664,640,10000000,83.45820837,83.24236228,83.45697309,-0.258627755,-0.001480128,0.001480128
645,100000,0.820758191,0.820740849,0.820739277,-0.002112914,-0.002304474,0.002304474,645,1000000,8.217676744,8.216729552,8.217475978,-0.011526276,0.002443099,645,5000000,41.26105245,41.22399993,41.26008106,-0.089800233,0.002354254,0.002354254,645,7000000,57.84289833,57.75585623,57.84146074,-0.150480175,-0.002485339,0.002485339,645,8000000,66.13809508,66.01534215,66.13674408,-0.185600955,-0.002042696,0.002042696,645,10000000,82.7215681,82.50319582,82.72020061,-0.263984706,-0.001653133,0.001653133
650,100000,0.8144352,0.81441675,0.814416418,-0.002265402,-0.002306149,0.002306149,650,1000000,8.153523799,8.152467085,8.153324292,-0.012960213,0.002446881,650,5000000,40.92097496,40.88215903,40.91998118,-0.094855826,0.002428535,0.002428535,650,7000000,57.35440415,57.26489073,57.35295188,-0.156070697,-0.002532098,0.002532098,650,8000000,65.5730978,65.44774938,65.57167805,-0.191158299,-0.00216514,0.00216514,650,10000000,81.99949522,81.77897453,81.99801137,-0.268929322,-0.001809584,0.001809584
655,100000,0.808209046,0.808189569,0.808190396,-0.002409849,-0.00230755,0.00230755,655,1000000,8.090380679,8.089222398,8.090182703,-0.014316767,0.002447054,655,5000000,40.58686105,40.54643522,40.58584912,-0.099603242,0.002493245,0.002493245,655,7000000,56.87488213,56.78314808,56.87342023,-0.161290974,-0.002570392,0.002570392,655,8000000,65.01870209,64.89105215,65.01722492,-0.196328039,-0.00227192,0.00227192,655,10000000,81.29151554,81.06920146,81.28991902,-0.273477594,-0.001963935,0.001963935
660,100000,0.802077516,0.80205709,0.802058997,-0.002546556,-0.002308809,0.002308809,660,1000000,8.028223297,8.026970984,8.028026954,-0.015598875,0.002445659,660,5000000,40.25854415,40.21665323,40.25751372,-0.10405475,0.002559531,0.002559531,660,7000000,56.40406567,56.31034704,56.40259194,-0.166155802,-0.00261281,0.00261281,660,8000000,64.47458411,64.34490922,64.47304741,-0.201125596,-0.002383422,0.002383422,660,10000000,80.59717682,80.37340287,80.59545499,-0.277644899,-0.00213634,0.00213634
665,100000,0.796038465,0.796017165,0.796020075,-0.00267581,-0.002310194,0.002310194,665,1000000,7.967028338,7.965689131,7.966833414,-0.016809364,0.002446634,665,5000000,39.93586426,39.89264482,39.93480944,-0.108222116,0.002641285,0.002641285,665,7000000,55.94169935,55.84621841,55.94020367,-0.170679367,-0.002673645,0.002673645,665,8000000,63.94043405,63.8089944,63.93882016,-0.205565763,-0.002524043,0.002524043,665,10000000,79.91604747,79.69112693,79.91417622,-0.281446025,-0.002341523,0.002341523
670,100000,0.790089814,0.790067708,0.790071547,-0.002797892,-0.002311975,0.002311975,670,1000000,7.906773232,7.905353891,7.906579207,-0.017950955,0.002453909,670,5000000,39.61866755,39.57424843,39.61757947,-0.112116631,0.002746382,0.002746382,670,7000000,55.48753838,55.3905044,55.48600739,-0.174875276,-0.002759162,0.002759162,670,8000000,63.4159553,63.28299567,63.41423872,-0.209662734,-0.002706853,0.002706853,670,10000000,79.24771529,79.02194236,79.24567377,-0.284895192,-0.002576126,0.002576126
675,100000,0.784229543,0.784206698,0.784211394,-0.00291307,-0.002314226,0.002314226,675,1000000,7.847436124,7.84594305,7.847242401,-0.019026269,0.002468615,675,5000000,39.30680608,39.26130879,39.30567867,-0.115749125,0.002868231,0.002868231,675,7000000,55.04134798,54.94295795,55.03977416,-0.178756584,-0.002859348,0.002859348,675,8000000,62.9008638,62.7666144,62.89902747,-0.213430132,-0.002919396,0.002919396,675,10000000,78.59178635,78.36543723,78.58957594,-0.288006079,-0.002812526,0.002812526
680,100000,0.778455695,0.778432173,0.77843766,-0.003021602,-0.002316678,0.002316678,680,1000000,7.788995844,7.787435098,7.788802132,-0.020037829,0.002486996,680,5000000,39.00013751,38.95367665,38.99897375,-0.119129994,0.002983989,0.002983989,680,7000000,54.60290285,54.50334221,54.60129325,-0.182335815,-0.002947835,0.002947835,680,8000000,62.39488727,62.2595646,62.39294006,-0.216881033,-0.003120783,0.003120783,680,10000000,77.94788396,77.72121787,77.94554052,-0.290791845,-0.003006414,0.003006414
685,100000,0.772766367,0.772742228,0.772748449,-0.003123739,-0.002318766,0.002318766,685,1000000,7.731431878,7.7298092,7.731238519,-0.020988063,0.002500947,685,5000000,38.69852481,38.65120843,38.69733923,-0.122269213,0.003063631,0.003063631,685,7000000,54.1719867,54.07142995,54.17036484,-0.18562499,-0.002993905,0.002993905,685,8000000,61.89776464,61.76157223,61.89574831,-0.220027993,-0.003257513,0.003257513,685,10000000,77.31564764,77.0889078,77.31323573,-0.293265147,-0.00311957,0.00311957
690,100000,0.767159715,0.767135015,0.767141918,-0.00321972,-0.002319912,0.002319912,690,1000000,7.674724346,7.67304517,7.674532326,-0.021879309,0.002501979,690,5000000,38.40183603,38.35376601,38.40065008,-0.125176361,0.003088264,0.003088264,690,7000000,53.74839173,53.64700311,53.74678834,-0.188635646,-0.002983139,0.002983139,690,8000000,61.40924537,61.27237457,61.40722188,-0.222883065,-0.003295105,0.003295105,690,10000000,76.69473227,76.46814676,76.69231707,-0.295438164,-0.003149107,0.003149107
695,100000,0.761633947,0.761608738,0.761616277,-0.003309777,-0.002319946,0.002319946,695,1000000,7.618853976,7.617123443,7.618664496,-0.022713819,0.002486988,695,5000000,38.109944,38.06121638,38.10877452,-0.127860631,0.0030687,0.0030687,695,7000000,53.33191827,53.22985225,53.33035255,-0.19137886,-0.002935789,0.002935789,695,8000000,60.929089,60.7917196,60.92710828,-0.225457827,-0.003250862,0.003250862,695,10000000,76.08480719,75.85858986,76.0824134,-0.297322613,-0.003146215,0.003146215
700,100000,0.756187321,0.756161655,0.756169782,-0.003394135,-0.002319421,0.002319421,700,1000000,7.563802077,7.562025056,7.563615796,-0.02349376,0.002462796,700,5000000,37.82272616,37.77343148,37.82157197,-0.130330854,0.003051578,0.003051578,700,7000000,52.92237427,52.81977617,52.92083527,-0.193865266,-0.002908048,0.002908048,700,8000000,60.45706452,60.31936546,60.45512678,-0.227763399,-0.003205146,0.003205146,700,10000000,75.48555544,75.25990665,75.48313493,-0.29892977,-0.003206586,0.003206586
705,100000,0.750818147,0.750792071,0.750800731,-0.003473007,-0.002319541,0.002319541,705,1000000,7.509550524,7.507731619,7.509366863,-0.02422122,0.002445699,705,5000000,37.54006434,37.4902879,37.53889981,-0.132595509,0.003102099,0.003102099,705,7000000,52.51957503,52.41658148,52.51801656,-0.196105077,-0.002967408,0.002967408,705,8000000,59.99294995,59.85507988,59.99098588,-0.229810464,-0.003273834,0.003273834,705,10000000,74.89667302,74.67178041,74.89410745,-0.300270486,-0.003425472,0.003425472
710,100000,0.745524782,0.745498341,0.745507474,-0.003546602,-0.002321571,0.002321571,710,1000000,7.456081729,7.454225298,7.455898773,-0.024898207,0.002453782,710,5000000,37.26184451,37.21166669,37.26062767,-0.134662739,0.003265646,0.003265646,710,7000000,52.12334274,52.02008218,52.12170194,-0.198108104,-0.003147931,0.003147931,710,8000000,59.53653187,59.39863973,59.53442215,-0.231609288,-0.003543573,0.003543573,710,10000000,74.31786817,74.0939074,74.31502035,-0.301355204,-0.003831937,0.003831937
715,100000,0.740305629,0.740278866,0.74028841,-0.00361512,-0.002325935,0.002325935,715,1000000,7.403378625,7.40148879,7.403193918,-0.025526655,0.002494901,715,5000000,36.98795664,36.93745314,36.98665241,-0.136540371,0.003526094,0.003526094,715,7000000,51.7335062,51.63009932,51.73174259,-0.199883769,-0.003409034,0.003409034,715,8000000,59.08760496,58.94983055,59.08524231,-0.233169733,-0.00399857,0.00399857,715,10000000,73.74886078,73.52599616,73.74566197,-0.302193977,-0.004337431,0.004337431
720,100000,0.735159136,0.735132091,0.735141996,-0.003678752,-0.002331503,0.002331503,720,1000000,7.351424646,7.349505304,7.351236682,-0.026108428,0.002556838,720,5000000,36.71829448,36.66753661,36.7169032,-0.13823592,0.003789065,0.003789065,720,7000000,51.34990048,51.24646067,51.34803663,-0.201441127,-0.003629718,0.003629718,720,8000000,58.64597166,58.5084461,58.64334098,-0.234501282,-0.004485695,0.004485695,720,10000000,73.18938174,72.96776687,73.18591181,-0.302796482,-0.00474103,0.00474103
725,100000,0.730083794,0.730056506,0.730066741,-0.003737686,-0.0023357,0.0023357,725,1000000,7.300203707,7.298258545,7.30001337,-0.026645319,0.002607283,725,5000000,36.45275545,36.40181031,36.45132881,-0.139756611,0.003913668,0.003913668,725,7000000,50.97236664,50.86900035,50.9705014,-0.202788879,-0.003659316,0.003659316,725,8000000,58.2114417,58.07428795,58.20867115,-0.235613047,-0.00475947,0.00475947,725,10000000,72.63917242,72.41895076,72.63567533,-0.303172036,-0.004814333,0.004814333
730,100000,0.725078135,0.725050639,0.725061199,-0.003792099,-0.002335712,0.002335712,730,1000000,7.249700189,7.247732689,7.249511082,-0.027139054,0.00260848,730,5000000,36.19124039,36.14017115,36.18986806,-0.141109386,0.003791884,0.003791884,730,7000000,50.6007514,50.49755856,50.59902358,-0.203935387,-0.003414603,0.003414603,730,8000000,57.78383186,57.64716512,57.7811676,-0.236513791,-0.004610735,0.004610735,730,10000000,72.09798409,71.87928955,72.09477913,-0.303329608,-0.004445274,0.004445274
735,100000,0.720140732,0.720113063,0.72012395,-0.003842164,-0.002330441,0.002330441,735,1000000,7.19989892,7.197912374,7.19971593,-0.027591298,0.002541563,735,5000000,35.93365349,35.88251957,35.93241682,-0.142300917,0.003441537,0.003441537,735,7000000,50.23490695,50.13198131,50.23341279,-0.204888688,-0.002974331,0.002974331,735,8000000,57.36296552,57.22689372,57.36065539,-0.237211939,-0.004027218,0.004027218,735,10000000,71.56557746,71.34853493,71.56287921,-0.303277836,-0.003770314,0.003770314
740,100000,0.715270197,0.715242387,0.715253588,-0.003888047,-0.002322117,0.002322117,740,1000000,7.150785157,7.148782676,7.150611533,-0.028003651,0.002428041,740,5000000,35.6799021,35.62875938,35.67881311,-0.14333762,0.00305211,0.00305211,740,7000000,49.87469063,49.77212008,49.87339324,-0.20565651,-0.002601297,0.002601297,740,8000000,56.94867244,56.81329656,56.94679904,-0.237715593,-0.003289612,0.003289612,740,10000000,71.04172222,70.82644802,71.03944903,-0.303025037,-0.003199795,0.003199795
745,100000,0.710465178,0.710437257,0.710448722,-0.003929909,-0.00231627,0.00231627,745,1000000,7.102344575,7.100329096,7.102178966,-0.028377657,0.002331751,745,5000000,35.42989662,35.37879762,35.42885843,-0.144225661,0.002930265,0.002930265,745,7000000,49.51996474,49.41783165,49.51865681,-0.206246282,-0.002641229,0.002641229,745,8000000,56.5407884,56.40620292,56.53914328,-0.238032545,-0.002909612,0.002909612,745,10000000,70.52619658,70.31279896,70.52389079,-0.302579222,-0.003269397,0.003269397
750,100000,0.70572436,0.705696358,0.705707992,-0.003967903,-0.002319311,0.002319311,750,1000000,7.054563251,7.052537547,7.054398768,-0.028714799,0.002331583,750,5000000,35.18355034,35.1325444,35.18237623,-0.14497097,0.003337099,0.003337099,750,7000000,49.1705963,49.06897781,49.16896802,-0.206665148,-0.003311479,0.003311479,750,8000000,56.13915495,56.00544817,56.13725549,-0.238170292,-0.003383491,0.003383491,750,10000000,70.01878685,69.80736645,70.01575042,-0.301948106,-0.004336598,0.004336598
755,100000,0.701046464,0.701018407,0.701030099,-0.004002179,-0.002334343,0.002334343,755,1000000,7.007427645,7.005394334,7.007254426,-0.02901651,0.002471934,755,5000000,34.94077935,34.88991282,34.93928357,-0.14557925,0.004280901,0.004280901,755,7000000,48.82645683,48.72542513,48.82427152,-0.206919982,-0.004475656,0.004475656,755,8000000,55.74361917,55.61087352,55.74091742,-0.238136045,-0.004846743,0.004846743,755,10000000,69.51928711,69.30993734,69.51494123,-0.301139123,-0.006251336,0.006251336
760,100000,0.696430243,0.696402157,0.696413826,-0.004032879,-0.002357302,0.002357302,760,1000000,6.960924595,6.958886146,6.96073555,-0.029284167,0.002715803,760,5000000,34.7015024,34.65081878,34.69963324,-0.146055986,0.005386395,0.005386395,760,7000000,48.48742217,48.38704477,48.48472891,-0.20701739,-0.005554555,0.005554555,760,8000000,55.35403335,55.22232577,55.35026031,-0.237936742,-0.006816197,0.006816197,760,10000000,69.02749879,68.82030624,69.02183552,-0.30015943,-0.008204365,0.008204365
765,100000,0.691874484,0.691846393,0.691858044,-0.004060142,-0.002376206,0.002376206,765,1000000,6.915041295,6.913000038,6.914838443,-0.029519096,0.002933489,765,5000000,34.46564082,34.4151809,34.46358522,-0.146406452,0.005964201,0.005964201,765,7000000,48.15337228,48.05371227,48.15062677,-0.206963733,-0.005701594,0.005701594,765,8000000,54.97025483,54.83965702,54.96573347,-0.237579061,-0.008225111,0.008225111,765,10000000,68.54323033,68.33827516,68.53710756,-0.299015927,-0.008932714,0.008932714
770,100000,0.687378006,0.687349933,0.687361677,-0.0040841,-0.002375488,0.002375488,770,1000000,6.86976529,6.867723419,6.86956259,-0.029722577,0.00295061,770,5000000,34.23311837,34.18292039,34.23129425,-0.146635725,0.005328524,0.005328524,770,7000000,47.82419108,47.72530734,47.8221536,-0.206765127,-0.004260362,0.004260362,770,8000000,54.59214574,54.46272445,54.58785709,-0.237069427,-0.007855795,0.007855795,770,10000000,68.0662969,67.86365315,68.06131366,-0.297715259,-0.007321163,0.007321163
775,100000,0.682939657,0.682911623,0.682923642,-0.004104883,-0.002344997,0.002344997,775,1000000,6.82508446,6.823044044,6.824903558,-0.029895841,0.002650546,775,5000000,34.00386119,33.95396097,34.00274483,-0.146748687,0.003283039,0.003283039,775,7000000,47.49976626,47.4017137,47.49911845,-0.206427458,-0.001363805,0.001363805,775,8000000,54.21957279,54.09139012,54.2168189,-0.236414025,-0.005079155,0.005079155,775,10000000,67.59652006,67.39625602,67.59433736,-0.296263831,-0.003229008,0.003229008
780,100000,0.678558317,0.678530342,0.678542775,-0.004122613,-0.00229045,0.00229045,780,1000000,6.780987009,6.778949996,6.780845037,-0.030040075,0.002093678,780,5000000,33.77779768,33.72822875,33.7776038,-0.146750037,0.000573987,0.000573987,780,7000000,47.17998911,47.08281891,47.1807393,-0.205956392,0.001590057,0.001590057,780,8000000,53.8524071,53.7255207,53.85207705,-0.23561881,-0.000612875,0.000612875,780,10000000,67.13372746,66.93590597,67.13493769,-0.294667813,0.001802711,0.001802711
785,100000,0.674232892,0.674204996,0.674217787,-0.00413741,-0.002240333,0.002240333,785,1000000,6.737461455,6.735429678,6.737353952,-0.030156421,0.001595601,785,5000000,33.55485839,33.5056521,33.55517,-0.146644295,0.000928658,0.000928658,785,7000000,46.86475442,46.76851418,46.86562701,-0.20535738,0.001861942,0.001861942,785,8000000,53.49052397,53.36498732,53.49217025,-0.234689513,0.003077713,0.003077713,785,10000000,66.67775262,66.48243138,66.68064914,-0.292933153,0.004344057,0.004344057
790,100000,0.669962317,0.669934518,0.669947277,-0.004149388,-0.002244858,0.002244858,790,1000000,6.69449662,6.692471804,6.694381886,-0.03024598,0.001713856,790,5000000,33.33497598,33.28616164,33.3344699,-0.146435813,0.001518165,0.001518165,790,7000000,46.55396027,46.45869427,46.55202323,-0.204635669,-0.004160861,0.004160861,790,8000000,53.13380274,53.00966535,53.13487637,-0.233631652,0.002020626,0.002020626,790,10000000,66.22843462,66.03566644,66.22816743,-0.291065584,-0.00040345,0.00040345
795,100000,0.665745555,0.665717869,0.665729807,-0.004158659,-0.00236556,0.00236556,795,1000000,6.652081617,6.650065384,6.651873525,-0.030309813,0.003128224,795,5000000,33.11808512,33.06969006,33.11448721,-0.14612878,0.010863883,0.010863883,795,7000000,46.24750797,46.15325726,46.23824127,-0.203796312,-0.020037181,0.020037181,795,8000000,52.78212659,52.65943425,52.77772039,-0.232450542,-0.008347906,0.008347906,795,10000000,65.78561789,65.59545099,65.77415491,-0.289070631,-0.017424764,0.017424764
800,100000,0.661581594,0.661554037,0.661564007,-0.004165329,-0.002658287,0.002658287,800,1000000,6.610205845,6.608199718,6.609779612,-0.030348943,0.006448105,800,5000000,32.9041224,32.85617213,32.89445161,-0.145727226,0.029390816,0.029390816,800,7000000,45.94530185,45.85210449,45.92316094,-0.202844172,-0.048189716,0.048189716,800,8000000,52.43538243,52.31417736,52.41867327,-0.231151299,-0.03186618,0.03186618,800,10000000,65.34915196,65.16163021,65.31620299,-0.28695362,-0.050419895,0.050419895
,,,,,,-0.001967874,0.002572919,,,,,,,0.041941583,,,,,,,0.084389398,0.084389398,,,,,,,,0.120908435,,,,,,,,0.123222519,,,,,,,,0.053790532
