T,P,NIST,PR,New,PR_rate,New_rate
360.0,100000.0,678.0367871435209,5.3001592658323045,5.708021869089084,-99.21830800830716,-99.15815454598913
365.0,100000.0,674.0354479397982,5.202556297141089,5.544047398555378,-99.22814796862053,-99.17748429767295
370.0,100000.0,670.0146190621105,5.109190247013792,5.39664419070933,-99.23745092992662,-99.19454829235464
375.0,100000.0,665.9726103775383,5.019751473961994,5.263076222948078,-99.24625256418335,-99.20971581399355
380.0,100000.0,661.9076655145308,4.933962613752911,5.1411702538327155,-99.25458445780085,-99.22327984374736
385.0,100000.0,657.8179531864112,4.851574226482213,5.029161421553844,-99.2624746401369,-99.23547823570442
390.0,100000.0,653.7015576496569,4.772361158106863,4.92560188179495,-99.26994802104105,-99.24650602034595
395.0,100000.0,649.5564681535595,4.696119479379385,4.829285765589656,-99.27702675446699,-99.25652564444204
400.0,100000.0,645.3805672132411,4.622663894997819,4.73921113611265,-99.28373054135197,-99.2656718567501
405.0,100000.0,641.171617507913,4.551825538412671,4.654526229998133,-99.29007688205155,-99.27405922175888
410.0,100000.0,636.9272471694254,4.483450085038254,4.574529942906437,-99.29608128636933,-99.28178140231303
415.0,100000.0,632.64493318083,4.417396129973645,4.498617991773352,-99.30175744745733,-99.28891898823008
420.0,100000.0,628.3219825485695,4.353533786736035,4.426298369031469,-99.30711738445352,-99.2955366051212
425.0,100000.0,623.9555108422039,4.291743471667459,4.3571538572862,-99.31217155757234,-99.30168837656309
430.0,100000.0,619.5424176082624,4.231914845124443,4.290841636228724,-99.31692895839775,-99.30741761753885
435.0,100000.0,615.0793580549068,4.173945885693361,4.227078246312351,-99.32139717728575,-99.31275888371871
440.0,100000.0,610.5627102646171,4.117742077787137,4.165631993020662,-99.32558244901615,-99.3177388787443
445.0,100000.0,605.9885370138454,4.063215696295063,4.106314456102252,-99.32948967709562,-99.3223775359948
450.0,100000.0,4.050760055301232,4.010285174646626,4.048970791778693,-0.9991922528622053,-0.0441710567427408
455.0,100000.0,3.9944443615880876,3.9588745448433196,3.993476913040103,-0.8904822179229545,-0.02421985288587328
460.0,100000.0,3.9401175559573867,3.908912939810118,3.9397279790909066,-0.7919717039936469,-0.009887442720867029
465.0,100000.0,3.887650616087758,3.8603341498995016,3.8876393963011684,-0.7026471482600871,-0.0002886006922316688
470.0,100000.0,3.83692694261895,3.813076226606912,3.8371352141243227,-0.6216098551972528,0.005428081078615899
475.0,100000.0,3.7878407983135043,3.7670811275760947,3.788149589619193,-0.5480608041038211,0.008152172230311026
480.0,100000.0,3.7402959862700267,3.7222943978240743,3.740624260419242,-0.4812878048163309,0.008776689075422697
485.0,100000.0,3.6942047242663345,3.6786648828294863,3.694501237045516,-0.4206545818852626,0.008026430620742053
490.0,100000.0,3.649486681106995,3.6361444697289205,3.6497268680565353,-0.36559145282391503,0.00658138994680965
495.0,100000.0,3.6060681476307623,3.5946878533737348,3.606245438860191,-0.3155873319949484,0.004916469189451439
500.0,100000.0,3.5638813203066255,3.554252324430418,3.5640017398906543,-0.27018284310822727,0.003378888722882388
505.0,100000.0,3.522863679481658,3.514797577073947,3.522942771131363,-0.22896436369907805,0.002245095379798852
510.0,100000.0,3.482957447610507,3.476285534136409,3.4830135643487865,-0.1915588569327856,0.0016111807027048394
515.0,100000.0,3.4441091153959666,3.4386801878410083,3.444160261814853,-0.15762937157507056,0.0014850406062263124
520.0,100000.0,3.4062690258530486,3.40194745448167,3.406329892393887,-0.1268711114295032,0.0017868976401048003
525.0,100000.0,3.3693910079885994,3.3660550416067045,3.36947151978919,-0.09900799206697783,0.002389506008639085
530.0,100000.0,3.3334320531510997,3.330972326436194,3.3335366738227927,-0.07378961609793097,0.0031385272003410457
535.0,100000.0,3.298352028217089,3.29667024439112,3.298481143206945,-0.05098860920791843,0.003914530309426062
540.0,100000.0,3.2641134206925586,3.263121186741094,3.2642629661162985,-0.030398268184381946,0.004581502063986968
545.0,100000.0,3.2306811115595795,3.2302989064896446,3.2308441694290506,-0.011830479602810747,0.005047166954599665
550.0,100000.0,3.1980221723213296,3.198178431713982,3.1981901289927555,0.00488612599389417,0.005251892025000261
555.0,100000.0,3.1661056832171126,3.166735985661723,3.1662695723648078,0.01990781444698709,0.00517636377597581
560.0,100000.0,3.1349025700123043,3.1359489129821543,3.1350546409802442,0.033377208588841384,0.004850899335582929
565.0,100000.0,3.1043854571318867,3.105795611535581,3.1045203371132444,0.045424591216743256,0.004344820680942528
570.0,100000.0,3.074528535212714,3.0762554692823856,3.074643262367974,0.056169069497740885,0.0037315365249005633
575.0,100000.0,3.045307441408871,3.047308805804626,3.0454023808371016,0.06571961728858872,0.003117564648469639
580.0,100000.0,3.016699151004547,3.0189368180583758,3.0167767513056423,0.07417600966551569,0.002572357971769219
585.0,100000.0,2.9886818790762124,2.991121529995044,2.988746964835696,0.08162966208988648,0.002177741295899854
590.0,100000.0,2.9612349911060614,2.96384574572559,2.9612935361388537,0.08816438504102875,0.0019770478522705146
595.0,100000.0,2.9343389215859235,2.9370930059331317,2.934397458441963,0.0938570635773645,0.0019948907608838716
600.0,100000.0,2.9079750997688394,2.9108475472676782,2.908039595368049,0.09877827011198258,0.0022178869143295627
605.0,100000.0,2.8821258818272515,2.8850942644818165,2.882201690274827,0.10299281767259474,0.0026302962009179857
610.0,100000.0,2.8567744887647084,2.8598186750886665,2.856864094119419,0.10656026003909103,0.0031365918123118963
615.0,100000.0,2.8319049495042017,2.83500688634349,2.832010048712964,0.10953534439181876,0.0037112548138494702
620.0,100000.0,2.807502048642524,2.810645564368378,2.8076220295281464,0.1119684214433126,0.004273581409505099
625.0,100000.0,2.783551278417729,2.786721905255579,2.7836835762474434,0.11390581745101763,0.004752843273994582
630.0,100000.0,2.7600387944871776,2.7632236079995853,2.7601795882159657,0.11539017200660337,0.005101150355903519
635.0,100000.0,2.7369513751577306,2.7401388491211724,2.737096023659051,0.11646074506011944,0.0052850226947129255
640.0,100000.0,2.7142763837483304,2.7174562588583453,2.714419768006356,0.11715369625047664,0.005282596086542886
645.0,100000.0,2.692001733799205,2.6951648988098587,2.6921393783901757,0.11750233927931687,0.005113094439824849
650.0,100000.0,2.6701158568718446,2.6732542409265134,2.670244239599963,0.11753737376570508,0.004808133242151549
655.0,100000.0,2.648607672710321,2.651714147754207,2.648724548702704,0.1172870967600658,0.004412733285759141
660.0,100000.0,2.6274665615578585,2.6305348538405577,2.627570703637173,0.11677759586329409,0.00396359294683737
665.0,100000.0,2.606682338443249,2.6097069482241086,2.606774316400703,0.11603292569457632,0.003528544928451119
670.0,100000.0,2.5862452292700446,2.589221357931593,2.586326874385621,0.11507526926935664,0.003156897677461692
675.0,100000.0,2.5661458485577717,2.569069332414674,2.5662199891525557,0.11392508569008926,0.002889180863418703
680.0,100000.0,2.546375178698916,2.549242428862924,2.5464450250513258,0.11260124540928579,0.00274297177391968
685.0,100000.0,2.526924550608379,2.529732498334753,2.5269938699282792,0.11112115419900494,0.0027432287158508477
690.0,100000.0,2.5077856256536792,2.510531672652421,2.507857789917189,0.10950086684646898,0.002877608945977785
695.0,100000.0,2.488950378764474,2.4916323520113948,2.4890281879710736,0.10775519149771517,0.0031261855303935542
700.0,100000.0,2.4704110826292967,2.4730271932580163,2.4704962540342574,0.10589778547849313,0.0034476612236588934
705.0,100000.0,2.45216029289565,2.4547090987928866,2.4522537239490982,0.10394124334452541,0.0038101527750389755
710.0,100000.0,2.43419083429713,2.436671206060489,2.4342924197427096,0.10189717783877979,0.004173273687015999
715.0,100000.0,2.416495787637912,2.4189068775884506,2.416604399447032,0.09977629437108673,0.004494599563360869
720.0,100000.0,2.3990684775710163,2.4014096915424643,2.3991822313926257,0.09758845957654572,0.004741582938247687
725.0,100000.0,2.381902461112226,2.3841734327653454,2.382019016932707,0.09534276445808307,0.004893391832113627
730.0,100000.0,2.3649915168364384,2.367192084270875,2.365108185698397,0.09304758257146506,0.004933161963919204
735.0,100000.0,2.348329634707715,2.3504598191651676,2.348443957406414,0.0907106236692254,0.004868256015237585
740.0,100000.0,2.33191100649832,2.3339709929701775,2.332021000237251,0.08833898318233488,0.004716892652606257
745.0,100000.0,2.3157300167556745,2.317720136325679,2.3158340963414012,0.08593918788481524,0.0044944611407073485
750.0,100000.0,2.2997812342795263,2.3017019480476875,2.2998787934176113,0.08351723805429188,0.0042421051459496945
755.0,100000.0,2.284059404074601,2.2859112885227377,2.284150261102781,0.08107864641493757,0.003977875007017861
760.0,100000.0,2.268559439746758,2.270343173418842,2.2686443614455154,0.07862847412467117,0.0037434196023090225
765.0,100000.0,2.2532764163131995,2.2549927676951738,2.2533565906969137,0.07617136404341023,0.003558124655003332
770.0,100000.0,2.2382055633995184,2.2398553798937284,2.238282481824478,0.0737115715012429,0.003436611284388741
775.0,100000.0,2.22334225879848,2.2249264566972715,2.223417959855877,0.07125299276448346,0.0034048314917451508
780.0,100000.0,2.2086820223673156,2.21020157773892,2.208758051185599,0.06879919138272401,0.003442270888853019
785.0,100000.0,2.194220510242048,2.1956764506495836,2.194298635822363,0.06635342258172677,0.0035605163633559383
790.0,100000.0,2.1799535093489477,2.1813469063304285,2.1800348658028246,0.06391865585688203,0.003732027014702477
795.0,100000.0,2.1658769321946942,2.1672088944382595,2.1659621173063472,0.06149759590520959,0.003933054107866105
800.0,100000.0,2.1519868119181274,2.1532584790725138,2.1520760667707233,0.05909270202510911,0.004147555742517119
805.0,100000.0,2.1382792975877174,2.139491834653224,2.1383723219354294,0.05670620610106531,0.004350430171442623
810.0,100000.0,2.1247506497299957,2.125905241979971,2.1248464872705455,0.054340129281622025,0.004510531179832219
815.0,100000.0,2.111397236075228,2.1124950844624486,2.1114948637439888,0.05199629744999276,0.004623841837655962
820.0,100000.0,2.0982155275075676,2.099257844513803,2.098313677656349,0.049676355577904854,0.004677791556424637
825.0,100000.0,2.0852020942077902,2.0861901000984613,2.085299267878801,0.04738178104729048,0.0046601560242349365
830.0,100000.0,2.0723536019775404,2.07328852142663,2.072448668916626,0.04511389601647124,0.004587389864117235
835.0,100000.0,2.059666808734745,2.060549867788114,2.0597587995775797,0.04287387890237143,0.0044662972886980075
840.0,100000.0,2.047138561170546,2.047970984518514,2.047226798887921,0.04066277504402068,0.004310295309201238
845.0,100000.0,2.0347657915587583,2.0355488000912803,2.0348501884307306,0.03848150660731163,0.004147743800416287
850.0,100000.0,2.0225455147094062,2.023280323329458,2.0226262370293075,0.036330881787715624,0.003991125011241249
855.0,100000.0,2.010474825058483,2.011162640731299,2.010552389146252,0.034211603360694114,0.0038579984589632377
860.0,100000.0,1.9985508938865502,1.9991929139042728,1.9986261977049407,0.03212427662895769,0.0037679209781868958
865.0,100000.0,1.986770966659273,1.9873683771022712,1.9868451884724472,0.030069416808659696,0.0037358011778772363
870.0,100000.0,1.9751323604834286,1.9756863348611253,1.9752065427908765,0.02804745589612971,0.003755814492846318
875.0,100000.0,1.9636324616723047,1.9641441597277933,1.9637077473513744,0.026058749051891945,0.0038340005341765803
880.0,100000.0,1.952268723414811,1.952739290078848,1.9523459374568186,0.024103580536490175,0.003955092917357056
885.0,100000.0,1.9410386635429457,1.9414692280241181,1.9411184209589296,0.022182169230287235,0.004109007073475404
890.0,100000.0,1.9299398623925947,1.9303315373915635,1.9300223257311415,0.020294673766838533,0.004272844981011321
895.0,100000.0,1.918969960752951,1.9193238417896659,1.9190549800983738,0.018441197306502472,0.004430467759358398
900.0,100000.0,1.9081266579001017,1.9084438227438307,1.9082136548785649,0.016621791976747118,0.0045592874090910765
905.0,100000.0,1.8974077097106108,1.8976892179034457,1.8974958825626511,0.014836463001293258,0.004647016642183488
910.0,100000.0,1.8868109268511544,1.8870578193164609,1.8868990233174765,0.013085172541296756,0.0046690669991587995
915.0,100000.0,1.8763341730405079,1.8765474717684671,1.8764210947729818,0.01136784326715303,0.004632529414154409
920.0,100000.0,1.8659753633803826,1.8661560711834495,1.8660599484477558,0.00968436168093476,0.00453302165897598
925.0,100000.0,1.855732462751815,1.855881563083503,1.8558137906312366,0.008034581206114522,0.004382521783393933
930.0,100000.0,1.8456034842740001,1.8457219411049515,1.8456810228382592,0.006418325060648079,0.004201258012339153
935.0,100000.0,1.8355864878226242,1.8356752455684373,1.8356601466241795,0.004835388928927964,0.004012821081651826
940.0,100000.0,1.8256795786049287,1.8257395621006594,1.8257497492909844,0.0032855434454988042,0.003843537873681447
945.0,100000.0,1.8158809057888732,1.8159130203055702,1.815948643798338,0.0017685365044958444,0.0037303112362143203
950.0,100000.0,1.8061886611839237,1.8061937924829352,1.8062553873716538,0.0002840954060751509,0.003694308859537013
955.0,100000.0,1.7966010779711121,1.796580092392258,1.79666860879707,-0.0011680711489895441,0.003758810277134952
960.0,100000.0,1.7871164294801503,1.787070174060193,1.7871865560067142,-0.002588271205733938,0.003924004357360544
965.0,100000.0,1.777733028011493,1.777662330629629,1.7778074200108271,-0.003976827833530566,0.004184655297620567
970.0,100000.0,1.7684492237013516,1.7683548932487347,1.768528850306758,-0.005334077526943707,0.004502623221476106
975.0,100000.0,1.7592634034277794,1.7591462299983307,1.7593483153114728,-0.006660368721387714,0.004826558861394677
980.0,100000.0,1.7501739897560211,1.7500347448560227,1.7502627847040324,-0.007956060415330653,0.005073492608792683
985.0,100000.0,1.7411794399214449,1.741018876695624,1.7412687393711805,-0.009221520892071464,0.005128675866957693
990.0,100000.0,1.7322782448484253,1.7320970983204425,1.7323623988302643,-0.01045712653388979,0.004857994498822197
995.0,100000.0,1.723468928203661,1.7232679155290769,1.7235395582688937,-0.01166326072345722,0.004098133948157972
1000.0,100000.0,1.7147500454824565,1.714529866212452,1.7147957940863285,-0.012840312824867535,0.002667945919733386
360.0,1000000.0,679.1093721452297,640.3301971797749,679.2887377044377,-5.710298893822619,0.026411880996637264
365.0,1000000.0,675.1447991245424,637.4040310660711,675.3470524088196,-5.590025740761035,0.029957023225171433
370.0,1000000.0,671.1625202996813,634.4126968733628,671.3208916195824,-5.475547622937777,0.023596567911806622
375.0,1000000.0,667.1609743894181,631.3541223500483,667.2387533008736,-5.367048345736953,0.011658192616348411
380.0,1000000.0,663.1385463649606,628.2261251530814,663.1261402003797,-5.264725056815655,-0.0018708254329140813
385.0,1000000.0,659.0935603173996,625.0264043158361,659.0037089487846,-5.16878908438398,-0.013632566607342205
390.0,1000000.0,655.0242716933291,621.7525308116083,654.8854720621741,-5.0794668716181635,-0.021189998165430154
395.0,1000000.0,650.9288587974086,618.4019370910006,650.7789510758906,-4.99700101889805,-0.02302981646794531
400.0,1000000.0,646.8054134449225,614.9719054512555,646.6834674162274,-4.92165144755359,-0.018853588136440398
405.0,1000000.0,642.6519306284047,611.4595550716903,642.5926529999638,-4.853696701138601,-0.00922390887131267
410.0,1000000.0,638.4662970394792,607.8618275204115,638.4942516331661,-4.793435403086799,0.004378397703453303
415.0,1000000.0,634.246278259211,604.1754705027722,634.3720424138762,-4.741187892970034,0.019828914883102147
420.0,1000000.0,629.9895043963567,600.3970195796614,630.2088301949834,-4.697298067695612,0.03481419882334531
425.0,1000000.0,625.6934539114214,596.5227775323117,625.9868878505531,-4.662135458946228,0.04689739636835019
430.0,1000000.0,621.3554353134016,592.5487909870433,621.6907903678414,-4.636097584280197,0.05397153310015547
435.0,1000000.0,616.9725663530767,588.470823835557,617.3100178156891,-4.619612616812676,0.054694727288620903
440.0,1000000.0,612.5417502583265,584.2843268896647,612.8372625505569,-4.613142427719382,0.04824361639118139
445.0,1000000.0,608.0596484589737,579.9844030887134,608.2697288151836,-4.617186067421566,0.03454930067178908
450.0,1000000.0,603.5226491252524,575.5657674261493,603.6146041294797,-4.632283765923941,0.015236380003400983
455.0,1000000.0,598.9268306875775,571.0227005694247,598.8799845948017,-4.659021551283389,-0.007821672093405584
460.0,1000000.0,594.2679193054195,566.3489949019585,594.0799179601657,-4.698036608823282,-0.03163578903492892
465.0,1000000.0,589.5412389956368,561.5378913999085,589.2312247868124,-4.750023534135763,-0.05258566972390128
470.0,1000000.0,584.7416527960727,556.5820053459277,584.3509191061538,-4.8157416724964595,-0.06682159344224832
475.0,1000000.0,579.8634929013413,551.4732383437437,579.4530834809422,-4.8960237892451595,-0.07077690274061328
480.0,1000000.0,574.9004771261234,546.2026733838309,574.5483844005582,-4.99178638461918,-0.06124411782109691
485.0,1000000.0,569.8456082719101,540.7604487544015,569.6366893539395,-5.104042058990511,-0.03666237221766478
490.0,1000000.0,564.6910519162606,535.135605294927,564.7119183387255,-5.23391446013499,0.0036951926888333067
495.0,1000000.0,559.4279866916121,529.3158997070739,559.7543489601563,-5.382656517171652,0.05833856659090481
500.0,1000000.0,554.0464190972282,523.2875741530394,554.7256430197535,-5.55167290753503,0.12259332415361342
505.0,1000000.0,548.5349520238706,517.0350688518168,549.5852548127914,-5.7425480465432495,0.1914741777247972
510.0,1000000.0,542.8804920468439,510.54065931314113,544.2690647087803,-5.957081384849653,0.2557786994152359
515.0,1000000.0,537.0678744912168,503.7839924009298,538.7036234604403,-6.197332529304235,0.3045702502264038
520.0,1000000.0,531.0793762022691,496.74148424526646,532.8085667373064,-6.465679801492538,0.3255992630334476
525.0,1000000.0,524.8940720335083,489.38552585713774,526.4918582938395,-6.7648975418613215,0.30440165844151323
530.0,1000000.0,518.486969123542,481.68341521607573,519.6535418567686,-7.098260149079462,0.22499557417971797
535.0,1000000.0,511.8278173879131,473.5958905455609,512.18877033903,-7.469685222946045,0.07052233951625242
540.0,1000000.0,504.87943469763206,465.0750652902571,503.98811266726557,-7.8839355837920895,-0.1765415600459743
545.0,1000000.0,497.5952802355846,456.06143518639533,494.93949442885094,-8.346912983082401,-0.5337240750105767
550.0,1000000.0,489.91581681668254,446.47938854947085,484.91592927881635,-8.866100414852454,-1.0205605465759136
555.0,1000000.0,481.76282876279254,436.23018536359325,473.78525594813584,-9.451257066912145,-1.6559128970459955
560.0,1000000.0,473.0300839805006,425.18040054126794,461.3902660131748,-10.115568768181165,-2.4606929583374213
565.0,1000000.0,463.56696826471403,413.14162402092325,447.54690202427497,-10.877682772038243,-3.455825659970451
570.0,1000000.0,43.456280990910855,399.83162683904317,431.98005941836817,820.077875331003,894.0566692964808
575.0,1000000.0,42.05303307890668,384.7907806109341,414.29627611537745,815.0131451610819,885.1757311726076
580.0,1000000.0,40.817984801665325,367.1676078594328,393.75227059610717,799.5240937138396,864.6538713494806
585.0,1000000.0,39.71500591679223,344.97512903628285,368.7666451735226,768.626659049347,828.5322679949578
590.0,1000000.0,38.71864643325313,309.528789692959,334.13952545227636,699.4308123000995,762.9938188265381
595.0,1000000.0,37.810257480605024,37.74915118710064,37.81607001574653,-0.16161300550712296,0.015372905472781192
600.0,1000000.0,36.97574065282502,36.99756563742043,36.93860903342633,0.059025145162966364,-0.10042157031369371
605.0,1000000.0,36.20416440375546,36.29181845504312,36.14386907191938,0.2421104111397886,-0.16654253130566918
610.0,1000000.0,35.4868731016786,35.626843382290254,35.41867099867199,0.3944283290629956,-0.19218966633433604
615.0,1000000.0,34.81689107261719,34.99837876776501,34.75186591894449,0.5212633568267074,-0.18676323953530938
620.0,1000000.0,34.188511073199166,34.40280379206341,34.13395484582765,0.6267974595484216,-0.1595747391710217
625.0,1000000.0,33.5970023319701,33.83701472067044,33.557036019469386,0.7143863203293765,-0.11895797162440769
630.0,1000000.0,33.03839854455674,33.298329912209915,33.014539182028436,0.7867553486365904,-0.07221706735006639
635.0,1000000.0,32.50934078013584,32.7844158664519,32.501093524015154,0.8461416925566934,-0.025368881443828272
640.0,1000000.0,32.00695898945788,32.29322892066022,32.01229517567857,0.8943990314625939,0.016671956315643766
645.0,1000000.0,31.528781211561377,31.822968756757707,31.544700603575183,0.9330761732345473,0.050491618775193946
650.0,1000000.0,31.072663021072465,31.372040942072285,31.095639291453953,0.9634768696741309,0.07394367958068478
655.0,1000000.0,30.63673200886958,30.93902646331741,30.663273163153598,0.9867059396554287,0.08663180614803988
660.0,1000000.0,30.219343593195305,30.52265673419404,30.24641298849397,1.003705259392314,0.08957638413019478
665.0,1000000.0,29.81904548417901,30.121792930608425,29.844031642910995,1.0152821511005177,0.08379261752439728
670.0,1000000.0,29.434548837230615,29.735408779295756,29.455544980287932,1.022131997771936,0.07133162860223675
675.0,1000000.0,29.064704633866775,29.362576125902425,29.080573260721767,1.0248564222069003,0.054597585129083644
680.0,1000000.0,28.70848418917516,29.00245275788044,28.71887518614406,1.0239780225530875,0.03619486455791132
685.0,1000000.0,28.364962947242578,28.654272070070025,28.37005121789465,1.019952408771158,0.01793857676293892
690.0,1000000.0,28.033306918816454,28.31733424650813,28.033803045530355,1.0131781045818413,0.0017697759145519738
695.0,1000000.0,27.71276125916483,27.990998697828843,27.70975162380833,1.0040047473508218,-0.010860106390528852
700.0,1000000.0,27.40264059228364,27.674677544650812,27.397279698520943,0.9927399202680376,-0.019563420337691925
705.0,1000000.0,27.102320769868985,27.367829977229878,27.09588742753013,0.9796548775855115,-0.023737237830967105
710.0,1000000.0,26.811231816623128,27.069957353064694,26.804831202649282,0.9649893679303291,-0.02387288289334346
715.0,1000000.0,26.528851862362597,26.780598919058892,26.523402910391233,0.9489557181080192,-0.02053972030012362
720.0,1000000.0,26.25470189957159,26.49932806474119,26.250900048601938,0.9317423069792722,-0.014480648015711774
725.0,1000000.0,25.98834123507499,26.225749029037214,25.986546429370588,0.9135165334900535,-0.006906195698172144
730.0,1000000.0,25.729363528300453,25.959493996017823,25.7296760097154,0.8944273629786553,0.001214493372928906
735.0,1000000.0,25.477393327579644,25.700220525563687,25.479642406985064,0.8746075201611324,0.008827745352525142
740.0,1000000.0,25.232083031178412,25.4476092734828,25.235936074284666,0.8541753847198044,0.01527041228222392
745.0,1000000.0,24.993110212052336,25.201361962681897,24.998110004536123,0.8332366354673875,0.02000468305611584
750.0,1000000.0,24.76017525532152,24.961199572826594,24.765799140262626,0.811885681067094,0.022713429461273776
755.0,1000000.0,24.53299926562291,24.726860720763984,24.538670487679298,0.7902069088337081,0.02311670902927742
760.0,1000000.0,24.311322208199645,24.498100208013742,24.316614046600428,0.7682757779052495,0.02176697077791336
765.0,1000000.0,24.09490125311509,24.27468771500798,24.099429631693468,0.7461597788023507,0.0187939287686129
770.0,1000000.0,23.883509296559733,24.056406624593677,23.887038002150494,0.7239192778878966,0.014774652865894071
775.0,1000000.0,23.676933637031933,23.843052959702423,23.67934591398309,0.7016082623582238,0.010188299668102323
780.0,1000000.0,23.474974787360306,23.634434422114396,23.47631004132724,0.6792749990085083,0.005687988928750456
785.0,1000000.0,23.2774454062095,23.43036952096234,23.277829052330954,0.6569626180373073,0.0016481452958332097
790.0,1000000.0,23.084169334964407,23.23068678108486,23.083817404331636,0.6347096314985415,-0.001524554025160467
795.0,1000000.0,22.894980727792174,23.035224022590764,22.894136765806287,0.6125503946301631,-0.00368623147545054
800.0,1000000.0,22.709723264297622,22.84382770406924,22.708676510454136,0.5905155171240989,-0.004609276085418355
805.0,1000000.0,22.528249435563676,22.656352322804377,22.527246870104815,0.568632230422991,-0.004450259047997782
810.0,1000000.0,22.350419895543066,22.472659866148742,22.34966319411645,0.5469247163005306,-0.003385625103034898
815.0,1000000.0,22.176102870774628,22.292619308899933,22.1757426830877,0.5254144012781433,-0.0016242154404903211
820.0,1000000.0,22.005173622262195,22.11610615212133,22.005290848855733,0.5041202208325507,0.0005327228748583108
825.0,1000000.0,21.83751395409966,21.94300199936763,21.838111273580207,0.48305885683552396,0.002735290664510901
830.0,1000000.0,21.673011764069738,21.773194166729002,21.674029649397358,0.46224495123169823,0.00469655689158825
835.0,1000000.0,21.51156063200204,21.606575323502632,21.512901639902775,0.441691298581288,0.006233894061313954
840.0,1000000.0,21.353059442160657,21.44304316064738,21.35458317422637,0.42140901977285594,0.007135895771006028
845.0,1000000.0,21.197412036353622,21.28250008448082,21.19896924988369,0.40140771892941896,0.007346243623494803
850.0,1000000.0,21.044526894824802,21.124852933345824,21.04597433210409,0.3816956252923689,0.0068779749077890915
855.0,1000000.0,20.89431684231107,20.970012715208743,20.895554376691855,0.3622797216532467,0.005922827676656335
860.0,1000000.0,20.746698776930195,20.81789436436012,20.747652166693648,0.34316586072524496,0.004595380564896189
865.0,1000000.0,20.601593419812893,20.668416515572304,20.602217182192,0.32435887068398117,0.0030277385170929014
870.0,1000000.0,20.45892508361122,20.521501294231985,20.459235363064643,0.305862650970321,0.0015165970458117125
875.0,1000000.0,20.318621458208128,20.37707412111029,20.318662898878078,0.287680259324627,0.0002039541414512682
880.0,1000000.0,20.180613412123552,20.23506353056224,20.180462848317216,0.2698139909165317,-0.0007460814161670994
885.0,1000000.0,20.044834808263072,20.095401001062104,20.0445909377017,0.2522654503402885,-0.001216625448431715
890.0,1000000.0,19.911222332789364,19.95802079708382,19.91097843541963,0.23503561716242627,-0.0012249241440769562
895.0,1000000.0,19.779715336015382,19.82285982142735,19.779558889727017,0.2181249056370884,-0.0007909430732813134
900.0,1000000.0,19.65025568432424,19.689857477174023,19.65023842951566,0.20153321913961275,-8.780958811159902e-05
905.0,1000000.0,19.522787622215276,19.55895553852726,19.522945878105965,0.18525999981083244,0.0008106213812871749
910.0,1000000.0,19.39725764365997,19.430098029861764,19.39758468969014,0.1693042738571256,0.0016860426158178097
915.0,1000000.0,19.27361437202709,19.303231112363157,19.27406831722928,0.15366469290291224,0.0023552676390973856
920.0,1000000.0,19.151808447903814,19.178302977694084,19.152325476875998,0.13833957175553177,0.002699635251624434
925.0,1000000.0,19.03179242420044,19.055263748170923,19.032279062814762,0.12332692290526177,0.00255697731183713
930.0,1000000.0,18.91352066798065,18.934065382978964,18.913898507179688,0.10862448805259531,0.0019977200737623614
935.0,1000000.0,18.796949268508538,18.814661589993364,18.797149781366624,0.09422976692553059,0.0010667308573425176
940.0,1000000.0,18.682035951047556,18.697007742808978,18.682020924185302,0.0801400436261462,-8.043482141587685e-05
945.0,1000000.0,18.56873999598661,18.581060802614573,18.568495780296082,0.06635241072159245,-0.0013151979648683104
950.0,1000000.0,18.45702216290453,18.466779244576323,18.45659547312407,0.052863791275081284,-0.002311801853471533
955.0,1000000.0,18.34684461921658,18.354122988422173,18.346313815983603,0.03967095899406129,-0.0028931581642138594
960.0,1000000.0,18.23817087307634,18.24305333294318,18.237662229244883,0.026770556657353096,-0.0027888971706396862
965.0,1000000.0,18.130965710233045,18.133532894149756,18.13060645249438,0.014159112965843752,-0.001981459478811742
970.0,1000000.0,18.025195134568566,18.025525546841322,18.02510637320467,0.0018330579518812408,-0.0004924294202187974
975.0,1000000.0,17.920826312060505,17.918996369366035,17.921084508644103,-0.010211262932888635,0.0014407627142961192
980.0,1000000.0,17.817827517937918,17.813911591364118,17.81841422150394,-0.021977575941049505,0.00329278956949708
985.0,1000000.0,17.716168086814317,17.71023854430402,17.7169327834282,-0.03346966726236525,0.004316377052499285
990.0,1000000.0,17.61581836559945,17.607945614634286,17.616436472105256,-0.04469137227559578,0.0035088151624849285
995.0,1000000.0,17.516749669006554,17.50700219938731,17.516667335284133,-0.05564656573526567,-0.0004700285382672704
1000.0,1000000.0,17.418934237485544,17.40737866408289,17.417329832576943,-0.06633915281559134,-0.009210695021447262
360.0,2000000.0,680.2814266667403,641.6735904064534,680.4316748080344,-5.675274194895864,0.02208617425147174
365.0,2000000.0,676.3562017725494,638.813789755322,676.5367505157291,-5.550686445816387,0.026694328034027964
370.0,2000000.0,672.4151148150776,635.8923826030057,672.5619105868358,-5.431575139728396,0.021831123144603514
375.0,2000000.0,668.4567320756375,632.907536674816,668.5328106941644,-5.318099690676621,0.011381233051627512
380.0,2000000.0,664.479577842962,629.8573304477818,664.4715369077936,-5.210430621144326,-0.0012101102030142737
385.0,2000000.0,660.4821286536034,626.7397468982119,660.395660282299,-5.108750152585576,-0.013091704915715058
390.0,2000000.0,656.462807095402,623.5526666509211,656.3165917314805,-5.013252858923687,-0.022273213705511066
395.0,2000000.0,652.419975105653,620.2938604575639,652.239415459316,-4.9241463894305975,-0.027675370654881314
400.0,2000000.0,648.3519266863607,616.9609809207869,648.1646166593298,-4.841652268392051,-0.02889017820741367
405.0,2000000.0,644.2568799479126,613.5515533681883,644.0873269809011,-4.766006780122677,-0.02631760285200978
410.0,2000000.0,640.1329683793316,610.0629657652403,639.9997619595953,-4.69746194922933,-0.020809179704268786
415.0,2000000.0,635.9782312275119,606.4924575385251,635.8917230447636,-4.636286627621803,-0.013602381103721835
420.0,2000000.0,631.790602848959,602.8371071597074,631.7532764772783,-4.582767701623035,-0.005908028943828642
425.0,2000000.0,627.5679008748863,599.0938183154433,627.575642865628,-4.537211434770254,0.0012336498936448834
430.0,2000000.0,623.3078130031558,595.2593044583631,623.3509201468731,-4.4999449645356435,0.006915867700999752
435.0,2000000.0,619.0078821974774,591.3300714978852,619.0732731147981,-4.471317974390893,0.010563826277707163
440.0,2000000.0,614.6654900340445,587.3023983456759,614.7389470805301,-4.45170456647128,0.011950735428717824
445.0,2000000.0,610.2778378867037,583.1723149770149,610.3447729502278,-4.441505364761547,0.010967965632826437
450.0,2000000.0,605.8419255815218,578.9355776038565,605.8917604960525,-4.441149884409046,0.008225728928034453
455.0,2000000.0,601.3545270773368,574.5876404747468,601.3767565911457,-4.45109920975912,0.003696573786014468
460.0,2000000.0,596.812162636756,570.1236237170181,596.8004545729166,-4.471849032336446,-0.001961766963285599
465.0,2000000.0,592.2110668371413,565.5382765123909,592.1578848958853,-4.503933110740978,-0.008980234283697064
470.0,2000000.0,587.5471516267485,560.8259347412154,587.4482561381985,-4.547927227891367,-0.016831923748779887
475.0,2000000.0,582.8159634486855,555.9804720337651,582.66590596238,-4.604453738042326,-0.02574697601239014
480.0,2000000.0,578.0126332228377,550.9952429163608,577.8062326010348,-4.6741868176540535,-0.035708669662128496
485.0,2000000.0,573.1318176773597,545.8630164186869,572.8640463089463,-4.757858561958867,-0.04672072988349038
490.0,2000000.0,568.1676301347699,540.5758980925527,567.8347004040795,-4.856266105070496,-0.05859709582740247
495.0,2000000.0,563.1135583525278,535.1252378489108,562.7137814911241,-4.970279988551672,-0.07099400386900154
500.0,2000000.0,557.9623663513206,529.5015203029168,557.4993103274869,-5.100854065573927,-0.08299054770696457
505.0,2000000.0,552.7059762751965,523.6942333606577,552.1920133724935,-5.249037310950591,-0.09299029226472895
510.0,2000000.0,547.3353251280699,517.6917094911662,546.7909646471173,-5.4159880197696895,-0.09945648598968669
515.0,2000000.0,541.8401895923038,511.48093236498033,541.2988968085074,-5.602991031390016,-0.0998989728325021
520.0,2000000.0,536.2089698652323,505.0472990995669,535.7122311795712,-5.81147882951258,-0.09263901082930756
525.0,2000000.0,530.4284202583922,498.3743249202542,530.0276538135679,-6.043057670726466,-0.07555523601639899
530.0,2000000.0,524.4833097430886,491.44327214100883,524.2344921235881,-6.299540326319255,-0.047440521915255635
535.0,2000000.0,518.3559889866616,484.23267823262563,518.3104056528879,-6.582987653088355,-0.008793827937211954
540.0,2000000.0,512.0258305612607,476.7177471504601,512.2241209432359,-6.895762147799727,0.03872663645852414
545.0,2000000.0,505.46849401998486,468.8695520085516,505.9279155429997,-7.240598067816717,0.09089023914449453
550.0,2000000.0,498.6549441720745,460.6539721487077,499.36220417389603,-7.620694924916571,0.14183354844616772
555.0,2000000.0,491.55011339844714,452.0302475607378,492.44854101558525,-8.039844719896303,0.1827743688078151
560.0,2000000.0,484.1110366665429,442.94896731008674,485.0910632752946,-8.502609161709461,0.20243839419565754
565.0,2000000.0,476.2841807607174,433.3491948482132,477.17697961951075,-9.014573157548247,0.18745087383909836
570.0,2000000.0,468.0014962536443,423.1542291999995,468.5712893410051,-9.582718733304809,0.12175027044187547
575.0,2000000.0,459.17435442804066,412.2651165911586,459.1313740387259,-10.215996904991227,-0.009360363639714863
580.0,2000000.0,449.6837910039865,400.5502564688569,448.6756802166105,-10.92624095376701,-0.22418214922207483
585.0,2000000.0,439.3638628039591,387.8277807931959,437.0077542655335,-11.729704323397707,-0.536254512009529
590.0,2000000.0,427.97104041080496,373.83343095004034,423.87744450428573,-12.649830093362974,-0.9565123618153757
595.0,2000000.0,415.12197794350243,358.1560284368571,408.9747002905724,-13.722701406669028,-1.4808364720613916
600.0,2000000.0,400.14772034988914,340.08875259446546,391.8535499844718,-15.009199028525796,-2.0727771129534203
605.0,2000000.0,381.6683780173826,318.2046738081096,371.8159695131466,-16.62797021302683,-2.581405500611654
610.0,2000000.0,355.7255238583779,288.5455223720554,347.563155512724,-18.885347544830193,-2.2945692108681937
615.0,2000000.0,143.0577204712946,129.36141100559536,315.91935150625903,-9.573974351455917,120.8334862777645
620.0,2000000.0,116.80255290257308,112.12158509275105,138.48140787892197,-4.007590325295808,18.56025783480227
625.0,2000000.0,105.32297713573543,103.0955334502122,109.6533706789217,-2.1148696572188603,4.111537350112561
630.0,2000000.0,97.81419500751676,96.79206364226535,99.1823947424231,-1.044972424680143,1.3987742114538677
635.0,2000000.0,92.23430438345754,91.91688331147631,92.45680943468629,-0.3441464367330987,0.24123893242984965
640.0,2000000.0,87.80356627907862,87.93458307651197,87.51782490236288,0.1492158040789793,-0.32543254086916645
645.0,2000000.0,84.1373547703214,84.5674812755435,83.64003689437959,0.5112194297007163,-0.5910785730064659
650.0,2000000.0,81.01678774148058,81.65166533367851,80.46466984391348,0.7836370830003504,-0.681485791968047
655.0,2000000.0,78.30517375905231,79.08178078141835,77.78564147473824,0.9917697453244695,-0.6634712106158985
660.0,2000000.0,75.91134799487669,76.78587572122761,75.47080700307991,1.1520381990976394,-0.5803361466147494
665.0,2000000.0,73.7714452607532,74.71251883324297,73.43018240246614,1.2756610219081972,-0.46259478458205855
670.0,2000000.0,71.83898132949585,72.823615597723,71.60099737405253,1.3706127926717695,-0.3312741231000918
675.0,2000000.0,70.07907044088104,71.09013203322843,69.93704642505405,1.4427440118520465,-0.20266252810359764
680.0,2000000.0,68.46486562167648,69.48941407296459,68.40428008714923,1.4964587193518604,-0.08849142399845296
685.0,2000000.0,66.9752684192258,68.00343498136733,66.9779419628482,1.5351436230248716,0.003991837114668099
690.0,2000000.0,65.59340042714564,66.61760877997064,65.64026899266254,1.5614503077372606,0.07145317244066238
695.0,2000000.0,64.30555124077652,65.31996283113922,64.37817491053758,1.5774868122418861,0.11293530396642693
700.0,2000000.0,63.1004349715387,64.10054610753195,63.18255076291457,1.5849512550022131,0.13013506390711077
705.0,2000000.0,61.96865268247053,62.95099665069584,62.047423845620074,1.5852272491042831,0.12711453249302196
710.0,2000000.0,60.902295872554205,61.864219280857185,60.96840511077268,1.5794534418142898,0.10854966511741257
715.0,2000000.0,59.894648804611606,60.83414136296793,59.94232946819088,1.568575118323399,0.07960755181120632
720.0,2000000.0,58.939961512110415,59.85552492167783,58.966870532692944,1.553383114068187,0.04565496802538682
725.0,2000000.0,58.03327426199002,58.92382014655935,58.03993582842195,1.5345435802036198,0.011478874002277642
730.0,2000000.0,57.17028008727338,58.03504977679025,57.15923437419975,1.512621047503622,-0.01932072583302574
735.0,2000000.0,56.34721589793827,57.18571684944712,56.32236555402607,1.488096506893305,-0.0441021681660553
740.0,2000000.0,55.56077532944199,56.372730351452404,55.52687789522587,1.4613817341388973,-0.06100964937066433
745.0,2000000.0,54.808038325298895,55.5933447513384,54.76983186076193,1.432830748983428,-0.0697096004607898
750.0,2000000.0,54.086413744034886,54.845110406237424,54.04838590988421,1.4027490633656852,-0.07030940215530423
755.0,2000000.0,53.39359220592694,54.12583257345906,53.35934578908404,1.3714012061747587,-0.06413956324726008
760.0,2000000.0,52.72750706541798,53.433537291613504,52.699545150406585,1.3390168917327443,-0.05303098243712545
765.0,2000000.0,52.08630188720386,52.76644279191255,52.066216192535045,1.3057961115795496,-0.0385623358561943
770.0,2000000.0,51.46830316939958,52.122935395906985,51.456572890285685,1.2719133645280407,-0.022791268395404296
775.0,2000000.0,50.871997331458246,51.50154907913635,50.868205545486624,1.2375211918184403,-0.007453581873178975
780.0,2000000.0,50.296011192448866,50.90094805035429,50.29899571439433,1.2027531479399767,0.005933913792973622
785.0,2000000.0,49.73909532441297,50.31991182694063,49.747287141102966,1.1677263101377402,0.016469573152797578
790.0,2000000.0,49.20010978834632,49.75732238872231,49.21164090887869,1.1325434084864046,0.023437184555035732
795.0,2000000.0,48.67801185593956,49.212153071903224,48.6910659010405,1.0972946420746028,0.02681712872657298
800.0,2000000.0,48.17184539517501,48.68345892743589,48.18476483929029,1.062059234110482,0.02681949177842847
805.0,2000000.0,47.680731657088025,48.17036831787035,47.69224490504475,1.0269067687629256,0.024146542128441542
810.0,2000000.0,47.203861248090696,47.672075566422585,47.213022642674076,0.9918983446525297,0.019408146581971628
815.0,2000000.0,46.74048710994253,47.1878345039225,46.74686868596947,0.9570875736226888,0.013653208217382386
820.0,2000000.0,46.28991835979936,46.716952785109754,46.293353801348715,0.9225214483878962,0.007421576168387092
825.0,2000000.0,45.851514867346786,46.258786866732734,45.85230116012771,0.8882410986075996,0.0017148676182185466
830.0,2000000.0,45.424682466033836,45.81273755706081,45.42324576290462,0.8542824516542024,-0.0031628248150982214
835.0,2000000.0,45.008868711799494,45.37824606051402,45.00591697045957,0.8206768116739926,-0.006558132706736221
840.0,2000000.0,44.603559116153235,44.95479045274988,44.59987249826055,0.7874513683582907,-0.008265299823008434
845.0,2000000.0,44.208273791599495,44.541882531194766,44.20446859494234,0.7546296450477172,-0.008607430986996522
850.0,2000000.0,43.82256445663286,44.13906499404407,43.81927812661158,0.7222318943119355,-0.007499173227378332
855.0,2000000.0,43.44601175522942,43.74590890747566,43.443734810781805,0.6902754479187401,-0.005240859530314254
860.0,2000000.0,43.07822285220176,43.362011426464214,43.07728848850013,0.6587750270852865,-0.002168993147273513
865.0,2000000.0,42.71882927119799,42.98699373934072,42.719388152413494,0.6277430180501956,0.0013082783986329174
870.0,2000000.0,42.3674849466888,42.62049921026334,42.36959030563246,0.5971897172865254,0.004969279970968832
875.0,2000000.0,42.02386446514827,42.26219169718204,42.027433494729735,0.5671235500757446,0.008492863821277365
880.0,2000000.0,41.68766147391384,41.911754025786614,41.69250304746243,0.537551265649666,0.011613924546039999
885.0,2000000.0,41.3585872390035,41.56888660241272,41.364450345122776,0.5084781116771219,0.014176272717916208
890.0,2000000.0,41.03636933555601,41.233306151010005,41.042907222249994,0.4799079905038257,0.015931932575524044
895.0,2000000.0,40.72075045660527,40.904744561106405,40.72767747054282,0.45184359924114803,0.017011017380268827
900.0,2000000.0,40.41148732765914,40.582947835280315,40.41848595560795,0.4242865555305182,0.017318412193209336
905.0,2000000.0,40.10834971606888,40.267675126015604,40.11514961851123,0.39723751057973067,0.01695383253235312
910.0,2000000.0,39.81111952548541,39.958697852996515,39.81743680803954,0.3706962508719005,0.01586813591133655
915.0,2000000.0,39.51958996683437,39.65579889292526,39.52520737941872,0.3446617897736383,0.014214248146461095
920.0,2000000.0,39.23356479822845,39.35877183483982,39.23833541781925,0.31913245012348435,0.012159536395265359
925.0,2000000.0,38.95285762709372,39.06742029468954,38.956724169565724,0.29410593875437663,0.00992621005888489
930.0,2000000.0,38.677291268537516,38.78155728360902,38.68024137383439,0.2695794137898137,0.007627486827846308
935.0,2000000.0,38.406697154640305,38.50100462492961,38.408870848497465,0.2455495454596964,0.0056596740105173
940.0,2000000.0,38.140914789929624,38.225592415494155,38.14251736752033,0.2220125710956688,0.004201728247812269
945.0,2000000.0,37.87979124879919,37.95515852730376,37.88115089055278,0.19896434489184636,0.0035893591510701467
950.0,2000000.0,37.623180711081005,37.68954814593433,37.62471882203777,0.1764003829526815,0.004088200220436384
955.0,2000000.0,37.37094403237073,37.428613342522254,37.373119101267136,0.1543159040926862,0.005820213946220165
960.0,2000000.0,37.12294834605305,37.1722126764382,37.126222537726974,0.13270586680216434,0.008819858927697969
965.0,2000000.0,36.87906669428126,36.92021082605288,36.883866527739585,0.11156500274991207,0.013015062170934878
970.0,2000000.0,36.63917768543699,36.67247824525013,36.64572736395521,0.0908878471537809,0.017876161344151535
975.0,2000000.0,36.40316517583843,36.428890843568716,36.4113980177267,0.07066876631749462,0.022615730935752962
980.0,2000000.0,36.17091797368066,36.189329688053256,36.18039994719564,0.050901982598268856,0.02621435685397661
985.0,2000000.0,35.94232956338355,35.95368072507561,35.952021126024285,0.0315815970471174,0.026964202817297844
990.0,2000000.0,35.71729784869441,35.721834520546636,35.725499378012664,0.012701609935463432,0.022962345452334536
995.0,2000000.0,35.49572491304555,35.493686017083014,35.49988095328474,-0.005744060636963333,0.011708565607179876
1000.0,2000000.0,35.27751679580479,35.26913430682237,35.274137278181115,-0.023761561877895118,-0.009579805866834238
360.0,3000000.0,681.4335731257034,642.9739457564621,681.5993941259044,-5.643929046939808,0.02433414007477243
365.0,3000000.0,677.546213859063,640.1770826440468,677.7367149459149,-5.515362708939787,0.028116323721575992
370.0,3000000.0,673.644704187375,637.3218692290983,673.8013990633536,-5.391987012217871,0.023260759715703558
375.0,3000000.0,669.7277236302637,634.4066814082146,669.8207717420036,-5.273940584479783,0.013893423917937292
380.0,3000000.0,665.7939196061873,631.4298227657955,665.8180446929584,-5.161371383613401,0.003623506622805152
385.0,3000000.0,661.8419027663814,628.3895200384459,661.8102450770716,-5.05443710773079,-0.004783270623612412
390.0,3000000.0,657.870242021889,625.2839181928605,657.8080052464494,-4.953305644115802,-0.009460342095475138
395.0,3000000.0,653.8774592462468,622.1110750757358,653.8144162913558,-4.858155564366671,-0.009641402069993536
400.0,3000000.0,649.8620235817556,618.8689555888717,649.8261674921479,-4.7691766664658495,-0.005517492684075005
405.0,3000000.0,645.8223453010904,615.5554253363301,645.8350812690994,-4.68657056928705,0.0019720544050018914
410.0,3000000.0,641.756769157095,612.1682436833114,641.8299482091978,-4.610551363976451,0.011402926407599743
415.0,3000000.0,637.6635671498028,608.7050561580057,637.7973894157034,-4.541346328007167,0.02098634339401175
420.0,3000000.0,633.5409306269246,605.1633861178884,633.7254108819313,-4.479196708088771,0.029118916566952254
425.0,3000000.0,629.3869616234325,601.5406255905209,629.6040124318023,-4.424358579193495,0.03448606685621813
430.0,3000000.0,625.1996633317248,597.8340251855586,625.4269340284538,-4.3771037879855985,0.036351698514669725
435.0,3000000.0,620.9769295773588,594.0406829589161,621.1914957794007,-4.337720990178431,0.03455300701557468
440.0,3000000.0,616.7165331557488,590.1575320915435,616.8987505202399,-4.306516792780378,0.02954637255444685
445.0,3000000.0,612.4161128619487,586.1813272232802,612.5527062901803,-4.283817013903814,0.022304022602086613
450.0,3000000.0,608.0731590178335,582.1086292561934,608.1614391786542,-4.2699680748248054,0.014518016378695325
455.0,3000000.0,603.6849972677264,577.935788410681,603.7311408935699,-4.2653385413893306,0.007643659533084586
460.0,3000000.0,599.248770373553,573.6589252803445,599.269525474581,-4.270320834743907,0.0034635200027181095
465.0,3000000.0,594.7614176924006,569.273909586776,594.779345898774,-4.285333134841361,0.003014352619386743
470.0,3000000.0,590.2196519610201,564.7763362811893,590.2628729008617,-4.3108215043831075,0.0073228567869607145
475.0,3000000.0,585.619932940866,560.1614985740034,585.714830165351,-4.347262265991424,0.016204575552698778
480.0,3000000.0,580.9584373906491,555.4243573931105,581.1277396484633,-4.395164671714529,0.02914188811415705
485.0,3000000.0,576.2310247270769,550.5595066730054,576.4888918497436,-4.455073911757949,0.04475064888926932
490.0,3000000.0,571.4331976033919,545.5611337553706,571.7825573975467,-4.52757451903906,0.06113746902000422
495.0,3000000.0,566.5600564728256,540.4229740308467,566.9895008172546,-4.613294238336859,0.07579855648534019
500.0,3000000.0,561.6062470015191,535.1382587634681,562.0947308019543,-4.712908444193183,0.08697976616948104
505.0,3000000.0,556.5658989414027,529.6996548027694,557.0786044498014,-4.8271452113277755,0.0921194613924319
510.0,3000000.0,551.4325547528862,524.0991945895488,551.9304427491514,-4.956791166525576,0.09028991704858295
515.0,3000000.0,546.1990858611538,518.3281944805441,546.6395561514233,-5.10269828384418,0.0806428098602729
520.0,3000000.0,540.8575938989648,512.3771589287934,541.2036444856789,-5.265791826062752,0.06398183008201562
525.0,3000000.0,535.3992936434197,506.23566742491516,535.6222449911168,-5.447079696359807,0.04164206982416189
530.0,3000000.0,529.8143734309704,499.89224028122686,529.9027287235011,-5.647663530903067,0.016676650721759976
535.0,3000000.0,524.0918277359308,493.3341782578706,524.0511156443938,-5.868751972518408,-0.007768121802788719
540.0,3000000.0,518.2192550348528,486.5473695932302,518.0786171285939,-6.111676695512315,-0.027138687899479555
545.0,3000000.0,512.1826120450789,479.51605607542473,511.99062440186816,-6.3779119402786595,-0.037484217288087554
550.0,3000000.0,505.96591263461966,472.2225471854431,505.788876002144,-6.66909857098301,-0.03498983391071296
555.0,3000000.0,499.5508558564317,464.64686777743424,499.46613189262894,-6.987074022555315,-0.01696002775483913
560.0,3000000.0,492.91636217041395,456.76631983193136,493.0032859154376,-7.333909992215797,0.01763458300326694
565.0,3000000.0,486.0379892193729,448.5549319249922,486.368803851885,-7.71196040757685,0.06806353409605367
570.0,3000000.0,478.88718730171644,439.9827603122002,479.5155032910096,-8.123923132861986,0.13120334098588501
575.0,3000000.0,471.43033790368213,431.0149916068622,472.37784273182336,-8.572920121461754,0.20098511953102577
580.0,3000000.0,463.62749292750567,421.6107769665507,464.8801249007409,-9.062602326632264,0.27018069297954483
585.0,3000000.0,455.4306914616586,411.72169860314267,456.92431838690334,-9.59728750783931,0.3279592160227647
590.0,3000000.0,446.78166417967424,401.28972723798677,448.4015191440095,-10.182140537305665,0.36256075264625154
595.0,3000000.0,437.6086218373652,390.2444687395913,439.19210082530867,-10.823404918054043,0.361848215260246
600.0,3000000.0,427.8216231068275,378.4994153785563,429.15515188143956,-11.528685102472103,0.31170205117919153
605.0,3000000.0,417.30564476083435,365.94681697441405,418.1405828845764,-12.307244924965012,0.20007832010529875
610.0,3000000.0,405.90975685444334,352.45071521307165,405.98114449687705,-13.170179020984158,0.017587072305656606
615.0,3000000.0,393.4293439573656,337.8378366396235,392.4812078229016,-14.129985007871277,-0.24099273453449863
620.0,3000000.0,379.57520301384307,321.8871489932995,377.40691745246,-15.198056554405555,-0.5712400452312991
625.0,3000000.0,363.9164387186262,304.3235672696951,360.4732000367107,-16.37542718838465,-0.946161897505746
630.0,3000000.0,345.76851670644805,284.83844633381955,341.3024601860499,-17.621636276491063,-1.2916319169075006
635.0,3000000.0,323.9676005648985,263.21432898004747,319.3854929095884,-18.75288500421531,-1.4143721925650372
640.0,3000000.0,296.4905795356387,239.74443716653096,294.04030688946244,-19.139273314512426,-0.8264251262262172
645.0,3000000.0,260.9386056273831,215.9915361807534,264.6025422157351,-17.225151233778536,1.4041374136811697
650.0,3000000.0,221.91414882599008,194.60932125711238,231.78061207262544,-12.304230132837668,4.446072185497271
655.0,3000000.0,192.0350153493803,177.22601175611854,200.5780211567041,-7.711616324928501,4.448670880037692
660.0,3000000.0,171.99730834721566,163.62221995459856,176.73328201239414,-4.869313638158849,2.7535161513212976
665.0,3000000.0,157.85919844217085,152.8930485761617,160.00971091720893,-3.1459363249132517,1.3622978554688974
670.0,3000000.0,147.21805504937316,144.23027252046572,147.96563281195355,-2.02949463495182,0.507803042452689
675.0,3000000.0,138.80795914750487,137.0606846150711,138.8518396949713,-1.258771141917755,0.03161241454446078
680.0,3000000.0,131.92005498838725,130.9960874029484,131.6480558784353,-0.7003996363708163,-0.20618480637830763
685.0,3000000.0,126.12671439513596,125.77157894609397,125.75110058213569,-0.2815703641731359,-0.2978067055830295
690.0,3000000.0,121.15316161336702,121.20211455248283,120.78897657199111,0.04040582884005082,-0.3005988754450494
695.0,3000000.0,116.81362750735916,117.15494228342041,116.51755236231271,0.292187464206392,-0.253459421956391
700.0,3000000.0,112.97725946355196,113.5323502402404,112.77090718670709,0.4913296528205528,-0.18264939141264966
705.0,3000000.0,109.54874641432373,110.26071813707962,109.43341221257448,0.6499131629157547,-0.1052811698210076
710.0,3000000.0,106.4567097747623,107.28341046111393,106.42218353616981,0.7765604329691717,-0.032432186440423214
715.0,3000000.0,103.64643092033138,104.55604777747958,103.67651725686105,0.8776152242496202,0.029027855819550235
720.0,3000000.0,101.07512013824376,102.04328328164641,101.15112625635405,0.9578649444872883,0.07519765299940233
725.0,3000000.0,98.70873800982247,99.71655498612986,98.81267645661792,1.021000771185129,0.10529812141363869
730.0,3000000.0,96.5197995343172,97.55248515670742,96.63634329060534,1.0699210186642083,0.12074595766923585
735.0,3000000.0,94.48581994375967,95.53171868921336,94.60215094878752,1.1069372590260034,0.12312006721971909
740.0,3000000.0,92.58819103543588,93.63806530246102,92.69484642207748,1.133918111245221,0.1151932934954651
745.0,3000000.0,90.8113533323644,91.85785601578544,90.9020983427752,1.152391903676293,0.09992694424305935
750.0,3000000.0,89.14217588077511,90.1794533993104,89.21385997586121,1.1636214937389648,0.08041546482102216
755.0,3000000.0,87.5694845741343,88.59287393750914,87.62136089396152,1.1686598001024762,0.05924017947520558
760.0,3000000.0,86.08369854633104,87.08949333203051,86.11688305639646,1.1683916963188457,0.03854912210534807
765.0,3000000.0,84.67654641623393,85.66181398848146,84.69378943636971,1.1635660805110848,0.02036339561018522
770.0,3000000.0,83.34084236361537,84.303279704316,83.34547190017179,1.154820749832988,0.005554943320855009
775.0,3000000.0,82.07030761029614,83.00812659510535,82.06598606827359,1.1427019248695465,-0.005265658370713885
780.0,3000000.0,80.85942676271716,81.7712621370233,80.8496779455328,1.127679741017614,-0.012056500490619836
785.0,3000000.0,79.7033312087938,80.58816623770396,79.69140154416051,1.1101606614060002,-0.014967585987132968
790.0,3000000.0,78.59770371865848,79.45480972293922,78.58632329288278,1.0904975129410392,-0.014479336211188288
795.0,3000000.0,77.53869981649792,78.36758670918081,77.52991188674228,1.0689976678026858,-0.011333604737297174
800.0,3000000.0,76.52288253025374,77.32325813481474,76.51770241765195,1.0459297638775757,-0.00676936418298682
805.0,3000000.0,75.54716789691489,76.31890432496654,75.5462382918431,1.0215292638166107,-0.0012304962550783575
810.0,3000000.0,74.608779178913,75.35188491993075,74.61207781826741,0.9960030832776104,0.004421248264231633
815.0,3000000.0,73.70520818438457,74.4198048449523,73.71204263410455,0.9695334674044357,0.009272682200255379
820.0,3000000.0,72.83418241799683,73.52048526674344,72.84376332560979,0.9422812558091213,0.013154410875338609
825.0,3000000.0,71.99363704625075,72.65193868984699,72.00474763141717,0.9143886468373872,0.015432732144485007
830.0,3000000.0,71.18169086089169,71.81234750838027,71.1931292835815,0.8859815492737485,0.016069332649263066
835.0,3000000.0,70.39662558030088,71.00004545660265,70.40727615388691,0.8571715921432271,0.015129380844945193
840.0,3000000.0,69.63686795184736,70.21350150314932,69.64571369227883,0.828057849615931,0.012702668416369328
845.0,3000000.0,68.90097421582588,69.45130581467149,68.90726450954917,0.7987283272972888,0.009129469931119245
850.0,3000000.0,68.18761656955053,68.71215747955321,68.19102895194428,0.7692612477042067,0.005004401921376971
855.0,3000000.0,67.49557133276683,67.99485373478498,67.49590399505756,0.7397261659681191,0.0004928653601446389
860.0,3000000.0,66.8237085660944,67.29828048161119,66.82118076129056,0.7101849413930655,-0.003782796342907041
865.0,3000000.0,66.17098293525814,66.62140391026755,66.16599975644779,0.6806925861296345,-0.007530761353846725
870.0,3000000.0,65.53642564736508,65.9632630825728,65.5296947272537,0.6512980086897326,-0.010270502312099654
875.0,3000000.0,64.91913731295865,65.32296334456684,64.91137189292674,0.622044667139441,-0.011961680874594531
880.0,3000000.0,64.31828161022004,64.69967046077493,64.31034173154764,0.5929711444502936,-0.012344668535331525
885.0,3000000.0,63.73307964642261,64.09260537778077,63.72560010898447,0.5641116565412067,-0.01173572261003475
890.0,3000000.0,63.16280492731798,63.50103953823041,63.15633924349111,0.535496501939139,-0.01023653688956284
895.0,3000000.0,62.606778858127676,62.9242906776413,62.60166158638957,0.5071524606514821,-0.00817367037793784
900.0,3000000.0,62.06436671070225,62.361719045853874,62.0606750083362,0.4791031487321166,-0.005948183412976634
905.0,3000000.0,61.534974000564596,61.81272400294289,61.53250788126437,0.4513693340891788,-0.004007670987559832
910.0,3000000.0,61.01804322527997,61.276740946167095,61.016444736480004,0.42396921830483775,-0.002619698560410973
915.0,3000000.0,60.513050922137765,60.75323853027388,60.51170028165212,0.3969186885737555,-0.002231982134539901
920.0,3000000.0,60.01950500868744,60.241716148369306,60.017688972058515,0.37023154331196817,-0.0030257440954583885
925.0,3000000.0,59.53694237440828,59.74170164474438,59.53398827333152,0.34391969451242715,-0.004961795078718889
930.0,3000000.0,59.06492669584166,59.252749234633754,59.060241873799086,0.31799334952076375,-0.007931647941767575
935.0,3000000.0,58.603046450985765,58.77443760896452,58.59626217651217,0.29246117456044046,-0.01157665835558522
940.0,3000000.0,58.150913111737495,58.30636820481006,58.14199166711731,0.267330442041142,-0.015341882255644784
945.0,3000000.0,57.70815949573965,57.84816362456006,57.697320466050584,0.24260716343023178,-0.01878249069763928
950.0,3000000.0,57.274438261214634,57.399466188807914,57.262379804540764,0.21829620924967977,-0.021053819190463813
955.0,3000000.0,56.84942053029415,56.959936609686,56.83703802117789,0.194401417571104,-0.02178124068944349
960.0,3000000.0,56.43279462802756,56.529252772883936,56.42120721399715,0.17092569221881387,-0.02053312104563701
965.0,3000000.0,56.02426492570945,56.10710861789972,56.01462403163745,0.147871091749478,-0.01720842582188963
970.0,3000000.0,55.623550778439274,55.69321310722211,55.6167163448451,0.12523891015212837,-0.01228694230865398
975.0,3000000.0,55.23038554793773,55.28728927615088,55.22673842596869,0.10302975010695924,-0.006603470051594745
980.0,3000000.0,54.844515702620576,54.88907335584582,54.84359999269263,0.08124358954474503,-0.0016696472130596643
985.0,3000000.0,54.46569998778626,54.4983139629753,54.46585400924788,0.059879842169213486,0.00028278616019441344
990.0,3000000.0,54.09370865952773,54.114771350021485,54.09170147771436,0.03893741253040731,-0.0037105642469480453
995.0,3000000.0,53.72832277664344,53.73821671090661,53.719141914732404,0.018414746174574892,-0.017087564689484244
1000.0,3000000.0,53.369333545409745,53.36843153714259,53.345840628505115,-0.0016901246600476085,-0.04401950585468803
360.0,5000000.0,683.6813251169418,645.4551775041675,683.9227861135665,-5.59122301698614,0.03531776980794504
365.0,5000000.0,679.865618026451,642.7749965129335,680.1729626713789,-5.455581298725775,0.04520667566923625
370.0,5000000.0,676.038835656784,640.0421975318473,676.3422085784648,-5.324640571863805,0.0448750730993182
375.0,5000000.0,672.1998481642268,637.2554964158111,672.4586121110059,-5.198506343589404,0.038495091524614757
380.0,5000000.0,668.3475090069072,634.41356186077,668.5469277369989,-5.077290883684069,0.029837581109263666
385.0,5000000.0,664.480651822332,631.5150131468996,664.6270622487765,-4.96111340262872,0.02203381333120458
390.0,5000000.0,660.5980871977773,628.5584177428497,660.713472648826,-4.850100246405234,0.017466815796906503
395.0,5000000.0,656.6985993136446,625.5422887612013,656.8131844932922,-4.744385108329245,0.017448671242375088
400.0,5000000.0,652.7809424388513,622.4650822545668,652.9272492857132,-4.644109258309772,0.02241285511725566
405.0,5000000.0,648.8438372560812,619.3251943409417,649.0507789883694,-4.549421789990627,0.03189391967770824
410.0,5000000.0,644.8859669932779,616.120958146081,645.1753628480177,-4.460479886283017,0.04487550815985636
415.0,5000000.0,640.9059733361121,612.8506405497636,641.289388033449,-4.37744910385401,0.05982386079834734
420.0,5000000.0,636.9024520942738,609.5124387218711,637.3811634951031,-4.300503677186099,0.07516243645399545
425.0,5000000.0,632.8739485923287,606.1044764332379,633.4394637293129,-4.229826842870191,0.08935667809396797
430.0,5000000.0,628.818952753537,602.6248001252039,629.4557557991819,-4.165611184846042,0.10126969660446969
435.0,5000000.0,624.7358938424344,599.0713747208068,625.4236775464358,-4.108059001345047,0.1100919141641087
440.0,5000000.0,620.6231348291383,595.4420791595326,621.3403815372963,-4.057382694336431,0.11556879979271727
445.0,5000000.0,616.4789663352597,591.7347016365732,617.2062291058945,-4.013805182321472,0.11797041105200637
450.0,5000000.0,612.301600117988,587.9469345266605,613.0239743280183,-3.977560337362249,0.11797686138516608
455.0,5000000.0,608.089162045413,584.0763689717903,608.7984687909848,-3.948893447278602,0.11664518788427412
460.0,5000000.0,603.8396845124676,580.1204891116232,604.5347619237365,-3.9280617039926606,0.11510959433382101
465.0,5000000.0,599.5510982431342,576.0766659351106,600.2380760322013,-3.915334719060784,0.11458202496503679
470.0,5000000.0,595.2212234208295,571.9421507321485,595.9110465469652,-3.9109950674964913,0.11589357015383045
475.0,5000000.0,590.8477600853138,567.7140681249135,591.556433746249,-3.915338861073102,0.11994183761192662
480.0,5000000.0,586.4282777327674,563.3894086602767,587.1724237824003,-3.9286763526416077,0.12689463961559666
485.0,5000000.0,581.9602040435541,558.965020947642,582.7557932999348,-3.9513325715638037,0.1367085327919031
490.0,5000000.0,577.4408126902534,554.437603331095,578.3001142050862,-3.9836479953656507,0.14881205068088546
495.0,5000000.0,572.8672101272115,549.8036950915134,573.7987064957812,-4.025979254525067,0.16260249358011739
500.0,5000000.0,568.2363213230973,545.059667183929,569.2416272166398,-4.0786998770516965,0.17691686641954615
505.0,5000000.0,563.5448743632775,540.2017125290389,564.620847396867,-4.142201073270855,0.19092943304741067
510.0,5000000.0,558.789383878408,535.2258358965325,559.9284580463158,-4.216892564838499,0.20384678033819637
515.0,5000000.0,553.9661332687012,530.1278434436484,555.1563780685603,-4.303203461986737,0.21485876633577042
520.0,5000000.0,549.0711557205641,524.9033320073473,550.2998236007736,-4.4015831939852195,0.2237720680477365
525.0,5000000.0,544.1002140508099,519.5476782957281,545.3552709108726,-4.512502498811543,0.2306664889393926
530.0,5000000.0,539.0487794676638,514.0560281878915,540.3196083173997,-4.636454479027653,0.23575396107766702
535.0,5000000.0,533.9120094118184,508.4232864366913,535.1922876169715,-4.77395573162077,0.23979198493090528
540.0,5000000.0,528.6847247402736,502.64410718289054,529.9723427643011,-4.92554755959254,0.24355120618625867
545.0,5000000.0,523.361386649263,496.7128858415549,524.6578385783826,-5.091797271923476,0.24771638913216798
550.0,5000000.0,517.9360738932248,490.62375312469305,519.2484108360352,-5.2732995721325935,0.25337816942268176
555.0,5000000.0,512.4024610950778,484.3705722347109,513.7385504122775,-5.470678029230915,0.2607499804634608
560.0,5000000.0,506.75379918139805,477.9469406231186,508.1216075518764,-5.68458659901782,0.26991576041223714
565.0,5000000.0,500.9828993240292,471.34619818670774,502.3907734446043,-5.915711130521604,0.28102239067935153
570.0,5000000.0,495.0821221303961,464.561444406296,496.535487235997,-6.164770723848007,0.29356040960374036
575.0,5000000.0,489.04337423464284,457.5855677686636,490.54441369287105,-6.432518693298108,0.3069338094146242
580.0,5000000.0,482.85811485052614,450.411291910221,484.4034410792181,-6.719742703371445,0.3200373321198814
585.0,5000000.0,476.5173751811089,443.03124435366556,478.09966530889125,-7.027263342646495,0.33205297649030746
590.0,5000000.0,470.01179373295537,435.4380555601715,471.62144915303816,-7.355929922138822,0.34247128296472906
595.0,5000000.0,463.3316704018981,427.62449837725035,464.9583490011974,-7.70661154970802,0.3510829721370625
600.0,5000000.0,456.4670414027941,419.5836809012085,458.10023568773875,-8.080180419650308,0.3577901878579397
605.0,5000000.0,449.40777547720614,411.3093093186852,451.0417291832935,-8.47748264214295,0.3635793137651758
610.0,5000000.0,442.14368896884713,402.7960413513994,443.77724884310663,-8.899289665134198,0.3694635737240168
615.0,5000000.0,434.66467310975537,394.03995516781663,436.30186292314977,-9.346220306171688,0.37665582566932004
620.0,5000000.0,426.9608212390091,385.03916226451224,428.61628653643487,-9.818619622485091,0.3877323667829176
625.0,5000000.0,419.0225372355712,375.79459431742356,420.7133992098897,-10.3163765852158,0.4035253056968469
630.0,5000000.0,410.8406006419851,366.31099062948516,412.5894468422159,-10.838658580217569,0.425675115238872
635.0,5000000.0,402.40616134082734,356.59810017501627,404.2343824903435,-11.383538714511097,0.45432235516088043
640.0,5000000.0,393.710641138829,346.67208410444766,395.6348895072515,-11.947494458955893,0.4887468529823157
645.0,5000000.0,384.7455361446445,336.5570534463862,386.77412727705075,-12.524767195776363,0.527255274416904
650.0,5000000.0,375.50214796684867,326.28659661185833,377.628585152763,-13.106596492581277,0.5662916170860481
655.0,5000000.0,365.97132916569336,315.90504373684706,368.17142395177916,-13.680384620014541,0.6011658867106793
660.0,5000000.0,356.1434148431268,305.468098972742,358.3786213909079,-14.228907164465229,0.6276141730054625
665.0,5000000.0,346.00863397484795,295.04239422197224,348.2240201163538,-14.729759534434203,0.6402690349244005
670.0,5000000.0,335.558455844169,284.7035520096112,337.69401012753275,-15.155303926590497,0.6364179612137418
675.0,5000000.0,324.7885198861194,274.5325636198822,326.78683628492763,-15.473439850601386,0.6152669433971718
680.0,5000000.0,313.70395974105986,264.61070249418924,315.52504678693396,-15.649549749832161,0.5805113353931748
685.0,5000000.0,302.3278620629353,255.01369159926182,303.9591245539875,-15.649953709467951,0.5395673689885166
690.0,5000000.0,290.71283391140764,245.8062035856025,292.1770622571973,-15.447075287873279,0.5036682853278714
695.0,5000000.0,278.9535065595619,237.03777866936613,280.3050951041162,-15.02606237403435,0.48452108067181715
700.0,5000000.0,267.19413986288083,228.7408533526124,268.49899309630376,-14.391515670965676,0.488353986390779
705.0,5000000.0,255.6225704567767,220.93098507271412,256.9347790613299,-13.571409332936271,0.5133383183685101
710.0,5000000.0,244.4448983703123,213.60881808872458,245.78331453195506,-12.614736690014208,0.5475328675565866
715.0,5000000.0,233.84711436386232,206.76306233800454,235.19342728936473,-11.581948359523233,0.5757235573185547
720.0,5000000.0,223.9613915168796,200.37377006877975,225.26958005253965,-10.53200343520909,0.5841134165133409
725.0,5000000.0,214.85243685784144,194.4153866639556,216.07329290537936,-9.512133300777112,0.5682300212148439
730.0,5000000.0,206.5249080100471,188.8592897431799,207.6188171293199,-8.553747069582435,0.5296741830382818
735.0,5000000.0,198.9417942167395,183.67572686845955,199.8886621091637,-7.673635099343762,0.475952223187762
740.0,5000000.0,192.04329434847625,178.8351866146032,192.83996316964345,-6.8776719221999985,0.4148381352600574
745.0,5000000.0,185.7609735583386,174.30929730666426,186.41865945147254,-6.164737421597287,0.3540495511708667
750.0,5000000.0,180.02648870195833,170.07136312975885,180.56398276247373,-5.5298115538322925,0.2985638749002344
755.0,5000000.0,174.77613418703518,166.0966387422351,175.2154423760894,-4.966064437328616,0.2513547922876636
760.0,5000000.0,169.95273045129537,162.3624252127259,170.31513237308937,-4.4661272686905615,0.21323689288879022
765.0,5000000.0,165.50602352201835,158.8480502479677,165.810998113562,-4.022798163092169,0.18426797107059223
770.0,5000000.0,161.39234138046177,155.5347781179662,161.65569120842187,-3.6293935712148317,0.1631736832786167
775.0,5000000.0,157.57393505933416,152.4056806780931,157.8070953271688,-3.27989167706891,0.14796880445160707
780.0,5000000.0,154.01823121795687,149.4454904036321,154.23001280802612,-2.9689607380659413,0.13750423465748715
785.0,5000000.0,150.69710673936302,146.6404488423957,150.89253952685573,-2.6919281894266778,0.12968582590687372
790.0,5000000.0,147.58623276798747,143.97815868801865,147.76813641575777,-2.4447226630148347,0.12325245001426327
795.0,5000000.0,144.66450310294238,141.44744417143667,144.83379191238632,-2.2238067131205397,0.11702166448079956
800.0,5000000.0,141.91354617577173,139.03822216860465,142.0701900901391,-2.026109617193099,0.11037981826862568
805.0,5000000.0,139.31731304522643,136.7413849566578,139.46044234987122,-1.8489648072184655,0.1027361937409199
810.0,5000000.0,136.86173156264462,134.54869464890837,136.99024455534624,-1.6900538136751009,0.09389987342282934
815.0,5000000.0,134.53441675700458,132.45268881160953,134.64720377864748,-1.5473571711802578,0.08383506939091805
820.0,5000000.0,132.32442833562175,130.44659648157304,132.42050682600723,-1.4191120095269631,0.07260827920736672
825.0,5000000.0,130.22206737634423,128.52426367495946,130.3011776011707,-1.303775723724372,0.06075024488579895
830.0,5000000.0,128.2187055018459,126.68008744471386,128.28062499391302,-1.19999500159506,0.04829208953932832
835.0,5000000.0,126.30664094453617,124.90895756827715,126.35162086124028,-1.106579484504521,0.03561167993047922
840.0,5000000.0,124.47897688414561,123.2062050030946,124.50788337239128,-1.0224793880139305,0.02322198412071686
845.0,5000000.0,122.72951826232782,121.56755631898326,122.74353142074096,-0.9467664827469777,0.011417920164240489
850.0,5000000.0,121.05268396090297,119.98909339359767,121.05329159059872,-0.8786179145344775,0.0005019547488484295
855.0,5000000.0,119.44343179062717,118.46721773401755,119.43241075886405,-0.8173024183705888,-0.009226988540014676
860.0,5000000.0,117.89719419475051,116.99861886043806,117.87655439791348,-0.7621685490056084,-0.017506605630441804
865.0,5000000.0,116.4098229439279,115.5802462552782,116.38152463577318,-0.7126346107830593,-0.024309209857970603
870.0,5000000.0,114.97754140182377,114.20928444198387,114.94357484758577,-0.6681800206137619,-0.029541903422077628
875.0,5000000.0,113.59690318708074,112.88313081225954,113.55895922834503,-0.6283378813995526,-0.03340228269534825
880.0,5000000.0,112.26475625800757,111.59937586865848,112.22431079212163,-0.5926885796820334,-0.036026859393865227
885.0,5000000.0,110.97821161015925,110.35578559182751,110.93622517614887,-0.560854251750042,-0.03783304254160397
890.0,5000000.0,109.73461591103626,109.15028567877611,109.6917044270948,-0.5324939877985901,-0.039104783468000164
895.0,5000000.0,108.53152750612897,107.98094743086571,108.48761513663405,-0.5072996648205869,-0.0404604731030244
900.0,5000000.0,107.36669532106019,106.84597509834857,107.32115566424726,-0.48499231642968965,-0.04241506798430983
905.0,5000000.0,106.23804025931057,105.74369451272574,106.18991311029075,-0.4653189623775115,-0.04530123946408342
910.0,5000000.0,105.1436387568974,104.6725428594179,105.09153417516707,-0.44804983263773224,-0.04955561967072888
915.0,5000000.0,104.08170820679274,103.63105946166063,104.02421615049789,-0.4329759310221453,-0.055237425754601166
920.0,5000000.0,103.05059400871312,102.6178774625256,102.9861949537262,-0.41990689170693585,-0.06249265771478862
925.0,5000000.0,102.04875803573793,101.63171630585227,101.9763578540661,-0.40866908908349264,-0.07094665634880495
930.0,5000000.0,101.07476833925885,100.67137492893893,100.99373264672009,-0.39910396723930736,-0.08017400768781868
935.0,5000000.0,100.1272899390346,99.73572559033278,100.03778137250453,-0.3910665603156097,-0.08939477597423351
940.0,5000000.0,99.2050765664568,98.82370826519046,99.10790985832678,-0.384424179150609,-0.09794529825792428
945.0,5000000.0,98.306963247178,97.93432554863719,98.20394064838659,-0.37905524312033984,-0.10479684794288419
950.0,5000000.0,97.4318596245756,97.06663801449655,97.32546229958676,-0.37484823905272735,-0.10920177999147673
955.0,5000000.0,96.5787439385618,96.21975998282555,96.47197239853433,-0.37170079159925273,-0.11055387104163292
960.0,5000000.0,95.74665758538109,95.39285565499453,95.64263063082149,-0.36951883158015547,-0.1086481316246841
965.0,5000000.0,94.93470019355887,94.58513557969735,94.83622214286437,-0.36821585063080486,-0.10373240816446726
970.0,5000000.0,94.14202515933711,93.79585341735094,94.05090164270975,-0.36771223202418524,-0.09679366518102252
975.0,5000000.0,93.36783559196277,93.02430297392358,93.28420441740626,-0.36793464886612715,-0.089571718168558
980.0,5000000.0,92.61138062525498,92.2698154783761,92.53287785305918,-0.36881552199399326,-0.08476579408038422
985.0,5000000.0,91.87195205711768,91.53175708067613,91.79302382330191,-0.37029253088042524,-0.08591113179646259
990.0,5000000.0,91.14888128320337,90.80952654978717,91.05986227364941,-0.3723081716843145,-0.09766330458556606
995.0,5000000.0,90.44153649487535,90.10255315319694,90.32820083901245,-0.37480935731075504,-0.1253137222733046
1000.0,5000000.0,89.74932011504731,89.41029470145881,89.59229075542925,-0.3777470549681198,-0.1749644001946454
360.0,10000000.0,689.0030834199638,651.0545823865865,689.296523504062,-5.507740378317983,0.04258908140753653
365.0,10000000.0,685.3462478456078,648.6224285343529,685.7397805787278,-5.358432971172818,0.05742100935945242
370.0,10000000.0,681.6844259322157,646.148587954216,682.0984544607619,-5.212945554594969,0.060736099109199575
375.0,10000000.0,678.0168148187151,643.6323281087706,678.4026596509489,-5.071332444629432,0.0569078559411363
380.0,10000000.0,674.3426170691824,641.0729023079781,674.6806567757329,-4.933651517651467,0.05012877697388791
385.0,10000000.0,670.6610393593827,638.4695497423944,670.9560257105575,-4.799964173815389,0.043984417442310735
390.0,10000000.0,666.9712912250247,635.8214955568795,667.2465060644695,-4.670335301978657,0.04126337116238641
395.0,10000000.0,663.2725838693757,633.1279509703006,663.5626177841395,-4.544833245363226,0.04372771041912571
400.0,10000000.0,659.5641290287692,630.3881134473559,659.907708358404,-4.423529767207937,0.05209187621235071
405.0,10000000.0,655.8451378954651,627.6011669293213,656.2785456914127,-4.306500015655466,0.06608386201326909
410.0,10000000.0,652.1148200982731,624.7662821312647,652.6666397639731,-4.193822487102346,0.08462001609116171
415.0,10000000.0,648.372382742374,621.8826169141149,649.0606985476916,-4.085578987219854,0.10616056816087839
420.0,10000000.0,644.6170295108319,618.9493167408544,645.44676213666,-3.9818545888332224,0.12871714333357867
425.0,10000000.0,640.8479598314725,615.965515227147,641.8126068579992,-3.8827375858181745,0.15052665951848485
430.0,10000000.0,637.0643681154678,612.9303347977735,638.147186111433,-3.788319442364415,0.16996995125757344
435.0,10000000.0,633.2654430657933,609.8428874615051,634.4430919761539,-3.698694735479932,0.18596449928790426
440.0,10000000.0,629.4503670836995,606.7022757183336,630.6959047163991,-3.6139610928753383,0.197877020625209
445.0,10000000.0,625.6183157543288,603.507593614465,626.9055023330171,-3.534219120999387,0.20574630669760724
450.0,10000000.0,621.7684574465231,600.2579279620555,623.0756889156274,-3.459572325815142,0.21024409544234987
455.0,10000000.0,617.8999530282784,596.9523597424034,619.2122960984562,-3.3901270235112664,0.21238763067485514
460.0,10000000.0,614.0119557166864,593.5899657131923,615.3226926002275,-3.3259922406001308,0.21347090579223704
465.0,10000000.0,610.1036110799781,590.1698202424091,611.4153336550302,-3.267279602276597,0.21499996905936877
470.0,10000000.0,606.1740572123545,586.6909973937516,607.497665350395,-3.214103207946691,0.21835446804297026
475.0,10000000.0,602.2224251051856,583.152573290689,603.5751430668068,-3.166579492812112,0.22462098806516032
480.0,10000000.0,598.2478392413268,579.5536287888277,599.6505788586334,-3.1248270743787896,0.23447466506280437
485.0,10000000.0,594.2494184426473,575.8932524888975,595.7238248048483,-3.088966582728165,0.24811237780677198
490.0,10000000.0,590.2262770044566,572.1705441254356,591.7924227413491,-3.0591204733645982,0.2653466641371989
495.0,10000000.0,586.1775261542285,568.384618369127,587.8508403662555,-3.0354128214086566,0.2854620208668178
500.0,10000000.0,582.102275875826,564.5346090837251,583.8916160062587,-3.017969095837798,0.3073927391437346
505.0,10000000.0,577.9996371441748,560.6196740814406,579.9064382248873,-3.006915912370889,0.32989658784801
510.0,10000000.0,573.8687246212154,556.639000423627,575.8871106110274,-3.002380763816846,0.3517156281942837
515.0,10000000.0,569.7086598562132,552.5918103163967,571.8265690968632,-3.0044917246187812,0.3717530362246023
520.0,10000000.0,565.5185750627568,548.4773676533636,567.7186760942898,-3.013377130450954,0.38904133808316466
525.0,10000000.0,561.2976175095966,544.2949852598974,563.5609677284236,-3.02916522702121,0.40323531549433106
530.0,10000000.0,557.0449545950928,540.0440328948888,559.3521683985402,-3.0519837869390103,0.41418808022855474
535.0,10000000.0,552.7597796569105,535.7239460668628,555.093079748562,-3.081959689726621,0.42211828311744
540.0,10000000.0,548.4413185700445,531.3342357210693,550.7875024651054,-3.1192184596118047,0.42779123592987633
545.0,10000000.0,544.0888371806212,526.8744988525632,546.4402911844663,-3.1638837542155613,0.4321819973425578
550.0,10000000.0,539.7016496068547,522.3444300969327,542.0561699378238,-3.2160767940149735,0.43626331931433393
555.0,10000000.0,535.2791274359425,517.7438343447124,537.6407115311993,-3.2759157218079005,0.4411874056380669
560.0,10000000.0,530.8207098103511,513.0726404171537,533.1980365708844,-3.3435148752086814,0.4478587056979416
565.0,10000000.0,526.3259143777724,508.3309158292748,528.7309728437937,-3.418983952133818,0.4569523180070959
570.0,10000000.0,521.7943490576351,503.51888265033057,524.2408483386813,-3.5024270462702822,0.468862739787151
575.0,10000000.0,517.225724500845,498.6369344512575,519.7261838773238,-3.593941517028533,0.48343677779985295
580.0,10000000.0,512.6198671152925,493.6856543025356,515.1855549005705,-3.6936166597106275,0.5005049452562365
585.0,10000000.0,507.9767324394932,488.6658337534447,510.61462393951433,-3.801532127920584,0.5192937651598678
590.0,10000000.0,503.29641859919474,483.57849268418494,506.00811112853944,-3.9177560551473687,0.5387863750137644
595.0,10000000.0,498.5791795134212,478.4248998751125,501.3615720829618,-4.042342814631347,0.5580643323806718
600.0,10000000.0,493.82543744890353,473.20659408205483,496.67181146091315,-4.1753303502074335,0.5763927485619117
605.0,10000000.0,489.0357944598545,467.9254053431433,491.9331902031736,-4.316737006956281,0.5924710984641262
610.0,10000000.0,484.2110421957546,462.58347617126515,487.1464233454577,-4.466557789846098,0.6062193741786699
615.0,10000000.0,479.3521695304467,457.1832822080292,482.309973221064,-4.624759984737989,0.6170418908325067
620.0,10000000.0,474.46036744250847,451.7276518318731,477.4259945949092,-4.79127808570648,0.6250526610655348
625.0,10000000.0,469.5370306157591,446.2197841274007,472.49826932706503,-4.9660079968090525,0.6306720275975959
630.0,10000000.0,464.58375527588504,440.6632645391266,467.52974723326236,-5.1488005047773715,0.634114284867298
635.0,10000000.0,459.6023328931028,435.06207745575165,462.5271911985656,-5.339454063010357,0.6363889162727744
640.0,10000000.0,454.59473952957387,429.4206149073319,457.49673622015723,-5.537706980131967,0.6383700554006453
645.0,10000000.0,449.56312080486475,423.743680514945,452.44228028463107,-5.743229169620164,0.640434979322076
650.0,10000000.0,444.50977268107835,418.036487819184,447.3697600986818,-5.9556136870106755,0.6434025961574108
655.0,10000000.0,439.4371185182829,412.3046521390041,442.282421253911,-6.174368353489455,0.6474880285994227
660.0,10000000.0,434.34768310233005,406.5541751845924,437.1838293260345,-6.398907833287475,0.6529668130027284
665.0,10000000.0,429.2440645799113,400.7914217741922,432.07420821426615,-6.628546590053583,0.6593320369204452
670.0,10000000.0,424.1289054279997,395.0230881897602,426.9571466483262,-6.862493186798497,0.6668352909058275
675.0,10000000.0,419.00486371704613,389.2561619506747,421.8305230616875,-7.099846408098193,0.6743738770892894
680.0,10000000.0,413.8745859848017,383.49787308416427,416.6945777315495,-7.339593666607234,0.6813638339347947
685.0,10000000.0,408.7406830126921,377.75563731550517,411.5501529145948,-7.580612105652521,0.68734775339587
690.0,10000000.0,403.6057096898144,372.03699197395235,406.3962900788479,-7.821672726117707,0.6914125152437047
695.0,10000000.0,398.47214996923776,366.3495257896909,401.23537991386524,-8.061447752879776,0.6934562289587379
700.0,10000000.0,393.342407682266,360.7008041162419,396.0668871404912,-8.298521320994032,0.6926482893819969
705.0,10000000.0,388.21880369772737,355.0982914229704,390.8947640181895,-8.531403414592212,0.6892917846776115
710.0,10000000.0,383.10357961542087,349.54927313564775,385.72145508743284,-8.758546843508135,0.6833335973106627
715.0,10000000.0,377.9989078843378,344.0607790354602,380.54973993340235,-8.978366905563178,0.6748252431049462
720.0,10000000.0,372.9069079523528,338.6395104418715,375.382743577715,-9.189263266439609,0.6639286032423276
725.0,10000000.0,367.82966779491636,333.2917732954358,370.2267116975826,-9.389643501713728,0.6516722582591368
730.0,10000000.0,362.7692699411732,328.02341902746025,365.0840218620021,-9.57794769092414,0.6380782807772675
735.0,10000000.0,357.72782091783216,322.8397947697457,359.959051090529,-9.752673431597598,0.6237228535851913
740.0,10000000.0,352.70748286239876,317.7457040444908,354.85610846532774,-9.912400648315002,0.6091806120731534
745.0,10000000.0,347.71050591572157,312.74537861340747,349.7748574668947,-10.055815601611124,0.5936983542491706
750.0,10000000.0,342.7392598883069,307.84246169073054,344.7204032383077,-10.181733545479627,0.5780322191996454
755.0,10000000.0,337.7962636078497,303.0400022706996,339.6960109564653,-10.289119531972961,0.5623944232908964
760.0,10000000.0,332.8842103038124,298.34045991539153,334.70215315895945,-10.377106909604967,0.5461186799722012
765.0,10000000.0,328.0059873804907,293.7457190156579,329.7427407118964,-10.445013104315827,0.5294883015019559
770.0,10000000.0,323.1646889890151,289.25711128998273,324.8197890714628,-10.492352306530904,0.5121537528204404
775.0,10000000.0,318.36361994971696,284.8754451282953,319.9362935450698,-10.518844718096506,0.49398659168445336
780.0,10000000.0,313.60628981701706,280.6010403173447,315.0963063154509,-10.524422044892736,0.4751232825410524
785.0,10000000.0,308.89639623213117,276.43376669182345,310.3035401216358,-10.509228963588335,0.4555391084741579
790.0,10000000.0,304.2377971771314,272.3730853283058,305.56121188705214,-10.473620353710862,0.43499352223819904
795.0,10000000.0,299.63447231541795,268.4180910200422,300.87433978147027,-10.418154177705903,0.41379333174560057
800.0,10000000.0,295.0904742490446,264.56755492670567,296.24656943418836,-10.343580015591687,0.3917765180614015
805.0,10000000.0,290.6098711952793,260.81996646523686,291.68205873145956,-10.250823417496619,0.3689439494158753
810.0,10000000.0,286.1966832213818,257.1735736877963,287.1859881487895,-10.14096641753715,0.3456730931582465
815.0,10000000.0,281.85481470860555,253.62642156599063,282.7607616561533,-10.015224743206437,0.32142326484093264
820.0,10000000.0,277.5879860776377,250.17638776240366,278.41256084725774,-9.874922435428232,0.29704987642707475
825.0,10000000.0,273.39966794645056,246.82121561447985,274.1434250864525,-9.721464744857151,0.27204024993462045
830.0,10000000.0,269.2930207810708,243.5585441797945,269.95764569188015,-9.556310269993174,0.24680361521498476
835.0,10000000.0,265.2708427445645,240.3859352947441,265.8585036224405,-9.380943337893594,0.22153240506792085
840.0,10000000.0,261.3355278858848,237.3008976811504,261.8504736190919,-9.196847592505453,0.19704390649553324
845.0,10000000.0,257.489036100748,234.30090819868897,257.9327079083475,-9.005481652036714,0.17230706763990594
850.0,10000000.0,253.73287551976645,231.38343038746177,254.1104016823409,-8.808257537192338,0.1487888243890691
855.0,10000000.0,250.06809721596267,228.54593047680157,250.38518187007978,-8.606522374813057,0.12679932292333596
860.0,10000000.0,246.49530144625476,225.7858910559203,246.7570035199346,-8.401543667902281,0.10616919354826625
865.0,10000000.0,243.01465410241403,223.10082261163734,243.22675837650618,-8.194498214245291,0.08728044606016551
870.0,10000000.0,239.6259116756051,220.48827314028384,239.7949495035735,-7.9864645695032115,0.0705423828276265
875.0,10000000.0,236.32845284057007,217.94583603685098,236.4592057063878,-7.77841879924641,0.055326755727518585
880.0,10000000.0,233.12131472658936,215.47115645616108,233.2197807924445,-7.5712331543466265,0.042238122228605554
885.0,10000000.0,230.00323203462077,213.0619363296187,230.07251006642306,-7.365677236419012,0.03012046012982564
890.0,10000000.0,226.97267734846386,210.7159382080422,227.01530384173313,-7.162421191103642,0.018780451359713398
895.0,10000000.0,224.02790123635145,208.430988087031,224.04562082095114,-6.9620404705151255,0.007909543633582863
900.0,10000000.0,221.16697101535087,206.2049773569532,221.15847041730734,-6.765021734352536,-0.003843520578366798
905.0,10000000.0,218.38780732778702,204.03586400542122,218.3521781155483,-6.571769503974364,-0.016314652669798587
910.0,10000000.0,215.68821793720608,201.92167318641975,215.62255071821323,-6.382613237962871,-0.030445436297295004
915.0,10000000.0,213.06592837883312,199.86049725728265,212.9672276226948,-6.197814555347912,-0.04632404481059831
920.0,10000000.0,210.51860928974537,197.85049537264254,210.38437919889893,-6.017574389191973,-0.06376162720213367
925.0,10000000.0,208.0439003955896,195.88989271337132,207.8726800085177,-5.842039905571738,-0.08230012355388122
930.0,10000000.0,205.63943124539094,193.97697941842554,205.43096879765207,-5.6713110692513595,-0.10137279921286475
935.0,10000000.0,203.30283886774438,192.11010927839425,203.05898199383697,-5.505446776683428,-0.11994759899346805
940.0,10000000.0,201.03178257538838,190.28769824138996,200.75675260413337,-5.344470509268506,-0.13680919888966842
945.0,10000000.0,198.8239561760634,188.50822277466793,198.52411008394554,-5.188375485427242,-0.1508098409692339
950.0,10000000.0,196.67709786069491,186.7702181189505,196.3608573683987,-5.0371293096674545,-0.16079172193205413
955.0,10000000.0,194.58899803980734,185.0722764667949,194.26559163155142,-4.890678131281391,-0.1661997397148632
960.0,10000000.0,192.55750538952884,183.4130450914124,192.23628700690765,-4.748950335442857,-0.16681685918780323
965.0,10000000.0,190.58053135272982,181.7912244480535,190.26963820233345,-4.611859796113653,-0.16312954329052684
970.0,10000000.0,188.6560533212312,180.2055662663439,188.36049666776992,-4.479308724061118,-0.1566642831004396
975.0,10000000.0,186.78211670351536,178.65487164874355,186.50100900365948,-4.35119014507819,-0.15050032884148687
980.0,10000000.0,184.95683606034817,177.13798918752227,184.6830590803973,-4.22739004373688,-0.14802209303663602
985.0,10000000.0,183.17839546915556,175.65381311027912,182.89463479024545,-4.107789207130307,-0.15490946854477386
990.0,10000000.0,181.4450482575252,174.20128146199426,181.1234272444714,-3.992264801434458,-0.17725532669115504
995.0,10000000.0,179.7551162272321,172.77937432988182,179.35490737397276,-3.880691712013414,-0.2226411473893277
1000.0,10000000.0,178.10698847291394,171.38711211584388,177.57402563298044,-3.7729436754201284,-0.29923746648186983
