T,P,NIST,PR,New,PR_rate,New_rate,,,,,,,,,,,,,,,,,,,,,,,,,,,,,,,,,,,,,,,
60,100000,1282.120673,1435.077686,1269.770586,11.93000129,-0.96325466,11.93000129,0.96325466,1.310561628,0.208482945,60,1000000,1283.205185,1435.879226,1273.985476,11.89786653,-0.718490622,60,3000000,1285.592387,1437.822311,1282.816902,11.84122785,-0.21589148,60,5000000,1287.948966,1439.713726,1290.996929,11.78344516,0.23665241,60,7000000,1290.275921,1441.555851,1298.612601,11.72461859,0.64611606,60,10000000,1293.712838,1444.231431,1309.128115,11.63462158,1.191553244
65,100000,1259.815847,1414.015193,1242.292731,12.23983225,-1.390926732,12.23983225,1.390926732,,,65,1000000,1260.999865,1414.98466,1247.045813,12.2113252,-1.10658634,65,3000000,1263.602668,1417.289173,1256.957936,12.16256568,-0.525856194,65,5000000,1266.167576,1419.527119,1266.087302,12.11210478,-0.006339901,65,7000000,1268.695979,1421.701868,1274.546715,12.060091,0.461161396,65,10000000,1272.422953,1424.852255,1286.170396,11.9794524,1.080414557
70,100000,1237.090041,1391.728506,1220.625475,12.50017864,-1.330910884,12.50017864,1.330910884,,,70,1000000,1238.390366,1392.893662,1225.761773,12.47613841,-1.019758625,70,3000000,1241.244294,1395.617987,1236.439151,12.43701125,-0.387123113,70,5000000,1244.05074,1398.256512,1246.236908,12.39545676,0.175729793,70,7000000,1246.81169,1400.814027,1255.288095,12.3516918,0.679846461,70,10000000,1250.8718,1404.507929,1267.686907,12.28232412,1.344271009
75,100000,1214.029291,1368.109432,1195.825255,12.69163283,-1.499472625,12.69163283,1.499472625,,,75,1000000,1215.46418,1369.504006,1201.492703,12.67333324,-1.149476612,75,3000000,1218.607532,1372.71859,1213.218034,12.64648824,-0.442266936,75,5000000,1221.690943,1375.822322,1223.917664,12.6162333,0.182265526,75,7000000,1224.71728,1378.822057,1233.757209,12.58288582,0.738123722,75,10000000,1229.155477,1383.140138,1247.174608,12.52767973,1.465976562
80,100000,1190.58626,1343.028612,1169.615216,12.8039737,-1.76140487,12.8039737,1.76140487,,,80,1000000,1192.177285,1344.694109,1175.919733,12.79313286,-1.363685749,80,3000000,1195.654948,1348.484951,1188.885616,12.78211604,-0.566160977,80,5000000,1199.056401,1352.131957,1200.636565,12.76633495,0.131783957,80,7000000,1202.38582,1355.645022,1211.383593,12.7462583,0.748326583,80,10000000,1207.253096,1360.682686,1225.958661,12.70898301,1.549431968
85,100000,1166.656939,1316.329614,1144.000209,12.82919336,-1.942021685,12.82919336,1.942021685,,,85,1000000,1168.430666,1318.317865,1150.981204,12.82807812,-1.493410144,85,3000000,1172.297422,1322.791348,1165.245746,12.83752084,-0.601526159,85,5000000,1176.066458,1327.077012,1178.079572,12.84030785,0.171173474,85,7000000,1179.743924,1331.189307,1189.749507,12.83714029,0.848114813,85,10000000,1185.100341,1337.060308,1205.487562,12.82254014,1.720294949
90,100000,1142.105542,1287.820472,1117.410297,12.75844702,-2.162255911,12.75844702,2.162255911,,,90,1000000,1144.09559,1290.197334,1125.184656,12.77006439,-1.652915571,90,3000000,1148.420036,1295.487103,1140.946703,12.80603461,-0.650749056,90,5000000,1152.617849,1300.529506,1155.005623,12.83267107,0.207160942,90,7000000,1156.698204,1305.34595,1167.704239,12.85103969,0.95150446,90,10000000,1162.615979,1312.187151,1184.720081,12.86505384,1.901238402
95,100000,4.164228935,4.161173737,4.131433427,-0.073367667,-0.787552951,0.073367667,0.787552951,,,95,1000000,1119.018058,1260.112133,1097.882283,12.60873978,-1.888778764,95,3000000,1123.888048,1266.389174,1115.440927,12.67929907,-0.751598051,95,5000000,1128.591735,1272.336735,1130.936284,12.73666961,0.207741166,95,7000000,1133.143057,1277.987114,1144.820122,12.78250408,1.030502331,95,10000000,1139.710356,1285.964848,1163.284034,12.83260188,2.068392028
100,100000,3.941120633,3.940277332,3.918131784,-0.021397502,-0.583307427,0.021397502,0.583307427,,,100,1000000,1093.012735,1227.783543,1069.520139,12.33021392,-2.149343251,100,3000000,1098.543516,1235.271444,1089.189006,12.4462915,-0.851537489,100,5000000,1103.852221,1242.314089,1106.325706,12.54351492,0.224077571,100,7000000,1108.960504,1248.96132,1121.536636,12.62450874,1.134046843,100,10000000,1116.286536,1258.280051,1141.592117,12.72016733,2.266943159
105,100000,3.74180515,3.742385776,3.725945788,0.015517272,-0.423842534,0.015517272,0.423842534,,,105,1000000,1065.84861,1192.849683,1039.757481,11.91548887,-2.447920762,105,3000000,1072.195697,1201.848748,1061.960701,12.09229354,-0.95458284,105,5000000,1078.23993,1210.23478,1081.003555,12.24169556,0.256308848,105,7000000,1084.015936,1218.086903,1097.719373,12.36798851,1.264136091,105,10000000,1092.238101,1229.001254,1119.541832,12.52136811,2.499796606
110,100000,3.562462765,3.563984302,3.551876582,0.042710241,-0.29715912,0.042710241,0.29715912,,,110,1000000,1037.223963,1154.82476,1007.952504,11.33803311,-2.822096289,110,3000000,1044.604613,1165.752069,1033.309101,11.59744605,-1.081319375,110,5000000,1051.561055,1175.814697,1054.625781,11.816113,0.291445382,110,7000000,1058.150724,1185.142832,1073.086088,12.00132508,1.411459034,110,10000000,1067.444973,1197.974664,1096.907159,12.22823602,2.760066028
115,100000,3.400136789,3.402256125,3.39348768,0.062330905,-0.195554156,0.062330905,0.195554156,,,115,1000000,1006.722507,1113.02766,973.2879594,10.55952885,-3.321128427,115,3000000,1015.453974,1126.48808,1002.73104,10.93443027,-1.252930599,115,5000000,1023.570218,1138.689222,1026.836445,11.24681063,0.319101398,115,7000000,1031.171152,1149.85547,1047.362039,11.50966236,1.570145511,115,10000000,1041.767491,1165.018774,1073.481611,11.83097798,3.044260895
120,100000,3.252443805,3.254914038,3.248754608,0.07595006,-0.113428445,0.07595006,0.113428445,,,120,1000000,38.24643237,38.40174542,37.26017753,0.406085055,-2.578684542,120,3000000,984.3043135,1083.368856,969.6818756,10.06442229,-1.485560685,120,5000000,993.9429193,1098.37608,997.3047708,10.5069576,0.338233866,120,7000000,1002.831759,1111.87886,1020.321124,10.87391777,1.74399785,120,10000000,1015.038261,1129.917144,1049.117648,11.31768997,3.357448557
125,100000,3.11743256,3.120079285,3.115926025,0.084900812,-0.048326158,0.084900812,0.048326158,,,125,1000000,35.77665966,36.03922271,35.31098205,0.733894823,-1.301624056,125,3000000,950.5049361,1035.379362,934.1980559,8.929404009,-1.715601839,125,5000000,962.2284699,1054.212315,966.2852958,9.559459979,0.42160735,125,7000000,972.8091541,1070.764263,992.2841211,10.06930381,2.001930903,125,10000000,987.0507215,1092.408718,1024.153208,10.67402049,3.758923995
130,100000,2.993489755,2.996192731,2.99353,0.090295142,0.001344391,0.090295142,0.001344391,,,130,1000000,33.71512089,34.01412665,33.56340474,0.886859531,-0.449994395,130,3000000,913.0085375,980.8978824,894.5308132,7.435784238,-2.023828205,130,5000000,927.7628951,1005.239199,932.6936479,8.350873332,0.531466919,130,7000000,940.6583738,1025.910829,962.4445765,9.063062353,2.316058976,130,10000000,957.5424917,1052.174696,997.9820496,9.882820354,4.2232651
135,100000,2.879270018,2.88194857,2.880246114,0.093028856,0.033900808,0.093028856,0.033900808,,,135,1000000,31.94247118,32.24939715,31.99249937,0.960871091,0.156619658,135,3000000,869.9117672,917.0001394,845.9601426,5.413005549,-2.753339536,135,5000000,889.489951,949.9703343,893.665745,6.799445368,0.46945938,135,7000000,905.7348985,976.4811115,928.6512201,7.810918307,2.530135659,135,10000000,926.1701901,1008.820789,968.9638836,8.923910551,4.620499985
140,100000,2.773642302,2.776244105,2.775431699,0.093804567,0.06451435,0.093804567,0.06451435,,,140,1000000,30.3904483,30.69155022,30.57207195,0.990778173,0.597634017,140,3000000,816.9725823,837.1766226,786.8092762,2.473037743,-3.692083034,140,5000000,845.5365767,885.8543943,850.2973652,4.768311476,0.563049383,140,7000000,867.0429154,921.2457508,892.3725576,6.251459348,2.921382752,140,10000000,892.4699178,961.8536171,938.5609139,7.774345993,5.164431331
145,100000,2.67564845,2.678141174,2.678044523,0.093163348,0.08955109,0.093163348,0.08955109,,,145,1000000,29.01360876,29.29986527,29.28639156,0.986628428,0.940189176,145,3000000,117.0553579,717.2077271,705.3126496,512.7081582,502.5462333,145,5000000,791.9633865,807.7275119,801.8913695,1.990511886,1.253591154,145,7000000,822.9072491,858.2708628,853.8819812,4.297399705,3.76406116,145,10000000,855.7933344,910.6513858,907.2644219,6.41019849,6.014429585
150,100000,2.58447093,2.586836152,2.587013651,0.091516647,0.098384572,0.091516647,0.098384572,,,150,1000000,27.7794565,28.04961727,28.07355306,0.972519982,1.058683611,150,3000000,105.7480611,108.9933808,109.6011594,3.068916482,3.643658531,150,5000000,717.2574568,701.0796798,718.5742193,-2.255504895,0.183582955,150,7000000,770.158398,784.2106317,794.9933325,1.824590073,3.224652825,150,10000000,815.2028519,854.4354536,862.1557844,4.812618309,5.759662441
155,100000,2.499407525,2.501636359,2.501513556,0.089174471,0.084261194,0.089174471,0.084261194,,,155,1000000,26.663785,26.91648456,26.90047095,0.947725765,0.887668259,155,3000000,97.57554582,100.5160888,100.1826732,3.013606488,2.671906507,155,5000000,284.9530324,297.0320542,281.9439298,4.238951824,-1.055999516,155,7000000,701.6342911,692.4622913,681.3030658,-1.307233682,-2.897695497,155,10000000,769.303793,792.2746064,785.4424504,2.985922277,2.097826313
160,100000,2.419851332,2.421941326,2.421358146,0.08636868,0.062268886,0.08636868,0.062268886,,,160,1000000,25.64804234,25.88309318,25.80936731,0.916447483,0.628995241,160,3000000,91.15566578,93.78744462,92.4678829,2.887125898,1.439534347,160,5000000,207.3643082,217.5221086,204.4704384,4.898528854,-1.395548642,160,7000000,595.6143143,568.3696064,483.4108048,-4.574219807,-18.83828289,160,10000000,716.0109781,723.243753,681.8348694,1.010148606,-4.773126361
165,100000,2.345274823,2.347227768,2.346437082,0.083271509,0.049557498,0.083271509,0.049557498,,,165,1000000,24.71768866,24.93557451,24.83812082,0.881497661,0.487230675,165,3000000,85.87531499,88.22801598,86.66076676,2.739670876,0.914642083,165,5000000,179.9660837,188.1608767,177.6737955,4.553520744,-1.27373348,165,7000000,411.9188878,411.3479223,336.835436,-0.138611136,-18.22772735,165,10000000,652.496819,647.132461,580.6420809,-0.822127834,-11.01227408
170,100000,2.275217036,2.277037437,2.276228347,0.080009992,0.044448967,0.080009992,0.044448967,,,170,1000000,23.86111376,24.06268451,23.96502206,0.844766732,0.435471284,170,3000000,81.400349,83.50767766,82.0566228,2.58884475,0.806229713,170,5000000,162.6782088,169.5369752,161.6026828,4.216155611,-0.661137095,170,7000000,305.9497439,316.9988464,279.4960483,3.611410944,-8.646418588,170,10000000,577.0103662,566.5048655,495.9772339,-1.820677994,-14.04361812
175,100000,2.209273211,2.210967216,2.210139746,0.07667704,0.039222641,0.07667704,0.039222641,,,175,1000000,23.06889739,23.25518383,23.15713481,0.807522106,0.382495197,175,3000000,77.52631465,79.41943743,78.05405402,2.441909944,0.680722889,175,5000000,150.0581797,155.9303098,149.3975978,3.913235605,-0.440217175,175,7000000,259.0434901,269.6618412,245.5101134,4.099061174,-5.224364707,175,10000000,495.4538204,489.199311,425.6288364,-1.262379881,-14.09313665
180,100000,2.14708632,2.14866099,2.147811232,0.073339887,0.033762597,0.073339887,0.033762597,,,180,1000000,22.33328923,22.50539085,22.4063525,0.770605789,0.327149602,180,3000000,74.11833958,75.8245636,74.51813342,2.302026767,0.539399346,180,5000000,140.155726,145.2608869,139.5827418,3.642491799,-0.408819692,180,7000000,230.6035224,239.9972456,221.9314063,4.073538464,-3.760617357,180,10000000,423.2700611,424.4920704,372.5512515,0.288706761,-11.98261213
185,100000,2.08834012,2.089802929,2.088964281,0.070046492,0.029887908,0.070046492,0.029887908,,,185,1000000,21.64783489,21.80685281,21.71051596,0.734567346,0.289548915,185,3000000,71.08254719,72.62537676,71.41036105,2.170475923,0.461173488,185,5000000,132.0366801,136.5255443,131.6072951,3.399709927,-0.3252013,185,7000000,210.578175,218.8389084,204.6575315,3.922882043,-2.811613064,185,10000000,369.1131984,374.919398,334.5249111,1.573013273,-9.370644961
190,100000,2.032753397,2.034111894,2.033297269,0.06683038,0.026755429,0.06683038,0.026755429,,,190,1000000,21.0071012,21.15409934,21.0617188,0.699754497,0.25999587,190,3000000,68.35088064,69.75043565,68.62879397,2.047603476,0.406598025,190,5000000,125.1786717,129.1607968,124.8646669,3.18115308,-0.250845256,190,7000000,195.2901301,202.5889659,191.0388468,3.737431953,-2.176906381,190,10000000,329.8485919,337.5020147,305.780017,2.320283608,-7.296855433
195,100000,1.980075173,1.981336764,1.980544917,0.063714309,0.023723573,0.063714309,0.023723573,,,195,1000000,20.40647101,20.54245472,20.45369103,0.666375429,0.231397275,195,3000000,65.87238742,67.14588184,66.10299858,1.933275029,0.350087752,195,5000000,119.2594159,122.8177433,118.9974482,2.98368677,-0.2196621,195,7000000,183.0163609,189.5069987,179.7644956,3.546479524,-1.776816708,195,10000000,300.4917887,308.6278557,282.9267909,2.707583818,-5.845416895
200,100000,1.93008069,1.931252501,1.930488448,0.060713019,0.021126473,0.060713019,0.021126473,,,200,1000000,19.84198719,19.96789293,19.8831299,0.634541995,0.207351744,200,3000000,63.60790784,64.77009549,63.80216915,1.827111893,0.30540433,200,5000000,114.0659245,117.2651027,113.8464191,2.804674772,-0.192437298,200,7000000,172.8190447,178.6276099,170.259558,3.361067757,-1.481021237,200,10000000,277.6447592,285.6659601,264.3881411,2.889015764,-4.774668956
205,100000,1.882568033,1.883656822,1.882924875,0.057835322,0.018955072,0.057835322,0.018955072,,,205,1000000,19.31023246,19.42692417,19.34647754,0.604299859,0.187698848,205,3000000,61.52668258,62.59024496,61.694135,1.728619747,0.272162274,205,5000000,109.4500609,112.341602,109.2711553,2.641881657,-0.163458665,205,7000000,164.1340514,169.3624933,162.0885877,3.185470608,-1.246215295,205,10000000,259.2335183,266.8915268,248.9762545,2.954096574,-3.956766043
210,100000,1.837355257,1.838367377,1.837667302,0.05508567,0.016983373,0.05508567,0.016983373,,,210,1000000,18.8082355,18.91650504,18.84020902,0.575649637,0.169997432,210,3000000,59.60410152,60.57997584,59.74849344,1.637260344,0.242251645,210,5000000,105.3046293,107.9302939,105.1535442,2.493399098,-0.143474282,210,7000000,156.596856,161.3278313,154.9233651,3.02111766,-1.068661863,210,10000000,243.9747642,251.1782329,235.8304191,2.952546671,-3.338191592
215,100000,1.794277955,1.795219329,1.794550839,0.052465335,0.015208579,0.052465335,0.015208579,,,215,1000000,18.33339674,18.43396674,18.36166933,0.54856177,0.154213606,215,3000000,57.82016131,58.71781444,57.94503525,1.552491568,0.215969543,215,5000000,101.5495608,103.9436827,101.4191057,2.357589638,-0.128464417,215,7000000,149.9588803,154.2599457,148.5653117,2.868163234,-0.929300422,215,10000000,231.0429656,237.7721212,224.4417834,2.912512634,-2.857123209
220,100000,1.753187168,1.754063293,1.7534265,0.049973302,0.013651281,0.049973302,0.013651281,,,220,1000000,17.88342903,17.97695704,17.90856558,0.522987013,0.140557787,220,3000000,56.15837931,56.98603554,56.26750202,1.47378938,0.194312433,220,5000000,98.12347472,100.3146134,98.01139522,2.233042317,-0.114222919,220,7000000,144.0433368,147.97022,142.8714833,2.726181831,-0.813542295,220,10000000,219.8849228,226.1525343,214.4550176,2.85040531,-2.469430424
225,100000,1.713947595,1.714763553,1.714157612,0.047606938,0.012253429,0.047606938,0.012253429,,,225,1000000,17.45630979,17.54339301,17.47872679,0.498863836,0.128417719,225,3000000,54.60501075,55.36984086,54.70084055,1.400659202,0.175496342,225,5000000,94.97828521,96.99043508,94.88117937,2.118536746,-0.102240042,225,7000000,138.7201826,142.3192743,137.7241418,2.594497513,-0.718021554,225,10000000,210.1158929,215.9488257,205.5884992,2.776055055,-2.15471264
230,100000,1.676436048,1.677196522,1.676620194,0.045362496,0.01098436,0.045362496,0.01098436,,,230,1000000,17.05024199,17.13142222,17.07027193,0.476123621,0.117475959,230,3000000,53.14847267,53.85675107,53.23282712,1.332641111,0.158714719,230,5000000,92.07562241,93.92911723,91.99035225,2.013013612,-0.092608835,230,7000000,133.8910754,137.2013261,133.0356103,2.472346007,-0.638926191,230,10000000,201.459468,206.8897594,197.6386489,2.695475906,-1.896569614
235,100000,1.640540116,1.641249412,1.640701566,0.043235488,0.009841272,0.043235488,0.009841272,,,235,1000000,16.66362209,16.73939063,16.68156999,0.454694302,0.107707114,235,3000000,51.77891228,52.43614792,51.85351643,1.269311407,0.144082098,235,5000000,89.38438232,91.09658506,89.30921484,1.915550227,-0.084094644,235,7000000,129.4799074,132.5342807,128.7397682,2.358955451,-0.57162475,235,10000000,193.7114286,198.7719446,190.4559404,2.612399283,-1.680586559
240,100000,1.606156997,1.60681907,1.60629846,0.041220968,0.008807549,0.041220968,0.008807549,,,240,1000000,16.29501353,16.36581583,16.31113634,0.434502894,0.098943266,240,3000000,50.48787828,51.09892404,50.55413059,1.210282104,0.131224201,240,5000000,86.87900308,88.46484043,86.81249031,1.825340184,-0.07655793,240,7000000,125.4266124,128.2532088,124.7821189,2.253585852,-0.513841108,240,10000000,186.7171991,191.4395659,183.9203595,2.529154715,-1.497901406
245,100000,1.573192489,1.57381097,1.573316227,0.039313736,0.007865411,0.039313736,0.007865411,,,245,1000000,15.9431246,16.00936465,15.95763383,0.415477215,0.091006164,245,3000000,49.26806694,49.83721129,49.32705017,1.155199279,0.119718984,245,5000000,84.53822396,86.01060621,84.4789636,1.741676355,-0.070098886,245,7000000,121.6829814,124.3059153,121.1181823,2.155547001,-0.464156209,245,10000000,180.357304,184.770993,177.9362816,2.447191713,-1.342347863
250,100000,1.541560101,1.542138317,1.54166811,0.037508496,0.007006461,0.037508496,0.007006461,,,250,1000000,15.60678989,15.66883422,15.61987071,0.397547041,0.083814988,250,3000000,48.11312339,48.64416758,48.16577754,1.103740832,0.10943822,250,5000000,82.34417324,83.71432812,82.29111993,1.663936651,-0.064428733,250,7000000,118.2097535,120.6498451,117.712137,2.064205032,-0.420960619,250,10000000,174.5376992,178.6697006,172.428367,2.367397677,-1.208525249
255,100000,1.511180274,1.511721276,1.511274309,0.035799958,0.006222623,0.035799958,0.006222623,,,255,1000000,15.28495453,15.34313593,15.29676864,0.380644847,0.077292402,255,3000000,47.01748429,47.51380744,47.06461881,1.055614006,0.100248923,255,5000000,80.28168581,81.5594267,80.23402771,1.591572063,-0.059363602,255,7000000,114.9745438,117.2498705,114.5341165,1.978983022,-0.38306505,255,10000000,169.1831661,173.0579617,167.3350484,2.290296219,-1.092376787
260,100000,1.481979698,1.482486282,1.482061276,0.034182927,0.005504655,0.034182927,0.005504655,,,260,1000000,14.97666097,15.03128179,14.98734673,0.364706262,0.071349368,260,3000000,45.97625185,46.44086619,46.01853593,1.010552869,0.091969389,260,5000000,78.33778429,79.53172778,78.29479556,1.524096583,-0.054876112,260,7000000,111.950337,114.0766753,111.558847,1.899358549,-0.349699675,260,10000000,164.2326903,167.8723716,162.6051772,2.216173464,-0.990979965
265,100000,1.453890702,1.454365432,1.453961153,0.03265235,0.004845664,0.03265235,0.004845664,,,265,1000000,14.68103751,14.73237274,14.69071538,0.349670308,0.065920891,265,3000000,44.98509209,45.42068987,45.02309664,0.968315864,0.084482555,265,5000000,76.50127878,77.61902267,76.46235082,1.461078697,-0.05088537,265,7000000,109.11437,111.1055543,108.7650221,1.824859845,-0.320166723,265,10000000,159.6361577,163.0606085,158.1963778,2.145159876,-0.901913387
270,100000,1.426850723,1.427295949,1.426911224,0.031203357,0.004240126,0.031203357,0.004240126,,,270,1000000,14.39728858,14.44558854,14.40606458,0.335479503,0.06095587,270,3000000,44.0401518,44.44914543,44.07437321,0.928683503,0.077705013,270,5000000,74.7624542,75.81072412,74.72709212,1.40213417,-0.047299253,270,7000000,106.4472901,108.3155054,106.1344777,1.755061399,-0.293866001,270,10000000,155.351946,158.5790472,154.073099,2.077284035,-0.823193418
275,100000,1.400801829,1.401219706,1.400853415,0.029831284,0.00368261,0.029831284,0.00368261,,,275,1000000,14.12468631,14.17017908,14.13265319,0.322079854,0.056403985,275,3000000,43.13799038,43.52254668,43.16885462,0.891456233,0.071547713,275,5000000,73.11282308,74.09759426,73.08060085,1.346919918,-0.044071931,275,7000000,103.9325109,105.6885333,103.6515297,1.689579507,-0.270349705,275,10000000,151.3451395,154.3909732,150.2050896,2.012508404,-0.753278176
280,100000,1.375690296,1.376082803,1.375733882,0.028531687,0.003168358,0.028531687,0.003168358,,,280,1000000,13.86256321,13.90545687,13.86980247,0.309420783,0.052221635,280,3000000,42.27552324,42.637593,42.30339776,0.856452477,0.065935365,280,5000000,71.54492806,72.47152702,71.51547733,1.295128789,-0.041163966,280,7000000,101.5557129,103.209109,101.3025883,1.628068007,-0.249247072,280,10000000,147.5861839,150.4652263,146.5664979,1.950753319,-0.690908802
285,100000,1.351466229,1.351835184,1.351502629,0.027300349,0.002693393,0.027300349,0.002693393,,,285,1000000,13.61030589,13.65079043,13.61688959,0.297455012,0.048372884,285,3000000,41.44997471,41.7913181,41.47518046,0.823506856,0.060810047,285,5000000,70.05218256,70.92537257,70.02519075,1.246485086,-0.038530999,285,7000000,99.30445152,100.8637442,99.07581852,1.570214326,-0.230234398,285,10000000,144.0498586,146.7751568,143.1351007,1.891913182,-0.635028628
290,100000,1.328083229,1.328430301,1.328113165,0.02613328,0.002254096,0.02613328,0.002254096,,,290,1000000,13.36734945,13.40559857,13.37334139,0.286138413,0.044825238,290,3000000,40.65883846,40.98104698,40.68165579,0.792468591,0.056119005,290,5000000,68.6287411,69.45279436,68.60393865,1.200740747,-0.03614003,290,7000000,97.16784615,98.64065405,96.96083312,1.515735881,-0.213046845,290,10000000,140.7144819,143.2978132,139.8916254,1.835867435,-0.584770272
295,100000,1.305498088,1.305824811,1.305522203,0.025026714,0.001847212,0.025026714,0.001847212,,,295,1000000,13.13317267,13.16934535,13.13862946,0.275429844,0.04154966,295,3000000,39.899844,40.20435963,39.92051824,0.763200051,0.051815356,295,5000000,67.26939287,68.04815182,67.24654494,1.157672035,-0.033964812,295,7000000,95.13633075,96.52948515,94.94847111,1.464376846,-0.197463613,295,10000000,137.5612883,140.0133017,136.8192653,1.782487974,-0.539412698
300,100000,1.283670519,1.283978306,1.283689388,0.023977104,0.001469895,0.023977104,0.001469895,,,300,1000000,12.90729376,12.94153565,12.91226579,0.265290977,0.038521039,300,3000000,39.17092833,39.45906007,39.18967554,0.735575468,0.047860001,300,5000000,65.96947371,66.70640333,65.94837669,1.117076706,-0.031979966,300,7000000,93.20145218,94.52109644,93.03062019,1.415905259,-0.183293269,300,10000000,134.5739357,136.9042774,133.9032948,1.731644158,-0.498343839
305,100000,1.262562913,1.262853064,1.262577048,0.022981112,0.001119559,0.022981112,0.001119559,,,305,1000000,12.68926656,12.72171125,12.69379874,0.255686125,0.035716644,305,3000000,38.4702117,38.74315007,38.48722224,0.709479766,0.044217444,305,5000000,64.72479285,65.4230255,64.70526813,1.078771535,-0.030165758,305,7000000,91.35570555,92.60737963,91.20005803,1.370110467,-0.170375255,305,10000000,131.7381115,133.9555355,131.1307337,1.683206145,-0.461049483
310,100000,1.242140116,1.242413829,1.242149977,0.022035606,0.00079389,0.022035606,0.00079389,,,310,1000000,12.47867722,12.5094474,12.4828097,0.246582067,0.0331163,310,3000000,37.79597672,38.05480642,37.81141891,0.684807531,0.040856702,310,5000000,63.53157151,64.19394544,63.51346197,1.042590185,-0.028504787,310,7000000,89.59239889,90.78111159,89.45033109,1.326800842,-0.15857126,310,10000000,129.041215,131.1536804,128.4900915,1.63704708,-0.427091033
315,100000,1.222369235,1.222627616,1.222375236,0.021137642,0.000490901,0.021137642,0.000490901,,,315,1000000,12.27514129,12.30434973,12.27891011,0.237947884,0.030702918,315,3000000,37.14665051,37.39236152,37.16067457,0.661462076,0.037753239,315,5000000,62.38639104,63.01548377,62.36956084,1.008381346,-0.026977359,315,7000000,87.90554099,89.035832,87.7756556,1.285801781,-0.14775563,315,10000000,126.4720986,128.4868554,125.9711626,1.593044479,-0.39608419
320,100000,1.203219459,1.203463526,1.20322197,0.020284462,0.000208674,0.020284462,0.000208674,,,320,1000000,12.07830103,12.10605151,12.08173851,0.229754797,0.028459914,320,3000000,36.52078909,36.75428644,36.5335281,0.639354613,0.034881539,320,5000000,61.28614912,61.88430629,61.2704767,0.976007111,-0.025572524,320,7000000,86.28974788,87.36574127,86.17081647,1.246953923,-0.137827969,320,10000000,124.0208565,125.9445206,123.5648196,1.55108107,-0.367709825
325,100000,1.184661891,1.184892586,1.184661244,0.019473479,-5.46E-05,0.019473479,5.46119E-05,,,325,1000000,11.88782314,11.91421125,11.89095813,0.221976019,0.026371515,325,3000000,35.9170639,36.13917628,35.92863505,0.618403503,0.032216309,325,5000000,60.22802221,60.79738273,60.21339581,0.945341551,-0.024285051,325,7000000,84.74016436,85.7656149,84.63109799,1.210111581,-0.128706813,325,10000000,121.6786493,123.5172688,121.2628733,1.511045245,-0.341700069
330,100000,1.166669406,1.1668876,1.166665904,0.018702269,-0.000300227,0.018702269,0.000300227,,,330,1000000,11.70339657,11.72851049,11.70625539,0.214586604,0.024427298,330,3000000,35.33425003,35.54573739,35.34476063,0.598533593,0.02974622,330,5000000,59.2094336,59.75195157,59.19576094,0.916269475,-0.02309203,330,7000000,83.25239772,84.23073107,83.15224854,1.17514135,-0.120295844,330,10000000,119.4375586,121.1966723,119.0580006,1.472831246,-0.317787799
335,100000,1.149216516,1.149423013,1.149210431,0.017968559,-0.00052944,0.017968559,0.00052944,,,335,1000000,11.52473075,11.54865186,11.52733726,0.20756332,0.022616675,335,3000000,34.77121586,34.97277612,34.78076322,0.579675619,0.02745765,335,5000000,58.2280257,58.74548962,58.2152278,0.88868533,-0.021978932,335,7000000,81.82246151,82.75680928,81.7303963,1.141920876,-0.112518264,335,10000000,117.2904654,118.9751543,116.9435783,1.436339183,-0.295750474
340,100000,1.132279245,1.132474792,1.132270819,0.017270222,-0.000744168,0.017270222,0.000744168,,,340,1000000,11.35155381,11.37435732,11.35392883,0.200884522,0.020922479,340,3000000,34.22691402,34.41918907,34.23557888,0.561765665,0.025315927,340,5000000,57.28163626,57.77568593,57.26962451,0.862492234,-0.020969638,340,7000000,80.44672756,81.33995796,80.36197158,1.110337768,-0.105356649,340,10000000,115.2309475,116.8458803,114.9135302,1.401474916,-0.275461851
345,100000,1.115835024,1.116020311,1.115824476,0.016605262,-0.000945238,0.016605262,0.000945238,,,345,1000000,11.18361112,11.2053666,11.18577383,0.194530033,0.019338273,345,3000000,33.70037333,33.88395433,33.70823118,0.544744687,0.02331679,345,5000000,56.36827763,56.84041895,56.3569805,0.837601122,-0.020041641,345,7000000,79.12188482,79.97662954,79.04376312,1.080288627,-0.098735887,345,10000000,113.2531933,114.8026667,112.962439,1.368149877,-0.256729375
350,100000,1.099862581,1.100038249,1.099850126,0.015971811,-0.001132425,0.015971811,0.001132425,,,350,1000000,11.02066389,11.04143575,11.02263306,0.188481034,0.017867966,350,3000000,33.19069179,33.36612388,33.19782289,0.528558074,0.021485221,350,5000000,55.4861187,55.93773686,55.47550544,0.813929992,-0.019127771,350,7000000,77.84490395,78.66358182,77.77287797,1.051678185,-0.092524981,350,10000000,111.3519273,112.8399018,111.0854676,1.336280827,-0.239295076
355,100000,1.084341857,1.0845085,1.084327669,0.015368117,-0.001308434,0.015368117,0.001308434,,,355,1000000,10.86248794,10.88233588,10.86427875,0.182719971,0.016486188,355,3000000,32.69703026,32.86481679,32.70349071,0.513155265,0.019758542,355,5000000,54.63346916,55.0658402,54.62346755,0.791403232,-0.018306741,355,7000000,76.6130067,77.39784455,76.5465092,1.024418542,-0.086796614,355,10000000,109.5223479,110.9524794,109.2779064,1.305789598,-0.223188776
360,100000,1.069253916,1.069412086,1.069238138,0.014792538,-0.001475551,0.014792538,0.001475551,,,360,1000000,10.70887259,10.72785197,10.71049731,0.177230453,0.015171676,360,3000000,32.21860685,32.37921319,32.22443371,0.498489394,0.018085378,360,5000000,53.80876562,54.22306676,53.79927329,0.769951022,-0.017640861,360,7000000,75.42363926,76.17669036,75.36209012,0.998428479,-0.081604583,360,10000000,107.7600729,109.135741,107.535477,1.276602813,-0.208422192
365,100000,1.054580867,1.054731076,1.054563684,0.014243535,-0.001629352,0.014243535,0.001629352,,,365,1000000,10.55961961,10.57778185,10.56109475,0.171997172,0.01396971,365,3000000,31.75469199,31.90854886,31.75996627,0.484516975,0.016609441,365,5000000,53.01055941,53.40787821,53.00161304,0.7495088,-0.016876578,365,7000000,74.2744491,74.99760954,74.2175733,0.973632849,-0.076575188,365,10000000,106.0610927,107.3854262,105.8548777,1.248651607,-0.194430353
370,100000,1.040305794,1.040448521,1.040287364,0.013719664,-0.00177162,0.013719664,0.00177162,,,370,1000000,10.4145423,10.4319352,10.41588201,0.167005822,0.012863783,370,3000000,31.30460395,31.45211049,31.30939084,0.471197615,0.015291327,370,5000000,52.23750581,52.61884838,52.22911598,0.730016793,-0.016060933,370,7000000,73.16326467,73.8582879,73.11077154,0.949962033,-0.071747925,370,10000000,104.4217302,105.6976294,104.2324984,1.221871351,-0.181218752
375,100000,1.026412693,1.02654838,1.026393046,0.01321957,-0.001914153,0.01321957,0.001914153,,,375,1000000,10.2734647,10.29013268,10.2746706,0.162243025,0.011738003,375,3000000,30.86770481,31.00923131,30.87196426,0.458493759,0.013799052,375,5000000,51.48835454,51.85465278,51.48026146,0.711419585,-0.015718275,375,7000000,72.08807757,72.7565874,72.03919126,0.927351451,-0.067814686,375,10000000,102.8386055,104.0687623,102.6641012,1.196201385,-0.169687563
380,100000,1.012886404,1.013015466,1.012865681,0.012741981,-0.002045947,0.012741981,0.002045947,,,380,1000000,10.13622075,10.15220519,10.13730559,0.157696264,0.010702644,380,3000000,30.44339692,30.57928725,30.44719166,0.446370452,0.012464901,380,5000000,50.76194122,51.11405941,50.75417803,0.693665739,-0.015293332,380,7000000,71.0470269,71.69052903,71.00155779,0.90574112,-0.063998599,380,10000000,101.3086054,102.4955216,101.1477902,1.171584757,-0.15873794
385,100000,0.999712565,0.999835387,0.999691064,0.012285703,-0.002150708,0.012285703,0.002150708,,,385,1000000,10.00265361,10.01799306,10.00364589,0.15335382,0.009920152,385,3000000,30.03111965,30.1616935,30.03465506,0.434795133,0.011772471,385,5000000,50.05717985,50.39592052,50.05017801,0.676707454,-0.013987692,385,7000000,70.03838537,70.6582778,69.996926,0.885075264,-0.059195211,385,10000000,99.82885643,100.9748597,99.68227774,1.147967981,-0.146829977
390,100000,0.986877552,0.986994493,0.986855133,0.011849615,-0.002271706,0.011849615,0.002271706,,,390,1000000,9.872615042,9.887345449,9.873499882,0.149204717,0.008962565,390,3000000,29.63034646,29.75590133,29.6334496,0.423737438,0.010472844,390,5000000,49.37305608,49.69916524,49.36623334,0.660500256,-0.013818757,390,7000000,69.06054705,69.65812932,69.02178082,0.865301957,-0.056133695,390,10000000,98.39670128,99.50396016,98.26125629,1.125300809,-0.137651966
395,100000,0.974368437,0.974479833,0.974344876,0.011432664,-0.00241811,0.011432664,0.00241811,,,395,1000000,9.745964798,9.760119707,9.746719156,0.145238665,0.007740216,395,3000000,29.24058225,29.36139528,29.24301243,0.413169025,0.008310971,395,5000000,48.70862113,49.02279306,48.70122334,0.645002721,-0.015187848,395,7000000,68.11201644,68.68849802,68.07432105,0.846372801,-0.055343223,395,10000000,97.00967816,98.08021489,96.88172755,1.103536005,-0.13189469
400,100000,0.962172943,0.962279108,0.962149807,0.011033857,-0.002404527,0.011033857,0.002404527,,,400,1000000,9.62257008,9.636180822,9.623348502,0.141446016,0.008089552,400,3000000,28.86136103,28.97769061,28.86444065,0.403063421,0.010670401,400,5000000,48.06298639,48.3658679,48.0584924,0.630176226,-0.009350199,400,7000000,67.19139874,67.74790655,67.16121605,0.82824264,-0.044920459,400,10000000,95.66550232,96.70120493,95.55709403,1.082629151,-0.113320152
60,1000000,1283.205185,1435.879226,1273.985476,11.89786653,-0.718490622,11.89786653,0.718490622,2.49513821,0.500967464,,,,,,,,,,,,,,,,,,,,,,,,,,,,,,,,,,,
65,1000000,1260.999865,1414.98466,1247.045813,12.2113252,-1.10658634,12.2113252,1.10658634,,,,,,,,,,,,,,,,,,,,,,,,,,,,,,,,,,,,,
70,1000000,1238.390366,1392.893662,1225.761773,12.47613841,-1.019758625,12.47613841,1.019758625,,,,,,,,,,,,,,,,,,,,,,,,,,,,,,,,,,,,,
75,1000000,1215.46418,1369.504006,1201.492703,12.67333324,-1.149476612,12.67333324,1.149476612,,,,,,,,,,,,,,,,,,,,,,,,,,,,,,,,,,,,,
80,1000000,1192.177285,1344.694109,1175.919733,12.79313286,-1.363685749,12.79313286,1.363685749,,,,,,,,,,,,,,,,,,,,,,,,,,,,,,,,,,,,,
85,1000000,1168.430666,1318.317865,1150.981204,12.82807812,-1.493410144,12.82807812,1.493410144,,,,,,,,,,,,,,,,,,,,,,,,,,,,,,,,,,,,,
90,1000000,1144.09559,1290.197334,1125.184656,12.77006439,-1.652915571,12.77006439,1.652915571,,,,,,,,,,,,,,,,,,,,,,,,,,,,,,,,,,,,,
95,1000000,1119.018058,1260.112133,1097.882283,12.60873978,-1.888778764,12.60873978,1.888778764,,,,,,,,,,,,,,,,,,,,,,,,,,,,,,,,,,,,,
100,1000000,1093.012735,1227.783543,1069.520139,12.33021392,-2.149343251,12.33021392,2.149343251,,,,,,,,,,,,,,,,,,,,,,,,,,,,,,,,,,,,,
105,1000000,1065.84861,1192.849683,1039.757481,11.91548887,-2.447920762,11.91548887,2.447920762,,,,,,,,,,,,,,,,,,,,,,,,,,,,,,,,,,,,,
110,1000000,1037.223963,1154.82476,1007.952504,11.33803311,-2.822096289,11.33803311,2.822096289,,,,,,,,,,,,,,,,,,,,,,,,,,,,,,,,,,,,,
115,1000000,1006.722507,1113.02766,973.2879594,10.55952885,-3.321128427,10.55952885,3.321128427,,,,,,,,,,,,,,,,,,,,,,,,,,,,,,,,,,,,,
120,1000000,38.24643237,38.40174542,37.26017753,0.406085055,-2.578684542,0.406085055,2.578684542,,,,,,,,,,,,,,,,,,,,,,,,,,,,,,,,,,,,,
125,1000000,35.77665966,36.03922271,35.31098205,0.733894823,-1.301624056,0.733894823,1.301624056,,,,,,,,,,,,,,,,,,,,,,,,,,,,,,,,,,,,,
130,1000000,33.71512089,34.01412665,33.56340474,0.886859531,-0.449994395,0.886859531,0.449994395,,,,,,,,,,,,,,,,,,,,,,,,,,,,,,,,,,,,,
135,1000000,31.94247118,32.24939715,31.99249937,0.960871091,0.156619658,0.960871091,0.156619658,,,,,,,,,,,,,,,,,,,,,,,,,,,,,,,,,,,,,
140,1000000,30.3904483,30.69155022,30.57207195,0.990778173,0.597634017,0.990778173,0.597634017,,,,,,,,,,,,,,,,,,,,,,,,,,,,,,,,,,,,,
145,1000000,29.01360876,29.29986527,29.28639156,0.986628428,0.940189176,0.986628428,0.940189176,,,,,,,,,,,,,,,,,,,,,,,,,,,,,,,,,,,,,
150,1000000,27.7794565,28.04961727,28.07355306,0.972519982,1.058683611,0.972519982,1.058683611,,,,,,,,,,,,,,,,,,,,,,,,,,,,,,,,,,,,,
155,1000000,26.663785,26.91648456,26.90047095,0.947725765,0.887668259,0.947725765,0.887668259,,,,,,,,,,,,,,,,,,,,,,,,,,,,,,,,,,,,,
160,1000000,25.64804234,25.88309318,25.80936731,0.916447483,0.628995241,0.916447483,0.628995241,,,,,,,,,,,,,,,,,,,,,,,,,,,,,,,,,,,,,
165,1000000,24.71768866,24.93557451,24.83812082,0.881497661,0.487230675,0.881497661,0.487230675,,,,,,,,,,,,,,,,,,,,,,,,,,,,,,,,,,,,,
170,1000000,23.86111376,24.06268451,23.96502206,0.844766732,0.435471284,0.844766732,0.435471284,,,,,,,,,,,,,,,,,,,,,,,,,,,,,,,,,,,,,
175,1000000,23.06889739,23.25518383,23.15713481,0.807522106,0.382495197,0.807522106,0.382495197,,,,,,,,,,,,,,,,,,,,,,,,,,,,,,,,,,,,,
180,1000000,22.33328923,22.50539085,22.4063525,0.770605789,0.327149602,0.770605789,0.327149602,,,,,,,,,,,,,,,,,,,,,,,,,,,,,,,,,,,,,
185,1000000,21.64783489,21.80685281,21.71051596,0.734567346,0.289548915,0.734567346,0.289548915,,,,,,,,,,,,,,,,,,,,,,,,,,,,,,,,,,,,,
190,1000000,21.0071012,21.15409934,21.0617188,0.699754497,0.25999587,0.699754497,0.25999587,,,,,,,,,,,,,,,,,,,,,,,,,,,,,,,,,,,,,
195,1000000,20.40647101,20.54245472,20.45369103,0.666375429,0.231397275,0.666375429,0.231397275,,,,,,,,,,,,,,,,,,,,,,,,,,,,,,,,,,,,,
200,1000000,19.84198719,19.96789293,19.8831299,0.634541995,0.207351744,0.634541995,0.207351744,,,,,,,,,,,,,,,,,,,,,,,,,,,,,,,,,,,,,
205,1000000,19.31023246,19.42692417,19.34647754,0.604299859,0.187698848,0.604299859,0.187698848,,,,,,,,,,,,,,,,,,,,,,,,,,,,,,,,,,,,,
210,1000000,18.8082355,18.91650504,18.84020902,0.575649637,0.169997432,0.575649637,0.169997432,,,,,,,,,,,,,,,,,,,,,,,,,,,,,,,,,,,,,
215,1000000,18.33339674,18.43396674,18.36166933,0.54856177,0.154213606,0.54856177,0.154213606,,,,,,,,,,,,,,,,,,,,,,,,,,,,,,,,,,,,,
220,1000000,17.88342903,17.97695704,17.90856558,0.522987013,0.140557787,0.522987013,0.140557787,,,,,,,,,,,,,,,,,,,,,,,,,,,,,,,,,,,,,
225,1000000,17.45630979,17.54339301,17.47872679,0.498863836,0.128417719,0.498863836,0.128417719,,,,,,,,,,,,,,,,,,,,,,,,,,,,,,,,,,,,,
230,1000000,17.05024199,17.13142222,17.07027193,0.476123621,0.117475959,0.476123621,0.117475959,,,,,,,,,,,,,,,,,,,,,,,,,,,,,,,,,,,,,
235,1000000,16.66362209,16.73939063,16.68156999,0.454694302,0.107707114,0.454694302,0.107707114,,,,,,,,,,,,,,,,,,,,,,,,,,,,,,,,,,,,,
240,1000000,16.29501353,16.36581583,16.31113634,0.434502894,0.098943266,0.434502894,0.098943266,,,,,,,,,,,,,,,,,,,,,,,,,,,,,,,,,,,,,
245,1000000,15.9431246,16.00936465,15.95763383,0.415477215,0.091006164,0.415477215,0.091006164,,,,,,,,,,,,,,,,,,,,,,,,,,,,,,,,,,,,,
250,1000000,15.60678989,15.66883422,15.61987071,0.397547041,0.083814988,0.397547041,0.083814988,,,,,,,,,,,,,,,,,,,,,,,,,,,,,,,,,,,,,
255,1000000,15.28495453,15.34313593,15.29676864,0.380644847,0.077292402,0.380644847,0.077292402,,,,,,,,,,,,,,,,,,,,,,,,,,,,,,,,,,,,,
260,1000000,14.97666097,15.03128179,14.98734673,0.364706262,0.071349368,0.364706262,0.071349368,,,,,,,,,,,,,,,,,,,,,,,,,,,,,,,,,,,,,
265,1000000,14.68103751,14.73237274,14.69071538,0.349670308,0.065920891,0.349670308,0.065920891,,,,,,,,,,,,,,,,,,,,,,,,,,,,,,,,,,,,,
270,1000000,14.39728858,14.44558854,14.40606458,0.335479503,0.06095587,0.335479503,0.06095587,,,,,,,,,,,,,,,,,,,,,,,,,,,,,,,,,,,,,
275,1000000,14.12468631,14.17017908,14.13265319,0.322079854,0.056403985,0.322079854,0.056403985,,,,,,,,,,,,,,,,,,,,,,,,,,,,,,,,,,,,,
280,1000000,13.86256321,13.90545687,13.86980247,0.309420783,0.052221635,0.309420783,0.052221635,,,,,,,,,,,,,,,,,,,,,,,,,,,,,,,,,,,,,
285,1000000,13.61030589,13.65079043,13.61688959,0.297455012,0.048372884,0.297455012,0.048372884,,,,,,,,,,,,,,,,,,,,,,,,,,,,,,,,,,,,,
290,1000000,13.36734945,13.40559857,13.37334139,0.286138413,0.044825238,0.286138413,0.044825238,,,,,,,,,,,,,,,,,,,,,,,,,,,,,,,,,,,,,
295,1000000,13.13317267,13.16934535,13.13862946,0.275429844,0.04154966,0.275429844,0.04154966,,,,,,,,,,,,,,,,,,,,,,,,,,,,,,,,,,,,,
300,1000000,12.90729376,12.94153565,12.91226579,0.265290977,0.038521039,0.265290977,0.038521039,,,,,,,,,,,,,,,,,,,,,,,,,,,,,,,,,,,,,
305,1000000,12.68926656,12.72171125,12.69379874,0.255686125,0.035716644,0.255686125,0.035716644,,,,,,,,,,,,,,,,,,,,,,,,,,,,,,,,,,,,,
310,1000000,12.47867722,12.5094474,12.4828097,0.246582067,0.0331163,0.246582067,0.0331163,,,,,,,,,,,,,,,,,,,,,,,,,,,,,,,,,,,,,
315,1000000,12.27514129,12.30434973,12.27891011,0.237947884,0.030702918,0.237947884,0.030702918,,,,,,,,,,,,,,,,,,,,,,,,,,,,,,,,,,,,,
320,1000000,12.07830103,12.10605151,12.08173851,0.229754797,0.028459914,0.229754797,0.028459914,,,,,,,,,,,,,,,,,,,,,,,,,,,,,,,,,,,,,
325,1000000,11.88782314,11.91421125,11.89095813,0.221976019,0.026371515,0.221976019,0.026371515,,,,,,,,,,,,,,,,,,,,,,,,,,,,,,,,,,,,,
330,1000000,11.70339657,11.72851049,11.70625539,0.214586604,0.024427298,0.214586604,0.024427298,,,,,,,,,,,,,,,,,,,,,,,,,,,,,,,,,,,,,
335,1000000,11.52473075,11.54865186,11.52733726,0.20756332,0.022616675,0.20756332,0.022616675,,,,,,,,,,,,,,,,,,,,,,,,,,,,,,,,,,,,,
340,1000000,11.35155381,11.37435732,11.35392883,0.200884522,0.020922479,0.200884522,0.020922479,,,,,,,,,,,,,,,,,,,,,,,,,,,,,,,,,,,,,
345,1000000,11.18361112,11.2053666,11.18577383,0.194530033,0.019338273,0.194530033,0.019338273,,,,,,,,,,,,,,,,,,,,,,,,,,,,,,,,,,,,,
350,1000000,11.02066389,11.04143575,11.02263306,0.188481034,0.017867966,0.188481034,0.017867966,,,,,,,,,,,,,,,,,,,,,,,,,,,,,,,,,,,,,
355,1000000,10.86248794,10.88233588,10.86427875,0.182719971,0.016486188,0.182719971,0.016486188,,,,,,,,,,,,,,,,,,,,,,,,,,,,,,,,,,,,,
360,1000000,10.70887259,10.72785197,10.71049731,0.177230453,0.015171676,0.177230453,0.015171676,,,,,,,,,,,,,,,,,,,,,,,,,,,,,,,,,,,,,
365,1000000,10.55961961,10.57778185,10.56109475,0.171997172,0.01396971,0.171997172,0.01396971,,,,,,,,,,,,,,,,,,,,,,,,,,,,,,,,,,,,,
370,1000000,10.4145423,10.4319352,10.41588201,0.167005822,0.012863783,0.167005822,0.012863783,,,,,,,,,,,,,,,,,,,,,,,,,,,,,,,,,,,,,
375,1000000,10.2734647,10.29013268,10.2746706,0.162243025,0.011738003,0.162243025,0.011738003,,,,,,,,,,,,,,,,,,,,,,,,,,,,,,,,,,,,,
380,1000000,10.13622075,10.15220519,10.13730559,0.157696264,0.010702644,0.157696264,0.010702644,,,,,,,,,,,,,,,,,,,,,,,,,,,,,,,,,,,,,
385,1000000,10.00265361,10.01799306,10.00364589,0.15335382,0.009920152,0.15335382,0.009920152,,,,,,,,,,,,,,,,,,,,,,,,,,,,,,,,,,,,,
390,1000000,9.872615042,9.887345449,9.873499882,0.149204717,0.008962565,0.149204717,0.008962565,,,,,,,,,,,,,,,,,,,,,,,,,,,,,,,,,,,,,
395,1000000,9.745964798,9.760119707,9.746719156,0.145238665,0.007740216,0.145238665,0.007740216,,,,,,,,,,,,,,,,,,,,,,,,,,,,,,,,,,,,,
400,1000000,9.62257008,9.636180822,9.623348502,0.141446016,0.008089552,0.141446016,0.008089552,,,,,,,,,,,,,,,,,,,,,,,,,,,,,,,,,,,,,
60,3000000,1285.592387,1437.822311,1282.816902,11.84122785,-0.21589148,11.84122785,0.21589148,3.54316143,0.52035744,,,,,,,,,,,,,,,,,,,,,,,,,,,,,,,,,,,
65,3000000,1263.602668,1417.289173,1256.957936,12.16256568,-0.525856194,12.16256568,0.525856194,,,,,,,,,,,,,,,,,,,,,,,,,,,,,,,,,,,,,
70,3000000,1241.244294,1395.617987,1236.439151,12.43701125,-0.387123113,12.43701125,0.387123113,,,,,,,,,,,,,,,,,,,,,,,,,,,,,,,,,,,,,
75,3000000,1218.607532,1372.71859,1213.218034,12.64648824,-0.442266936,12.64648824,0.442266936,,,,,,,,,,,,,,,,,,,,,,,,,,,,,,,,,,,,,
80,3000000,1195.654948,1348.484951,1188.885616,12.78211604,-0.566160977,12.78211604,0.566160977,,,,,,,,,,,,,,,,,,,,,,,,,,,,,,,,,,,,,
85,3000000,1172.297422,1322.791348,1165.245746,12.83752084,-0.601526159,12.83752084,0.601526159,,,,,,,,,,,,,,,,,,,,,,,,,,,,,,,,,,,,,
90,3000000,1148.420036,1295.487103,1140.946703,12.80603461,-0.650749056,12.80603461,0.650749056,,,,,,,,,,,,,,,,,,,,,,,,,,,,,,,,,,,,,
95,3000000,1123.888048,1266.389174,1115.440927,12.67929907,-0.751598051,12.67929907,0.751598051,,,,,,,,,,,,,,,,,,,,,,,,,,,,,,,,,,,,,
100,3000000,1098.543516,1235.271444,1089.189006,12.4462915,-0.851537489,12.4462915,0.851537489,,,,,,,,,,,,,,,,,,,,,,,,,,,,,,,,,,,,,
105,3000000,1072.195697,1201.848748,1061.960701,12.09229354,-0.95458284,12.09229354,0.95458284,,,,,,,,,,,,,,,,,,,,,,,,,,,,,,,,,,,,,
110,3000000,1044.604613,1165.752069,1033.309101,11.59744605,-1.081319375,11.59744605,1.081319375,,,,,,,,,,,,,,,,,,,,,,,,,,,,,,,,,,,,,
115,3000000,1015.453974,1126.48808,1002.73104,10.93443027,-1.252930599,10.93443027,1.252930599,,,,,,,,,,,,,,,,,,,,,,,,,,,,,,,,,,,,,
120,3000000,984.3043135,1083.368856,969.6818756,10.06442229,-1.485560685,10.06442229,1.485560685,,,,,,,,,,,,,,,,,,,,,,,,,,,,,,,,,,,,,
125,3000000,950.5049361,1035.379362,934.1980559,8.929404009,-1.715601839,8.929404009,1.715601839,,,,,,,,,,,,,,,,,,,,,,,,,,,,,,,,,,,,,
130,3000000,913.0085375,980.8978824,894.5308132,7.435784238,-2.023828205,7.435784238,2.023828205,,,,,,,,,,,,,,,,,,,,,,,,,,,,,,,,,,,,,
135,3000000,869.9117672,917.0001394,845.9601426,5.413005549,-2.753339536,5.413005549,2.753339536,,,,,,,,,,,,,,,,,,,,,,,,,,,,,,,,,,,,,
140,3000000,816.9725823,837.1766226,786.8092762,2.473037743,-3.692083034,2.473037743,3.692083034,,,,,,,,,,,,,,,,,,,,,,,,,,,,,,,,,,,,,
145,3000000,117.0553579,120,118,512.7081582,502.5462333,2.515597878,0.807004581,,,,,,,,,,,,,,,,,,,,,,,,,,,,,,,,,,,,,
150,3000000,105.7480611,108.9933808,109.6011594,3.068916482,3.643658531,3.068916482,3.643658531,,,,,,,,,,,,,,,,,,,,,,,,,,,,,,,,,,,,,
155,3000000,97.57554582,100.5160888,100.1826732,3.013606488,2.671906507,3.013606488,2.671906507,,,,,,,,,,,,,,,,,,,,,,,,,,,,,,,,,,,,,
160,3000000,91.15566578,93.78744462,92.4678829,2.887125898,1.439534347,2.887125898,1.439534347,,,,,,,,,,,,,,,,,,,,,,,,,,,,,,,,,,,,,
165,3000000,85.87531499,88.22801598,86.66076676,2.739670876,0.914642083,2.739670876,0.914642083,,,,,,,,,,,,,,,,,,,,,,,,,,,,,,,,,,,,,
170,3000000,81.400349,83.50767766,82.0566228,2.58884475,0.806229713,2.58884475,0.806229713,,,,,,,,,,,,,,,,,,,,,,,,,,,,,,,,,,,,,
175,3000000,77.52631465,79.41943743,78.05405402,2.441909944,0.680722889,2.441909944,0.680722889,,,,,,,,,,,,,,,,,,,,,,,,,,,,,,,,,,,,,
180,3000000,74.11833958,75.8245636,74.51813342,2.302026767,0.539399346,2.302026767,0.539399346,,,,,,,,,,,,,,,,,,,,,,,,,,,,,,,,,,,,,
185,3000000,71.08254719,72.62537676,71.41036105,2.170475923,0.461173488,2.170475923,0.461173488,,,,,,,,,,,,,,,,,,,,,,,,,,,,,,,,,,,,,
190,3000000,68.35088064,69.75043565,68.62879397,2.047603476,0.406598025,2.047603476,0.406598025,,,,,,,,,,,,,,,,,,,,,,,,,,,,,,,,,,,,,
195,3000000,65.87238742,67.14588184,66.10299858,1.933275029,0.350087752,1.933275029,0.350087752,,,,,,,,,,,,,,,,,,,,,,,,,,,,,,,,,,,,,
200,3000000,63.60790784,64.77009549,63.80216915,1.827111893,0.30540433,1.827111893,0.30540433,,,,,,,,,,,,,,,,,,,,,,,,,,,,,,,,,,,,,
205,3000000,61.52668258,62.59024496,61.694135,1.728619747,0.272162274,1.728619747,0.272162274,,,,,,,,,,,,,,,,,,,,,,,,,,,,,,,,,,,,,
210,3000000,59.60410152,60.57997584,59.74849344,1.637260344,0.242251645,1.637260344,0.242251645,,,,,,,,,,,,,,,,,,,,,,,,,,,,,,,,,,,,,
215,3000000,57.82016131,58.71781444,57.94503525,1.552491568,0.215969543,1.552491568,0.215969543,,,,,,,,,,,,,,,,,,,,,,,,,,,,,,,,,,,,,
220,3000000,56.15837931,56.98603554,56.26750202,1.47378938,0.194312433,1.47378938,0.194312433,,,,,,,,,,,,,,,,,,,,,,,,,,,,,,,,,,,,,
225,3000000,54.60501075,55.36984086,54.70084055,1.400659202,0.175496342,1.400659202,0.175496342,,,,,,,,,,,,,,,,,,,,,,,,,,,,,,,,,,,,,
230,3000000,53.14847267,53.85675107,53.23282712,1.332641111,0.158714719,1.332641111,0.158714719,,,,,,,,,,,,,,,,,,,,,,,,,,,,,,,,,,,,,
235,3000000,51.77891228,52.43614792,51.85351643,1.269311407,0.144082098,1.269311407,0.144082098,,,,,,,,,,,,,,,,,,,,,,,,,,,,,,,,,,,,,
240,3000000,50.48787828,51.09892404,50.55413059,1.210282104,0.131224201,1.210282104,0.131224201,,,,,,,,,,,,,,,,,,,,,,,,,,,,,,,,,,,,,
245,3000000,49.26806694,49.83721129,49.32705017,1.155199279,0.119718984,1.155199279,0.119718984,,,,,,,,,,,,,,,,,,,,,,,,,,,,,,,,,,,,,
250,3000000,48.11312339,48.64416758,48.16577754,1.103740832,0.10943822,1.103740832,0.10943822,,,,,,,,,,,,,,,,,,,,,,,,,,,,,,,,,,,,,
255,3000000,47.01748429,47.51380744,47.06461881,1.055614006,0.100248923,1.055614006,0.100248923,,,,,,,,,,,,,,,,,,,,,,,,,,,,,,,,,,,,,
260,3000000,45.97625185,46.44086619,46.01853593,1.010552869,0.091969389,1.010552869,0.091969389,,,,,,,,,,,,,,,,,,,,,,,,,,,,,,,,,,,,,
265,3000000,44.98509209,45.42068987,45.02309664,0.968315864,0.084482555,0.968315864,0.084482555,,,,,,,,,,,,,,,,,,,,,,,,,,,,,,,,,,,,,
270,3000000,44.0401518,44.44914543,44.07437321,0.928683503,0.077705013,0.928683503,0.077705013,,,,,,,,,,,,,,,,,,,,,,,,,,,,,,,,,,,,,
275,3000000,43.13799038,43.52254668,43.16885462,0.891456233,0.071547713,0.891456233,0.071547713,,,,,,,,,,,,,,,,,,,,,,,,,,,,,,,,,,,,,
280,3000000,42.27552324,42.637593,42.30339776,0.856452477,0.065935365,0.856452477,0.065935365,,,,,,,,,,,,,,,,,,,,,,,,,,,,,,,,,,,,,
285,3000000,41.44997471,41.7913181,41.47518046,0.823506856,0.060810047,0.823506856,0.060810047,,,,,,,,,,,,,,,,,,,,,,,,,,,,,,,,,,,,,
290,3000000,40.65883846,40.98104698,40.68165579,0.792468591,0.056119005,0.792468591,0.056119005,,,,,,,,,,,,,,,,,,,,,,,,,,,,,,,,,,,,,
295,3000000,39.899844,40.20435963,39.92051824,0.763200051,0.051815356,0.763200051,0.051815356,,,,,,,,,,,,,,,,,,,,,,,,,,,,,,,,,,,,,
300,3000000,39.17092833,39.45906007,39.18967554,0.735575468,0.047860001,0.735575468,0.047860001,,,,,,,,,,,,,,,,,,,,,,,,,,,,,,,,,,,,,
305,3000000,38.4702117,38.74315007,38.48722224,0.709479766,0.044217444,0.709479766,0.044217444,,,,,,,,,,,,,,,,,,,,,,,,,,,,,,,,,,,,,
310,3000000,37.79597672,38.05480642,37.81141891,0.684807531,0.040856702,0.684807531,0.040856702,,,,,,,,,,,,,,,,,,,,,,,,,,,,,,,,,,,,,
315,3000000,37.14665051,37.39236152,37.16067457,0.661462076,0.037753239,0.661462076,0.037753239,,,,,,,,,,,,,,,,,,,,,,,,,,,,,,,,,,,,,
320,3000000,36.52078909,36.75428644,36.5335281,0.639354613,0.034881539,0.639354613,0.034881539,,,,,,,,,,,,,,,,,,,,,,,,,,,,,,,,,,,,,
325,3000000,35.9170639,36.13917628,35.92863505,0.618403503,0.032216309,0.618403503,0.032216309,,,,,,,,,,,,,,,,,,,,,,,,,,,,,,,,,,,,,
330,3000000,35.33425003,35.54573739,35.34476063,0.598533593,0.02974622,0.598533593,0.02974622,,,,,,,,,,,,,,,,,,,,,,,,,,,,,,,,,,,,,
335,3000000,34.77121586,34.97277612,34.78076322,0.579675619,0.02745765,0.579675619,0.02745765,,,,,,,,,,,,,,,,,,,,,,,,,,,,,,,,,,,,,
340,3000000,34.22691402,34.41918907,34.23557888,0.561765665,0.025315927,0.561765665,0.025315927,,,,,,,,,,,,,,,,,,,,,,,,,,,,,,,,,,,,,
345,3000000,33.70037333,33.88395433,33.70823118,0.544744687,0.02331679,0.544744687,0.02331679,,,,,,,,,,,,,,,,,,,,,,,,,,,,,,,,,,,,,
350,3000000,33.19069179,33.36612388,33.19782289,0.528558074,0.021485221,0.528558074,0.021485221,,,,,,,,,,,,,,,,,,,,,,,,,,,,,,,,,,,,,
355,3000000,32.69703026,32.86481679,32.70349071,0.513155265,0.019758542,0.513155265,0.019758542,,,,,,,,,,,,,,,,,,,,,,,,,,,,,,,,,,,,,
360,3000000,32.21860685,32.37921319,32.22443371,0.498489394,0.018085378,0.498489394,0.018085378,,,,,,,,,,,,,,,,,,,,,,,,,,,,,,,,,,,,,
365,3000000,31.75469199,31.90854886,31.75996627,0.484516975,0.016609441,0.484516975,0.016609441,,,,,,,,,,,,,,,,,,,,,,,,,,,,,,,,,,,,,
370,3000000,31.30460395,31.45211049,31.30939084,0.471197615,0.015291327,0.471197615,0.015291327,,,,,,,,,,,,,,,,,,,,,,,,,,,,,,,,,,,,,
375,3000000,30.86770481,31.00923131,30.87196426,0.458493759,0.013799052,0.458493759,0.013799052,,,,,,,,,,,,,,,,,,,,,,,,,,,,,,,,,,,,,
380,3000000,30.44339692,30.57928725,30.44719166,0.446370452,0.012464901,0.446370452,0.012464901,,,,,,,,,,,,,,,,,,,,,,,,,,,,,,,,,,,,,
385,3000000,30.03111965,30.1616935,30.03465506,0.434795133,0.011772471,0.434795133,0.011772471,,,,,,,,,,,,,,,,,,,,,,,,,,,,,,,,,,,,,
390,3000000,29.63034646,29.75590133,29.6334496,0.423737438,0.010472844,0.423737438,0.010472844,,,,,,,,,,,,,,,,,,,,,,,,,,,,,,,,,,,,,
395,3000000,29.24058225,29.36139528,29.24301243,0.413169025,0.008310971,0.413169025,0.008310971,,,,,,,,,,,,,,,,,,,,,,,,,,,,,,,,,,,,,
400,3000000,28.86136103,28.97769061,28.86444065,0.403063421,0.010670401,0.403063421,0.010670401,,,,,,,,,,,,,,,,,,,,,,,,,,,,,,,,,,,,,
60,5000000,1287.948966,1439.713726,1290.996929,11.78344516,0.23665241,11.78344516,0.23665241,4.069127886,0.206742827,,,,,,,,,,,,,,,,,,,,,,,,,,,,,,,,,,,
65,5000000,1266.167576,1419.527119,1266.087302,12.11210478,-0.006339901,12.11210478,0.006339901,,,,,,,,,,,,,,,,,,,,,,,,,,,,,,,,,,,,,
70,5000000,1244.05074,1398.256512,1246.236908,12.39545676,0.175729793,12.39545676,0.175729793,,,,,,,,,,,,,,,,,,,,,,,,,,,,,,,,,,,,,
75,5000000,1221.690943,1375.822322,1223.917664,12.6162333,0.182265526,12.6162333,0.182265526,,,,,,,,,,,,,,,,,,,,,,,,,,,,,,,,,,,,,
80,5000000,1199.056401,1352.131957,1200.636565,12.76633495,0.131783957,12.76633495,0.131783957,,,,,,,,,,,,,,,,,,,,,,,,,,,,,,,,,,,,,
85,5000000,1176.066458,1327.077012,1178.079572,12.84030785,0.171173474,12.84030785,0.171173474,,,,,,,,,,,,,,,,,,,,,,,,,,,,,,,,,,,,,
90,5000000,1152.617849,1300.529506,1155.005623,12.83267107,0.207160942,12.83267107,0.207160942,,,,,,,,,,,,,,,,,,,,,,,,,,,,,,,,,,,,,
95,5000000,1128.591735,1272.336735,1130.936284,12.73666961,0.207741166,12.73666961,0.207741166,,,,,,,,,,,,,,,,,,,,,,,,,,,,,,,,,,,,,
100,5000000,1103.852221,1242.314089,1106.325706,12.54351492,0.224077571,12.54351492,0.224077571,,,,,,,,,,,,,,,,,,,,,,,,,,,,,,,,,,,,,
105,5000000,1078.23993,1210.23478,1081.003555,12.24169556,0.256308848,12.24169556,0.256308848,,,,,,,,,,,,,,,,,,,,,,,,,,,,,,,,,,,,,
110,5000000,1051.561055,1175.814697,1054.625781,11.816113,0.291445382,11.816113,0.291445382,,,,,,,,,,,,,,,,,,,,,,,,,,,,,,,,,,,,,
115,5000000,1023.570218,1138.689222,1026.836445,11.24681063,0.319101398,11.24681063,0.319101398,,,,,,,,,,,,,,,,,,,,,,,,,,,,,,,,,,,,,
120,5000000,993.9429193,1098.37608,997.3047708,10.5069576,0.338233866,10.5069576,0.338233866,,,,,,,,,,,,,,,,,,,,,,,,,,,,,,,,,,,,,
125,5000000,962.2284699,1054.212315,966.2852958,9.559459979,0.42160735,9.559459979,0.42160735,,,,,,,,,,,,,,,,,,,,,,,,,,,,,,,,,,,,,
130,5000000,927.7628951,1005.239199,932.6936479,8.350873332,0.531466919,8.350873332,0.531466919,,,,,,,,,,,,,,,,,,,,,,,,,,,,,,,,,,,,,
135,5000000,889.489951,949.9703343,893.665745,6.799445368,0.46945938,6.799445368,0.46945938,,,,,,,,,,,,,,,,,,,,,,,,,,,,,,,,,,,,,
140,5000000,845.5365767,885.8543943,850.2973652,4.768311476,0.563049383,4.768311476,0.563049383,,,,,,,,,,,,,,,,,,,,,,,,,,,,,,,,,,,,,
145,5000000,791.9633865,807.7275119,801.8913695,1.990511886,1.253591154,1.990511886,1.253591154,,,,,,,,,,,,,,,,,,,,,,,,,,,,,,,,,,,,,
150,5000000,717.2574568,701.0796798,718.5742193,-2.255504895,0.183582955,2.255504895,0.183582955,,,,,,,,,,,,,,,,,,,,,,,,,,,,,,,,,,,,,
155,5000000,284.9530324,297.0320542,281.9439298,4.238951824,-1.055999516,4.238951824,1.055999516,,,,,,,,,,,,,,,,,,,,,,,,,,,,,,,,,,,,,
160,5000000,207.3643082,217.5221086,204.4704384,4.898528854,-1.395548642,4.898528854,1.395548642,,,,,,,,,,,,,,,,,,,,,,,,,,,,,,,,,,,,,
165,5000000,179.9660837,188.1608767,177.6737955,4.553520744,-1.27373348,4.553520744,1.27373348,,,,,,,,,,,,,,,,,,,,,,,,,,,,,,,,,,,,,
170,5000000,162.6782088,169.5369752,161.6026828,4.216155611,-0.661137095,4.216155611,0.661137095,,,,,,,,,,,,,,,,,,,,,,,,,,,,,,,,,,,,,
175,5000000,150.0581797,155.9303098,149.3975978,3.913235605,-0.440217175,3.913235605,0.440217175,,,,,,,,,,,,,,,,,,,,,,,,,,,,,,,,,,,,,
180,5000000,140.155726,145.2608869,139.5827418,3.642491799,-0.408819692,3.642491799,0.408819692,,,,,,,,,,,,,,,,,,,,,,,,,,,,,,,,,,,,,
185,5000000,132.0366801,136.5255443,131.6072951,3.399709927,-0.3252013,3.399709927,0.3252013,,,,,,,,,,,,,,,,,,,,,,,,,,,,,,,,,,,,,
190,5000000,125.1786717,129.1607968,124.8646669,3.18115308,-0.250845256,3.18115308,0.250845256,,,,,,,,,,,,,,,,,,,,,,,,,,,,,,,,,,,,,
195,5000000,119.2594159,122.8177433,118.9974482,2.98368677,-0.2196621,2.98368677,0.2196621,,,,,,,,,,,,,,,,,,,,,,,,,,,,,,,,,,,,,
200,5000000,114.0659245,117.2651027,113.8464191,2.804674772,-0.192437298,2.804674772,0.192437298,,,,,,,,,,,,,,,,,,,,,,,,,,,,,,,,,,,,,
205,5000000,109.4500609,112.341602,109.2711553,2.641881657,-0.163458665,2.641881657,0.163458665,,,,,,,,,,,,,,,,,,,,,,,,,,,,,,,,,,,,,
210,5000000,105.3046293,107.9302939,105.1535442,2.493399098,-0.143474282,2.493399098,0.143474282,,,,,,,,,,,,,,,,,,,,,,,,,,,,,,,,,,,,,
215,5000000,101.5495608,103.9436827,101.4191057,2.357589638,-0.128464417,2.357589638,0.128464417,,,,,,,,,,,,,,,,,,,,,,,,,,,,,,,,,,,,,
220,5000000,98.12347472,100.3146134,98.01139522,2.233042317,-0.114222919,2.233042317,0.114222919,,,,,,,,,,,,,,,,,,,,,,,,,,,,,,,,,,,,,
225,5000000,94.97828521,96.99043508,94.88117937,2.118536746,-0.102240042,2.118536746,0.102240042,,,,,,,,,,,,,,,,,,,,,,,,,,,,,,,,,,,,,
230,5000000,92.07562241,93.92911723,91.99035225,2.013013612,-0.092608835,2.013013612,0.092608835,,,,,,,,,,,,,,,,,,,,,,,,,,,,,,,,,,,,,
235,5000000,89.38438232,91.09658506,89.30921484,1.915550227,-0.084094644,1.915550227,0.084094644,,,,,,,,,,,,,,,,,,,,,,,,,,,,,,,,,,,,,
240,5000000,86.87900308,88.46484043,86.81249031,1.825340184,-0.07655793,1.825340184,0.07655793,,,,,,,,,,,,,,,,,,,,,,,,,,,,,,,,,,,,,
245,5000000,84.53822396,86.01060621,84.4789636,1.741676355,-0.070098886,1.741676355,0.070098886,,,,,,,,,,,,,,,,,,,,,,,,,,,,,,,,,,,,,
250,5000000,82.34417324,83.71432812,82.29111993,1.663936651,-0.064428733,1.663936651,0.064428733,,,,,,,,,,,,,,,,,,,,,,,,,,,,,,,,,,,,,
255,5000000,80.28168581,81.5594267,80.23402771,1.591572063,-0.059363602,1.591572063,0.059363602,,,,,,,,,,,,,,,,,,,,,,,,,,,,,,,,,,,,,
260,5000000,78.33778429,79.53172778,78.29479556,1.524096583,-0.054876112,1.524096583,0.054876112,,,,,,,,,,,,,,,,,,,,,,,,,,,,,,,,,,,,,
265,5000000,76.50127878,77.61902267,76.46235082,1.461078697,-0.05088537,1.461078697,0.05088537,,,,,,,,,,,,,,,,,,,,,,,,,,,,,,,,,,,,,
270,5000000,74.7624542,75.81072412,74.72709212,1.40213417,-0.047299253,1.40213417,0.047299253,,,,,,,,,,,,,,,,,,,,,,,,,,,,,,,,,,,,,
275,5000000,73.11282308,74.09759426,73.08060085,1.346919918,-0.044071931,1.346919918,0.044071931,,,,,,,,,,,,,,,,,,,,,,,,,,,,,,,,,,,,,
280,5000000,71.54492806,72.47152702,71.51547733,1.295128789,-0.041163966,1.295128789,0.041163966,,,,,,,,,,,,,,,,,,,,,,,,,,,,,,,,,,,,,
285,5000000,70.05218256,70.92537257,70.02519075,1.246485086,-0.038530999,1.246485086,0.038530999,,,,,,,,,,,,,,,,,,,,,,,,,,,,,,,,,,,,,
290,5000000,68.6287411,69.45279436,68.60393865,1.200740747,-0.03614003,1.200740747,0.03614003,,,,,,,,,,,,,,,,,,,,,,,,,,,,,,,,,,,,,
295,5000000,67.26939287,68.04815182,67.24654494,1.157672035,-0.033964812,1.157672035,0.033964812,,,,,,,,,,,,,,,,,,,,,,,,,,,,,,,,,,,,,
300,5000000,65.96947371,66.70640333,65.94837669,1.117076706,-0.031979966,1.117076706,0.031979966,,,,,,,,,,,,,,,,,,,,,,,,,,,,,,,,,,,,,
305,5000000,64.72479285,65.4230255,64.70526813,1.078771535,-0.030165758,1.078771535,0.030165758,,,,,,,,,,,,,,,,,,,,,,,,,,,,,,,,,,,,,
310,5000000,63.53157151,64.19394544,63.51346197,1.042590185,-0.028504787,1.042590185,0.028504787,,,,,,,,,,,,,,,,,,,,,,,,,,,,,,,,,,,,,
315,5000000,62.38639104,63.01548377,62.36956084,1.008381346,-0.026977359,1.008381346,0.026977359,,,,,,,,,,,,,,,,,,,,,,,,,,,,,,,,,,,,,
320,5000000,61.28614912,61.88430629,61.2704767,0.976007111,-0.025572524,0.976007111,0.025572524,,,,,,,,,,,,,,,,,,,,,,,,,,,,,,,,,,,,,
325,5000000,60.22802221,60.79738273,60.21339581,0.945341551,-0.024285051,0.945341551,0.024285051,,,,,,,,,,,,,,,,,,,,,,,,,,,,,,,,,,,,,
330,5000000,59.2094336,59.75195157,59.19576094,0.916269475,-0.02309203,0.916269475,0.02309203,,,,,,,,,,,,,,,,,,,,,,,,,,,,,,,,,,,,,
335,5000000,58.2280257,58.74548962,58.2152278,0.88868533,-0.021978932,0.88868533,0.021978932,,,,,,,,,,,,,,,,,,,,,,,,,,,,,,,,,,,,,
340,5000000,57.28163626,57.77568593,57.26962451,0.862492234,-0.020969638,0.862492234,0.020969638,,,,,,,,,,,,,,,,,,,,,,,,,,,,,,,,,,,,,
345,5000000,56.36827763,56.84041895,56.3569805,0.837601122,-0.020041641,0.837601122,0.020041641,,,,,,,,,,,,,,,,,,,,,,,,,,,,,,,,,,,,,
350,5000000,55.4861187,55.93773686,55.47550544,0.813929992,-0.019127771,0.813929992,0.019127771,,,,,,,,,,,,,,,,,,,,,,,,,,,,,,,,,,,,,
355,5000000,54.63346916,55.0658402,54.62346755,0.791403232,-0.018306741,0.791403232,0.018306741,,,,,,,,,,,,,,,,,,,,,,,,,,,,,,,,,,,,,
360,5000000,53.80876562,54.22306676,53.79927329,0.769951022,-0.017640861,0.769951022,0.017640861,,,,,,,,,,,,,,,,,,,,,,,,,,,,,,,,,,,,,
365,5000000,53.01055941,53.40787821,53.00161304,0.7495088,-0.016876578,0.7495088,0.016876578,,,,,,,,,,,,,,,,,,,,,,,,,,,,,,,,,,,,,
370,5000000,52.23750581,52.61884838,52.22911598,0.730016793,-0.016060933,0.730016793,0.016060933,,,,,,,,,,,,,,,,,,,,,,,,,,,,,,,,,,,,,
375,5000000,51.48835454,51.85465278,51.48026146,0.711419585,-0.015718275,0.711419585,0.015718275,,,,,,,,,,,,,,,,,,,,,,,,,,,,,,,,,,,,,
380,5000000,50.76194122,51.11405941,50.75417803,0.693665739,-0.015293332,0.693665739,0.015293332,,,,,,,,,,,,,,,,,,,,,,,,,,,,,,,,,,,,,
385,5000000,50.05717985,50.39592052,50.05017801,0.676707454,-0.013987692,0.676707454,0.013987692,,,,,,,,,,,,,,,,,,,,,,,,,,,,,,,,,,,,,
390,5000000,49.37305608,49.69916524,49.36623334,0.660500256,-0.013818757,0.660500256,0.013818757,,,,,,,,,,,,,,,,,,,,,,,,,,,,,,,,,,,,,
395,5000000,48.70862113,49.02279306,48.70122334,0.645002721,-0.015187848,0.645002721,0.015187848,,,,,,,,,,,,,,,,,,,,,,,,,,,,,,,,,,,,,
400,5000000,48.06298639,48.3658679,48.0584924,0.630176226,-0.009350199,0.630176226,0.009350199,,,,,,,,,,,,,,,,,,,,,,,,,,,,,,,,,,,,,
60,7000000,1290.275921,1441.555851,1298.612601,11.72461859,0.64611606,11.72461859,0.64611606,4.270263587,1.562893458,,,,,,,,,,,,,,,,,,,,,,,,,,,,,,,,,,,
65,7000000,1268.695979,1421.701868,1274.546715,12.060091,0.461161396,12.060091,0.461161396,,,,,,,,,,,,,,,,,,,,,,,,,,,,,,,,,,,,,
70,7000000,1246.81169,1400.814027,1255.288095,12.3516918,0.679846461,12.3516918,0.679846461,,,,,,,,,,,,,,,,,,,,,,,,,,,,,,,,,,,,,
75,7000000,1224.71728,1378.822057,1233.757209,12.58288582,0.738123722,12.58288582,0.738123722,,,,,,,,,,,,,,,,,,,,,,,,,,,,,,,,,,,,,
80,7000000,1202.38582,1355.645022,1211.383593,12.7462583,0.748326583,12.7462583,0.748326583,,,,,,,,,,,,,,,,,,,,,,,,,,,,,,,,,,,,,
85,7000000,1179.743924,1331.189307,1189.749507,12.83714029,0.848114813,12.83714029,0.848114813,,,,,,,,,,,,,,,,,,,,,,,,,,,,,,,,,,,,,
90,7000000,1156.698204,1305.34595,1167.704239,12.85103969,0.95150446,12.85103969,0.95150446,,,,,,,,,,,,,,,,,,,,,,,,,,,,,,,,,,,,,
95,7000000,1133.143057,1277.987114,1144.820122,12.78250408,1.030502331,12.78250408,1.030502331,,,,,,,,,,,,,,,,,,,,,,,,,,,,,,,,,,,,,
100,7000000,1108.960504,1248.96132,1121.536636,12.62450874,1.134046843,12.62450874,1.134046843,,,,,,,,,,,,,,,,,,,,,,,,,,,,,,,,,,,,,
105,7000000,1084.015936,1218.086903,1097.719373,12.36798851,1.264136091,12.36798851,1.264136091,,,,,,,,,,,,,,,,,,,,,,,,,,,,,,,,,,,,,
110,7000000,1058.150724,1185.142832,1073.086088,12.00132508,1.411459034,12.00132508,1.411459034,,,,,,,,,,,,,,,,,,,,,,,,,,,,,,,,,,,,,
115,7000000,1031.171152,1149.85547,1047.362039,11.50966236,1.570145511,11.50966236,1.570145511,,,,,,,,,,,,,,,,,,,,,,,,,,,,,,,,,,,,,
120,7000000,1002.831759,1111.87886,1020.321124,10.87391777,1.74399785,10.87391777,1.74399785,,,,,,,,,,,,,,,,,,,,,,,,,,,,,,,,,,,,,
125,7000000,972.8091541,1070.764263,992.2841211,10.06930381,2.001930903,10.06930381,2.001930903,,,,,,,,,,,,,,,,,,,,,,,,,,,,,,,,,,,,,
130,7000000,940.6583738,1025.910829,962.4445765,9.063062353,2.316058976,9.063062353,2.316058976,,,,,,,,,,,,,,,,,,,,,,,,,,,,,,,,,,,,,
135,7000000,905.7348985,976.4811115,928.6512201,7.810918307,2.530135659,7.810918307,2.530135659,,,,,,,,,,,,,,,,,,,,,,,,,,,,,,,,,,,,,
140,7000000,867.0429154,921.2457508,892.3725576,6.251459348,2.921382752,6.251459348,2.921382752,,,,,,,,,,,,,,,,,,,,,,,,,,,,,,,,,,,,,
145,7000000,822.9072491,858.2708628,853.8819812,4.297399705,3.76406116,4.297399705,3.76406116,,,,,,,,,,,,,,,,,,,,,,,,,,,,,,,,,,,,,
150,7000000,770.158398,784.2106317,794.9933325,1.824590073,3.224652825,1.824590073,3.224652825,,,,,,,,,,,,,,,,,,,,,,,,,,,,,,,,,,,,,
155,7000000,701.6342911,692.4622913,681.3030658,-1.307233682,-2.897695497,1.307233682,2.897695497,,,,,,,,,,,,,,,,,,,,,,,,,,,,,,,,,,,,,
160,7000000,595.6143143,568.3696064,483.4108048,-4.574219807,-18.83828289,4.574219807,18.83828289,,,,,,,,,,,,,,,,,,,,,,,,,,,,,,,,,,,,,
165,7000000,411.9188878,411.3479223,336.835436,-0.138611136,-18.22772735,0.138611136,18.22772735,,,,,,,,,,,,,,,,,,,,,,,,,,,,,,,,,,,,,
170,7000000,305.9497439,316.9988464,279.4960483,3.611410944,-8.646418588,3.611410944,8.646418588,,,,,,,,,,,,,,,,,,,,,,,,,,,,,,,,,,,,,
175,7000000,259.0434901,269.6618412,245.5101134,4.099061174,-5.224364707,4.099061174,5.224364707,,,,,,,,,,,,,,,,,,,,,,,,,,,,,,,,,,,,,
180,7000000,230.6035224,239.9972456,221.9314063,4.073538464,-3.760617357,4.073538464,3.760617357,,,,,,,,,,,,,,,,,,,,,,,,,,,,,,,,,,,,,
185,7000000,210.578175,218.8389084,204.6575315,3.922882043,-2.811613064,3.922882043,2.811613064,,,,,,,,,,,,,,,,,,,,,,,,,,,,,,,,,,,,,
190,7000000,195.2901301,202.5889659,191.0388468,3.737431953,-2.176906381,3.737431953,2.176906381,,,,,,,,,,,,,,,,,,,,,,,,,,,,,,,,,,,,,
195,7000000,183.0163609,189.5069987,179.7644956,3.546479524,-1.776816708,3.546479524,1.776816708,,,,,,,,,,,,,,,,,,,,,,,,,,,,,,,,,,,,,
200,7000000,172.8190447,178.6276099,170.259558,3.361067757,-1.481021237,3.361067757,1.481021237,,,,,,,,,,,,,,,,,,,,,,,,,,,,,,,,,,,,,
205,7000000,164.1340514,169.3624933,162.0885877,3.185470608,-1.246215295,3.185470608,1.246215295,,,,,,,,,,,,,,,,,,,,,,,,,,,,,,,,,,,,,
210,7000000,156.596856,161.3278313,154.9233651,3.02111766,-1.068661863,3.02111766,1.068661863,,,,,,,,,,,,,,,,,,,,,,,,,,,,,,,,,,,,,
215,7000000,149.9588803,154.2599457,148.5653117,2.868163234,-0.929300422,2.868163234,0.929300422,,,,,,,,,,,,,,,,,,,,,,,,,,,,,,,,,,,,,
220,7000000,144.0433368,147.97022,142.8714833,2.726181831,-0.813542295,2.726181831,0.813542295,,,,,,,,,,,,,,,,,,,,,,,,,,,,,,,,,,,,,
225,7000000,138.7201826,142.3192743,137.7241418,2.594497513,-0.718021554,2.594497513,0.718021554,,,,,,,,,,,,,,,,,,,,,,,,,,,,,,,,,,,,,
230,7000000,133.8910754,137.2013261,133.0356103,2.472346007,-0.638926191,2.472346007,0.638926191,,,,,,,,,,,,,,,,,,,,,,,,,,,,,,,,,,,,,
235,7000000,129.4799074,132.5342807,128.7397682,2.358955451,-0.57162475,2.358955451,0.57162475,,,,,,,,,,,,,,,,,,,,,,,,,,,,,,,,,,,,,
240,7000000,125.4266124,128.2532088,124.7821189,2.253585852,-0.513841108,2.253585852,0.513841108,,,,,,,,,,,,,,,,,,,,,,,,,,,,,,,,,,,,,
245,7000000,121.6829814,124.3059153,121.1181823,2.155547001,-0.464156209,2.155547001,0.464156209,,,,,,,,,,,,,,,,,,,,,,,,,,,,,,,,,,,,,
250,7000000,118.2097535,120.6498451,117.712137,2.064205032,-0.420960619,2.064205032,0.420960619,,,,,,,,,,,,,,,,,,,,,,,,,,,,,,,,,,,,,
255,7000000,114.9745438,117.2498705,114.5341165,1.978983022,-0.38306505,1.978983022,0.38306505,,,,,,,,,,,,,,,,,,,,,,,,,,,,,,,,,,,,,
260,7000000,111.950337,114.0766753,111.558847,1.899358549,-0.349699675,1.899358549,0.349699675,,,,,,,,,,,,,,,,,,,,,,,,,,,,,,,,,,,,,
265,7000000,109.11437,111.1055543,108.7650221,1.824859845,-0.320166723,1.824859845,0.320166723,,,,,,,,,,,,,,,,,,,,,,,,,,,,,,,,,,,,,
270,7000000,106.4472901,108.3155054,106.1344777,1.755061399,-0.293866001,1.755061399,0.293866001,,,,,,,,,,,,,,,,,,,,,,,,,,,,,,,,,,,,,
275,7000000,103.9325109,105.6885333,103.6515297,1.689579507,-0.270349705,1.689579507,0.270349705,,,,,,,,,,,,,,,,,,,,,,,,,,,,,,,,,,,,,
280,7000000,101.5557129,103.209109,101.3025883,1.628068007,-0.249247072,1.628068007,0.249247072,,,,,,,,,,,,,,,,,,,,,,,,,,,,,,,,,,,,,
285,7000000,99.30445152,100.8637442,99.07581852,1.570214326,-0.230234398,1.570214326,0.230234398,,,,,,,,,,,,,,,,,,,,,,,,,,,,,,,,,,,,,
290,7000000,97.16784615,98.64065405,96.96083312,1.515735881,-0.213046845,1.515735881,0.213046845,,,,,,,,,,,,,,,,,,,,,,,,,,,,,,,,,,,,,
295,7000000,95.13633075,96.52948515,94.94847111,1.464376846,-0.197463613,1.464376846,0.197463613,,,,,,,,,,,,,,,,,,,,,,,,,,,,,,,,,,,,,
300,7000000,93.20145218,94.52109644,93.03062019,1.415905259,-0.183293269,1.415905259,0.183293269,,,,,,,,,,,,,,,,,,,,,,,,,,,,,,,,,,,,,
305,7000000,91.35570555,92.60737963,91.20005803,1.370110467,-0.170375255,1.370110467,0.170375255,,,,,,,,,,,,,,,,,,,,,,,,,,,,,,,,,,,,,
310,7000000,89.59239889,90.78111159,89.45033109,1.326800842,-0.15857126,1.326800842,0.15857126,,,,,,,,,,,,,,,,,,,,,,,,,,,,,,,,,,,,,
315,7000000,87.90554099,89.035832,87.7756556,1.285801781,-0.14775563,1.285801781,0.14775563,,,,,,,,,,,,,,,,,,,,,,,,,,,,,,,,,,,,,
320,7000000,86.28974788,87.36574127,86.17081647,1.246953923,-0.137827969,1.246953923,0.137827969,,,,,,,,,,,,,,,,,,,,,,,,,,,,,,,,,,,,,
325,7000000,84.74016436,85.7656149,84.63109799,1.210111581,-0.128706813,1.210111581,0.128706813,,,,,,,,,,,,,,,,,,,,,,,,,,,,,,,,,,,,,
330,7000000,83.25239772,84.23073107,83.15224854,1.17514135,-0.120295844,1.17514135,0.120295844,,,,,,,,,,,,,,,,,,,,,,,,,,,,,,,,,,,,,
335,7000000,81.82246151,82.75680928,81.7303963,1.141920876,-0.112518264,1.141920876,0.112518264,,,,,,,,,,,,,,,,,,,,,,,,,,,,,,,,,,,,,
340,7000000,80.44672756,81.33995796,80.36197158,1.110337768,-0.105356649,1.110337768,0.105356649,,,,,,,,,,,,,,,,,,,,,,,,,,,,,,,,,,,,,
345,7000000,79.12188482,79.97662954,79.04376312,1.080288627,-0.098735887,1.080288627,0.098735887,,,,,,,,,,,,,,,,,,,,,,,,,,,,,,,,,,,,,
350,7000000,77.84490395,78.66358182,77.77287797,1.051678185,-0.092524981,1.051678185,0.092524981,,,,,,,,,,,,,,,,,,,,,,,,,,,,,,,,,,,,,
355,7000000,76.6130067,77.39784455,76.5465092,1.024418542,-0.086796614,1.024418542,0.086796614,,,,,,,,,,,,,,,,,,,,,,,,,,,,,,,,,,,,,
360,7000000,75.42363926,76.17669036,75.36209012,0.998428479,-0.081604583,0.998428479,0.081604583,,,,,,,,,,,,,,,,,,,,,,,,,,,,,,,,,,,,,
365,7000000,74.2744491,74.99760954,74.2175733,0.973632849,-0.076575188,0.973632849,0.076575188,,,,,,,,,,,,,,,,,,,,,,,,,,,,,,,,,,,,,
370,7000000,73.16326467,73.8582879,73.11077154,0.949962033,-0.071747925,0.949962033,0.071747925,,,,,,,,,,,,,,,,,,,,,,,,,,,,,,,,,,,,,
375,7000000,72.08807757,72.7565874,72.03919126,0.927351451,-0.067814686,0.927351451,0.067814686,,,,,,,,,,,,,,,,,,,,,,,,,,,,,,,,,,,,,
380,7000000,71.0470269,71.69052903,71.00155779,0.90574112,-0.063998599,0.90574112,0.063998599,,,,,,,,,,,,,,,,,,,,,,,,,,,,,,,,,,,,,
385,7000000,70.03838537,70.6582778,69.996926,0.885075264,-0.059195211,0.885075264,0.059195211,,,,,,,,,,,,,,,,,,,,,,,,,,,,,,,,,,,,,
390,7000000,69.06054705,69.65812932,69.02178082,0.865301957,-0.056133695,0.865301957,0.056133695,,,,,,,,,,,,,,,,,,,,,,,,,,,,,,,,,,,,,
395,7000000,68.11201644,68.68849802,68.07432105,0.846372801,-0.055343223,0.846372801,0.055343223,,,,,,,,,,,,,,,,,,,,,,,,,,,,,,,,,,,,,
400,7000000,67.19139874,67.74790655,67.16121605,0.82824264,-0.044920459,0.82824264,0.044920459,,,,,,,,,,,,,,,,,,,,,,,,,,,,,,,,,,,,,
60,10000000,1293.712838,1444.231431,1309.128115,11.63462158,1.191553244,11.63462158,1.191553244,4.352629409,2.551273658,,,,,,,,,,,,,,,,,,,,,,,,,,,,,,,,,,,
65,10000000,1272.422953,1424.852255,1286.170396,11.9794524,1.080414557,11.9794524,1.080414557,,,,,,,,,,,,,,,,,,,,,,,,,,,,,,,,,,,,,
70,10000000,1250.8718,1404.507929,1267.686907,12.28232412,1.344271009,12.28232412,1.344271009,,,,,,,,,,,,,,,,,,,,,,,,,,,,,,,,,,,,,
75,10000000,1229.155477,1383.140138,1247.174608,12.52767973,1.465976562,12.52767973,1.465976562,,,,,,,,,,,,,,,,,,,,,,,,,,,,,,,,,,,,,
80,10000000,1207.253096,1360.682686,1225.958661,12.70898301,1.549431968,12.70898301,1.549431968,,,,,,,,,,,,,,,,,,,,,,,,,,,,,,,,,,,,,
85,10000000,1185.100341,1337.060308,1205.487562,12.82254014,1.720294949,12.82254014,1.720294949,,,,,,,,,,,,,,,,,,,,,,,,,,,,,,,,,,,,,
90,10000000,1162.615979,1312.187151,1184.720081,12.86505384,1.901238402,12.86505384,1.901238402,,,,,,,,,,,,,,,,,,,,,,,,,,,,,,,,,,,,,
95,10000000,1139.710356,1285.964848,1163.284034,12.83260188,2.068392028,12.83260188,2.068392028,,,,,,,,,,,,,,,,,,,,,,,,,,,,,,,,,,,,,
100,10000000,1116.286536,1258.280051,1141.592117,12.72016733,2.266943159,12.72016733,2.266943159,,,,,,,,,,,,,,,,,,,,,,,,,,,,,,,,,,,,,
105,10000000,1092.238101,1229.001254,1119.541832,12.52136811,2.499796606,12.52136811,2.499796606,,,,,,,,,,,,,,,,,,,,,,,,,,,,,,,,,,,,,
110,10000000,1067.444973,1197.974664,1096.907159,12.22823602,2.760066028,12.22823602,2.760066028,,,,,,,,,,,,,,,,,,,,,,,,,,,,,,,,,,,,,
115,10000000,1041.767491,1165.018774,1073.481611,11.83097798,3.044260895,11.83097798,3.044260895,,,,,,,,,,,,,,,,,,,,,,,,,,,,,,,,,,,,,
120,10000000,1015.038261,1129.917144,1049.117648,11.31768997,3.357448557,11.31768997,3.357448557,,,,,,,,,,,,,,,,,,,,,,,,,,,,,,,,,,,,,
125,10000000,987.0507215,1092.408718,1024.153208,10.67402049,3.758923995,10.67402049,3.758923995,,,,,,,,,,,,,,,,,,,,,,,,,,,,,,,,,,,,,
130,10000000,957.5424917,1052.174696,997.9820496,9.882820354,4.2232651,9.882820354,4.2232651,,,,,,,,,,,,,,,,,,,,,,,,,,,,,,,,,,,,,
135,10000000,926.1701901,1008.820789,968.9638836,8.923910551,4.620499985,8.923910551,4.620499985,,,,,,,,,,,,,,,,,,,,,,,,,,,,,,,,,,,,,
140,10000000,892.4699178,961.8536171,938.5609139,7.774345993,5.164431331,7.774345993,5.164431331,,,,,,,,,,,,,,,,,,,,,,,,,,,,,,,,,,,,,
145,10000000,855.7933344,910.6513858,907.2644219,6.41019849,6.014429585,6.41019849,6.014429585,,,,,,,,,,,,,,,,,,,,,,,,,,,,,,,,,,,,,
150,10000000,815.2028519,854.4354536,862.1557844,4.812618309,5.759662441,4.812618309,5.759662441,,,,,,,,,,,,,,,,,,,,,,,,,,,,,,,,,,,,,
155,10000000,769.303793,792.2746064,785.4424504,2.985922277,2.097826313,2.985922277,2.097826313,,,,,,,,,,,,,,,,,,,,,,,,,,,,,,,,,,,,,
160,10000000,716.0109781,723.243753,681.8348694,1.010148606,-4.773126361,1.010148606,4.773126361,,,,,,,,,,,,,,,,,,,,,,,,,,,,,,,,,,,,,
165,10000000,652.496819,647.132461,580.6420809,-0.822127834,-11.01227408,0.822127834,11.01227408,,,,,,,,,,,,,,,,,,,,,,,,,,,,,,,,,,,,,
170,10000000,577.0103662,566.5048655,495.9772339,-1.820677994,-14.04361812,1.820677994,14.04361812,,,,,,,,,,,,,,,,,,,,,,,,,,,,,,,,,,,,,
175,10000000,495.4538204,489.199311,425.6288364,-1.262379881,-14.09313665,1.262379881,14.09313665,,,,,,,,,,,,,,,,,,,,,,,,,,,,,,,,,,,,,
180,10000000,423.2700611,424.4920704,372.5512515,0.288706761,-11.98261213,0.288706761,11.98261213,,,,,,,,,,,,,,,,,,,,,,,,,,,,,,,,,,,,,
185,10000000,369.1131984,374.919398,334.5249111,1.573013273,-9.370644961,1.573013273,9.370644961,,,,,,,,,,,,,,,,,,,,,,,,,,,,,,,,,,,,,
190,10000000,329.8485919,337.5020147,305.780017,2.320283608,-7.296855433,2.320283608,7.296855433,,,,,,,,,,,,,,,,,,,,,,,,,,,,,,,,,,,,,
195,10000000,300.4917887,308.6278557,282.9267909,2.707583818,-5.845416895,2.707583818,5.845416895,,,,,,,,,,,,,,,,,,,,,,,,,,,,,,,,,,,,,
200,10000000,277.6447592,285.6659601,264.3881411,2.889015764,-4.774668956,2.889015764,4.774668956,,,,,,,,,,,,,,,,,,,,,,,,,,,,,,,,,,,,,
205,10000000,259.2335183,266.8915268,248.9762545,2.954096574,-3.956766043,2.954096574,3.956766043,,,,,,,,,,,,,,,,,,,,,,,,,,,,,,,,,,,,,
210,10000000,243.9747642,251.1782329,235.8304191,2.952546671,-3.338191592,2.952546671,3.338191592,,,,,,,,,,,,,,,,,,,,,,,,,,,,,,,,,,,,,
215,10000000,231.0429656,237.7721212,224.4417834,2.912512634,-2.857123209,2.912512634,2.857123209,,,,,,,,,,,,,,,,,,,,,,,,,,,,,,,,,,,,,
220,10000000,219.8849228,226.1525343,214.4550176,2.85040531,-2.469430424,2.85040531,2.469430424,,,,,,,,,,,,,,,,,,,,,,,,,,,,,,,,,,,,,
225,10000000,210.1158929,215.9488257,205.5884992,2.776055055,-2.15471264,2.776055055,2.15471264,,,,,,,,,,,,,,,,,,,,,,,,,,,,,,,,,,,,,
230,10000000,201.459468,206.8897594,197.6386489,2.695475906,-1.896569614,2.695475906,1.896569614,,,,,,,,,,,,,,,,,,,,,,,,,,,,,,,,,,,,,
235,10000000,193.7114286,198.7719446,190.4559404,2.612399283,-1.680586559,2.612399283,1.680586559,,,,,,,,,,,,,,,,,,,,,,,,,,,,,,,,,,,,,
240,10000000,186.7171991,191.4395659,183.9203595,2.529154715,-1.497901406,2.529154715,1.497901406,,,,,,,,,,,,,,,,,,,,,,,,,,,,,,,,,,,,,
245,10000000,180.357304,184.770993,177.9362816,2.447191713,-1.342347863,2.447191713,1.342347863,,,,,,,,,,,,,,,,,,,,,,,,,,,,,,,,,,,,,
250,10000000,174.5376992,178.6697006,172.428367,2.367397677,-1.208525249,2.367397677,1.208525249,,,,,,,,,,,,,,,,,,,,,,,,,,,,,,,,,,,,,
255,10000000,169.1831661,173.0579617,167.3350484,2.290296219,-1.092376787,2.290296219,1.092376787,,,,,,,,,,,,,,,,,,,,,,,,,,,,,,,,,,,,,
260,10000000,164.2326903,167.8723716,162.6051772,2.216173464,-0.990979965,2.216173464,0.990979965,,,,,,,,,,,,,,,,,,,,,,,,,,,,,,,,,,,,,
265,10000000,159.6361577,163.0606085,158.1963778,2.145159876,-0.901913387,2.145159876,0.901913387,,,,,,,,,,,,,,,,,,,,,,,,,,,,,,,,,,,,,
270,10000000,155.351946,158.5790472,154.073099,2.077284035,-0.823193418,2.077284035,0.823193418,,,,,,,,,,,,,,,,,,,,,,,,,,,,,,,,,,,,,
275,10000000,151.3451395,154.3909732,150.2050896,2.012508404,-0.753278176,2.012508404,0.753278176,,,,,,,,,,,,,,,,,,,,,,,,,,,,,,,,,,,,,
280,10000000,147.5861839,150.4652263,146.5664979,1.950753319,-0.690908802,1.950753319,0.690908802,,,,,,,,,,,,,,,,,,,,,,,,,,,,,,,,,,,,,
285,10000000,144.0498586,146.7751568,143.1351007,1.891913182,-0.635028628,1.891913182,0.635028628,,,,,,,,,,,,,,,,,,,,,,,,,,,,,,,,,,,,,
290,10000000,140.7144819,143.2978132,139.8916254,1.835867435,-0.584770272,1.835867435,0.584770272,,,,,,,,,,,,,,,,,,,,,,,,,,,,,,,,,,,,,
295,10000000,137.5612883,140.0133017,136.8192653,1.782487974,-0.539412698,1.782487974,0.539412698,,,,,,,,,,,,,,,,,,,,,,,,,,,,,,,,,,,,,
300,10000000,134.5739357,136.9042774,133.9032948,1.731644158,-0.498343839,1.731644158,0.498343839,,,,,,,,,,,,,,,,,,,,,,,,,,,,,,,,,,,,,
305,10000000,131.7381115,133.9555355,131.1307337,1.683206145,-0.461049483,1.683206145,0.461049483,,,,,,,,,,,,,,,,,,,,,,,,,,,,,,,,,,,,,
310,10000000,129.041215,131.1536804,128.4900915,1.63704708,-0.427091033,1.63704708,0.427091033,,,,,,,,,,,,,,,,,,,,,,,,,,,,,,,,,,,,,
315,10000000,126.4720986,128.4868554,125.9711626,1.593044479,-0.39608419,1.593044479,0.39608419,,,,,,,,,,,,,,,,,,,,,,,,,,,,,,,,,,,,,
320,10000000,124.0208565,125.9445206,123.5648196,1.55108107,-0.367709825,1.55108107,0.367709825,,,,,,,,,,,,,,,,,,,,,,,,,,,,,,,,,,,,,
325,10000000,121.6786493,123.5172688,121.2628733,1.511045245,-0.341700069,1.511045245,0.341700069,,,,,,,,,,,,,,,,,,,,,,,,,,,,,,,,,,,,,
330,10000000,119.4375586,121.1966723,119.0580006,1.472831246,-0.317787799,1.472831246,0.317787799,,,,,,,,,,,,,,,,,,,,,,,,,,,,,,,,,,,,,
335,10000000,117.2904654,118.9751543,116.9435783,1.436339183,-0.295750474,1.436339183,0.295750474,,,,,,,,,,,,,,,,,,,,,,,,,,,,,,,,,,,,,
340,10000000,115.2309475,116.8458803,114.9135302,1.401474916,-0.275461851,1.401474916,0.275461851,,,,,,,,,,,,,,,,,,,,,,,,,,,,,,,,,,,,,
345,10000000,113.2531933,114.8026667,112.962439,1.368149877,-0.256729375,1.368149877,0.256729375,,,,,,,,,,,,,,,,,,,,,,,,,,,,,,,,,,,,,
350,10000000,111.3519273,112.8399018,111.0854676,1.336280827,-0.239295076,1.336280827,0.239295076,,,,,,,,,,,,,,,,,,,,,,,,,,,,,,,,,,,,,
355,10000000,109.5223479,110.9524794,109.2779064,1.305789598,-0.223188776,1.305789598,0.223188776,,,,,,,,,,,,,,,,,,,,,,,,,,,,,,,,,,,,,
360,10000000,107.7600729,109.135741,107.535477,1.276602813,-0.208422192,1.276602813,0.208422192,,,,,,,,,,,,,,,,,,,,,,,,,,,,,,,,,,,,,
365,10000000,106.0610927,107.3854262,105.8548777,1.248651607,-0.194430353,1.248651607,0.194430353,,,,,,,,,,,,,,,,,,,,,,,,,,,,,,,,,,,,,
370,10000000,104.4217302,105.6976294,104.2324984,1.221871351,-0.181218752,1.221871351,0.181218752,,,,,,,,,,,,,,,,,,,,,,,,,,,,,,,,,,,,,
375,10000000,102.8386055,104.0687623,102.6641012,1.196201385,-0.169687563,1.196201385,0.169687563,,,,,,,,,,,,,,,,,,,,,,,,,,,,,,,,,,,,,
380,10000000,101.3086054,102.4955216,101.1477902,1.171584757,-0.15873794,1.171584757,0.15873794,,,,,,,,,,,,,,,,,,,,,,,,,,,,,,,,,,,,,
385,10000000,99.82885643,100.9748597,99.68227774,1.147967981,-0.146829977,1.147967981,0.146829977,,,,,,,,,,,,,,,,,,,,,,,,,,,,,,,,,,,,,
390,10000000,98.39670128,99.50396016,98.26125629,1.125300809,-0.137651966,1.125300809,0.137651966,,,,,,,,,,,,,,,,,,,,,,,,,,,,,,,,,,,,,
395,10000000,97.00967816,98.08021489,96.88172755,1.103536005,-0.13189469,1.103536005,0.13189469,,,,,,,,,,,,,,,,,,,,,,,,,,,,,,,,,,,,,
400,10000000,95.66550232,96.70120493,95.55709403,1.082629151,-0.113320152,1.082629151,0.113320152,,,,,,,,,,,,,,,,,,,,,,,,,,,,,,,,,,,,,
