Tr,Pr,bias corrected model,Nist,bias uncorrected model, upper,lower,bias,PR_alpha,,,,
0.723379154,0.013555095,1.242761608,1.267730986,1.054055512,1.25996705,1.225556165,0.188706095,1.222365456,1.135820883,1.222365456,1.115125043,1.222365456
0.73996255,0.013555095,1.229172937,1.235772065,1.047167955,1.24637838,1.211967494,0.182004982,1.207269026,1.140844585,1.207269026,1.114012458,1.207269026
0.756545945,0.013555095,1.209169934,1.205983776,1.040280398,1.226375377,1.191964492,0.168889537,1.192433074,1.145618228,1.192433074,1.111879218,1.192433074
0.773129341,0.013555095,1.184721433,1.178136462,1.03339284,1.201926875,1.16751599,0.151328593,1.177849079,1.148254847,1.177849079,1.108553405,1.177849079
0.789712736,0.013555095,1.157971821,1.152031713,1.026505283,1.175177263,1.140766378,0.131466538,1.163508978,1.146700075,1.163508978,1.104215797,1.163508978
0.806296132,0.013555095,1.130853173,1.127497178,1.019617725,1.148058616,1.113647731,0.111235448,1.149405127,1.139399203,1.149405127,1.099468908,1.149405127
0.822879528,0.013555095,1.104834105,1.104382382,1.012730168,1.122039547,1.087628662,0.092103936,1.135530274,1.125868859,1.135530274,1.095200656,1.135530274
0.839462923,0.013555095,1.080814735,1.082555329,1.005842611,1.098020178,1.063609293,0.074972124,1.12187753,1.10691673,1.12187753,1.092214261,1.12187753
0.856046319,0.013555095,1.059137469,1.061899727,0.998955053,1.076342912,1.041932027,0.060182416,1.108440345,1.084403529,1.108440345,1.090736541,1.108440345
0.872629715,0.013555095,1.039677797,1.042312713,0.992067496,1.05688324,1.022472355,0.047610302,1.095212485,1.060647727,1.095212485,1.090040061,1.095212485
0.88921311,0.013555095,1.021990057,1.023702961,0.985179939,1.0391955,1.004784615,0.036810119,1.08218801,1.037726927,1.08218801,1.088428538,1.08218801
0.905796506,0.013555095,1.005487162,1.005989103,0.978292381,1.022692604,0.988281719,0.027194781,1.069361258,1.016954537,1.069361258,1.0836964,1.069361258
0.922379901,0.013555095,0.989623361,0.989098407,0.971404824,1.006828804,0.972417919,0.018218537,1.056726821,0.998704664,1.056726821,1.073933292,1.056726821
0.938963297,0.013555095,0.974036914,0.97296567,0.964517266,0.991242357,0.956831471,0.009519648,1.044279536,0.982588224,1.044279536,1.058332932,1.044279536
0.955546693,0.013555095,0.95861282,0.957532316,0.957629709,0.975818263,0.941407378,0.000983111,1.032014466,0.967839302,1.032014466,1.037617342,1.032014466
0.972130088,0.013555095,0.943451226,0.942745621,0.950742152,0.960656669,0.926245784,-0.007290926,1.019926889,0.953715647,1.019926889,1.013850483,1.019926889
0.988713484,0.013555095,0.928764031,0.928558007,0.943854594,0.945969474,0.911558589,-0.015090563,1.008012281,0.939758496,1.008012281,0.989710962,1.008012281
1.00529688,0.013555095,0.914750165,0.914926387,0.936967037,0.931955608,0.897544723,-0.022216871,0.996266308,0.925854613,0.996266308,0.967558223,0.996266308
1.021880275,0.013555095,0.90150339,0.901811587,0.93007948,0.918708832,0.884297947,-0.02857609,0.984684814,0.912139915,0.984684814,0.948712534,0.984684814
1.038463671,0.013555095,0.888984612,0.889177894,0.923191922,0.906190054,0.871779169,-0.034207311,0.973263812,0.8988367,0.973263812,0.933235524,0.973263812
1.055047066,0.013555095,0.877057043,0.876992702,0.916304365,0.894262485,0.8598516,-0.039247322,0.961999472,0.88611437,0.961999472,0.92023228,0.961999472
1.071630462,0.013555095,0.865555213,0.865226236,0.909416807,0.882760655,0.84834977,-0.043861595,0.950888114,0.874023686,0.950888114,0.908452419,0.950888114
1.088213858,0.013555095,0.854350056,0.853851281,0.90252925,0.871555499,0.837144614,-0.048179194,0.9399262,0.862506251,0.9399262,0.896870703,0.9399262
1.104797253,0.013555095,0.843382631,0.84284292,0.895641693,0.860588073,0.826177188,-0.052259062,0.929110329,0.851448112,0.929110329,0.885004035,0.929110329
1.121380649,0.013555095,0.832659606,0.832178294,0.888754135,0.849865048,0.815454163,-0.056094529,0.918437222,0.840738342,0.918437222,0.872899787,0.918437222
1.137964045,0.013555095,0.822222434,0.821836383,0.881866578,0.839427876,0.805016991,-0.059644144,0.907903725,0.830305413,0.907903725,0.860898394,0.907903725
1.15454744,0.013555095,0.812110782,0.811797819,0.874979021,0.829316225,0.79490534,-0.062868238,0.897506797,0.82012376,0.897506797,0.849348629,0.897506797
1.171130836,0.013555095,0.802337869,0.802044726,0.868091463,0.819543312,0.785132427,-0.065753594,0.887243506,0.810198762,0.887243506,0.838422525,0.887243506
1.187714231,0.013555095,0.792885162,0.792560582,0.861203906,0.810090605,0.775679719,-0.068318744,0.877111023,0.800544778,0.877111023,0.82808327,0.877111023
1.204297627,0.013555095,0.783713144,0.783330096,0.854316348,0.800918587,0.766507702,-0.070603204,0.867106618,0.791168382,0.867106618,0.818168375,0.867106618
1.220881023,0.013555095,0.774778614,0.774339094,0.847428791,0.791984057,0.757573172,-0.072650177,0.857227655,0.782062055,0.857227655,0.808506812,0.857227655
1.237464418,0.013555095,0.766048831,0.765574426,0.840541234,0.783254274,0.748843389,-0.074492402,0.847471585,0.773206964,0.847471585,0.798999727,0.847471585
1.254047814,0.013555095,0.757507131,0.757023873,0.833653676,0.774712573,0.740301688,-0.076146545,0.837835947,0.764580009,0.837835947,0.789636757,0.837835947
1.270631209,0.013555095,0.749150069,0.748676069,0.826766119,0.766355512,0.731944627,-0.07761605,0.82831836,0.75616032,0.82831836,0.780462121,0.82831836
1.287214605,0.013555095,0.740979955,0.740520427,0.819878562,0.758185397,0.723774512,-0.078898607,0.81891652,0.747932562,0.81891652,0.771525286,0.81891652
1.303798001,0.013555095,0.732997509,0.732547077,0.812991004,0.750202952,0.715792066,-0.079993495,0.809628197,0.739886834,0.809628197,0.762846807,0.809628197
1.320381396,0.013555095,0.725197872,0.724746806,0.806103447,0.742403314,0.707992429,-0.080905575,0.800451232,0.73201656,0.800451232,0.754411627,0.800451232
1.336964792,0.013555095,0.717570655,0.717111004,0.799215889,0.734776098,0.700365212,-0.081645234,0.791383534,0.724316075,0.791383534,0.746183719,0.791383534
1.353548188,0.013555095,0.710102702,0.709631617,0.792328332,0.727308144,0.692897259,-0.08222563,0.782423076,0.716779048,0.782423076,0.738127074,0.782423076
1.370131583,0.013555095,0.702781426,0.702301104,0.785440775,0.719986868,0.685575983,-0.082659349,0.773567893,0.709398084,0.773567893,0.730219886,0.773567893
1.386714979,0.013555095,0.695597021,0.695112397,0.778553217,0.712802464,0.678391579,-0.082956196,0.76481608,0.702165154,0.76481608,0.722456812,0.76481608
1.403298374,0.013555095,0.688542906,0.688058865,0.77166566,0.705748348,0.671337463,-0.083122754,0.756165787,0.695072335,0.756165787,0.714842109,0.756165787
1.41988177,0.013555095,0.681614756,0.68113428,0.764778102,0.698820198,0.664409313,-0.083163347,0.747615221,0.688112376,0.747615221,0.707380283,0.747615221
1.436465166,0.013555095,0.674809019,0.674332789,0.757890545,0.692014462,0.657603577,-0.083081526,0.739162638,0.681278925,0.739162638,0.700069924,0.739162638
1.453048561,0.013555095,0.668121738,0.667648886,0.751002988,0.68532718,0.650916295,-0.08288125,0.730806348,0.674566436,0.730806348,0.692902904,0.730806348
1.469631957,0.013555095,0.661548091,0.661077387,0.74411543,0.678753533,0.644342648,-0.08256734,0.722544707,0.667969909,0.722544707,0.685867567,0.722544707
1.486215353,0.013555095,0.655082619,0.654613408,0.737227873,0.672288061,0.637877176,-0.082145254,0.714376116,0.661484641,0.714376116,0.678952931,0.714376116
1.502798748,0.013555095,0.648719788,0.648252342,0.730340316,0.665925231,0.631514346,-0.081620527,0.706299023,0.655106067,0.706299023,0.672151382,0.706299023
1.519382144,0.013555095,0.642454518,0.64198984,0.723452758,0.659659961,0.625249076,-0.08099824,0.698311917,0.648829724,0.698311917,0.66545891,0.698311917
1.535965539,0.013555095,0.636282438,0.635821797,0.716565201,0.653487881,0.619076996,-0.080282762,0.690413329,0.642651287,0.690413329,0.658873563,0.690413329
1.552548935,0.013555095,0.630199842,0.629744332,0.709677643,0.647405285,0.6129944,-0.079477801,0.682601829,0.636566643,0.682601829,0.652393455,0.682601829
1.569132331,0.013555095,0.624203454,0.623753773,0.702790086,0.641408896,0.606998011,-0.078586632,0.674876026,0.630571935,0.674876026,0.646015505,0.674876026
1.585715726,0.013555095,0.61829017,0.617846645,0.695902529,0.635495613,0.601084727,-0.077612359,0.667234564,0.624663572,0.667234564,0.639735306,0.667234564
1.602299122,0.013555095,0.612456897,0.612019656,0.689014971,0.62966234,0.595251455,-0.076558074,0.659676125,0.618838206,0.659676125,0.633547833,0.659676125
1.618882518,0.013555095,0.606700516,0.606269687,0.682127414,0.623905959,0.589495073,-0.075426898,0.652199421,0.61309269,0.652199421,0.62744834,0.652199421
1.635465913,0.013555095,0.601017944,0.600593779,0.675239857,0.618223387,0.583812502,-0.074221912,0.644803201,0.607424028,0.644803201,0.62143294,0.644803201
1.652049309,0.013555095,0.59540623,0.594989123,0.668352299,0.612611672,0.578200787,-0.07294607,0.637486244,0.601829353,0.637486244,0.615498648,0.637486244
1.668632704,0.013555095,0.589862618,0.589453052,0.661464742,0.60706806,0.572657175,-0.071602124,0.630247358,0.596305917,0.630247358,0.609643042,0.630247358
1.6852161,0.013555095,0.58438457,0.583983032,0.654577184,0.601590013,0.567179127,-0.070192614,0.623085384,0.590851092,0.623085384,0.603863825,0.623085384
1.701799496,0.013555095,0.578969736,0.578576653,0.647689627,0.596175178,0.561764293,-0.068719891,0.615999188,0.585462387,0.615999188,0.598158539,0.615999188
1.718382891,0.013555095,0.573615907,0.573231623,0.64080207,0.59082135,0.556410464,-0.067186163,0.608987665,0.580137445,0.608987665,0.592524521,0.608987665
1.734966287,0.013555095,0.568320972,0.567945761,0.633914512,0.585526415,0.55111553,-0.06559354,0.602049737,0.574874044,0.602049737,0.586959035,0.602049737
1.751549683,0.013555095,0.56308289,0.562716987,0.627026955,0.580288332,0.545877447,-0.063944065,0.595184352,0.569670076,0.595184352,0.581459466,0.595184352
1.768133078,0.013555095,0.557899678,0.557543321,0.620139398,0.57510512,0.540694235,-0.06223972,0.588390481,0.564523524,0.588390481,0.576023433,0.588390481
1.784716474,0.013555095,0.55276942,0.552422876,0.61325184,0.569974862,0.535563977,-0.06048242,0.581667121,0.559432443,0.581667121,0.57064881,0.581667121
1.801299869,0.013555095,0.547690278,0.547353848,0.606364283,0.56489572,0.530484835,-0.058674005,0.575013291,0.55439496,0.575013291,0.565333662,0.575013291
1.817883265,0.013555095,0.54266051,0.54233452,0.599476725,0.559865952,0.525455067,-0.056816216,0.568428034,0.549409279,0.568428034,0.560076164,0.568428034
1.834466661,0.013555095,0.537678482,0.537363249,0.592589168,0.554883924,0.520473039,-0.054910686,0.561910412,0.544473708,0.561910412,0.554874543,0.561910412
1.851050056,0.013555095,0.53274267,0.532438466,0.585701611,0.549948113,0.515537228,-0.052958941,0.555459511,0.539586665,0.555459511,0.549727054,0.555459511
1.867633452,0.013555095,0.527851645,0.527558673,0.578814053,0.545057087,0.510646202,-0.050962409,0.549074437,0.534746676,0.549074437,0.544631994,0.549074437
1.884216848,0.013555095,0.523004033,0.522722434,0.571926496,0.540209475,0.50579859,-0.048922463,0.542754314,0.529952333,0.542754314,0.539587698,0.542754314
1.900800243,0.013555095,0.518198477,0.517928379,0.565038939,0.53540392,0.500993035,-0.046840461,0.536498287,0.525202244,0.536498287,0.534592543,0.536498287
1.917383639,0.013555095,0.513433608,0.513175193,0.558151381,0.530639051,0.496228165,-0.044717773,0.530305519,0.520494993,0.530305519,0.529644951,0.530305519
1.933967034,0.013555095,0.508708057,0.50846162,0.551263824,0.525913499,0.491502614,-0.042555767,0.524175191,0.515829155,0.524175191,0.524743421,0.524175191
1.95055043,0.013555095,0.504020515,0.503786454,0.544376266,0.521225958,0.486815073,-0.040355751,0.518106501,0.511203365,0.518106501,0.519886575,0.518106501
1.967133826,0.013555095,0.499369823,0.499148541,0.537488709,0.516575266,0.48216438,-0.038118886,0.512098665,0.506616423,0.512098665,0.515073205,0.512098665
1.983717221,0.013555095,0.494755016,0.494546773,0.530601152,0.511960458,0.477549573,-0.035846136,0.506150916,0.502067356,0.506150916,0.51030226,0.506150916
2.000300617,0.013555095,0.490175293,0.489980088,0.523713594,0.507380736,0.472969851,-0.033538301,0.500262501,0.497555377,0.500262501,0.505572751,0.500262501
2.016884013,0.013555095,0.485629878,0.485447466,0.516826037,0.502835321,0.468424435,-0.031196159,0.494432684,0.493079715,0.494432684,0.500883599,0.494432684
2.033467408,0.013555095,0.481117821,0.48094793,0.509938479,0.498323263,0.463912378,-0.028820659,0.488660743,0.488639381,0.488660743,0.496233501,0.488660743
2.050050804,0.013555095,0.476637877,0.476480538,0.503050922,0.49384332,0.459432435,-0.026413045,0.482945973,0.48423303,0.482945973,0.491620932,0.482945973
2.066634199,0.013555095,0.472188582,0.472044387,0.496163365,0.489394025,0.45498314,-0.023974782,0.47728768,0.479859063,0.47728768,0.487044361,0.47728768
2.083217595,0.013555095,0.467768556,0.46763861,0.489275807,0.484973998,0.450563113,-0.021507252,0.471685187,0.475516007,0.471685187,0.482502605,0.471685187
2.099800991,0.013555095,0.463376921,0.463262372,0.48238825,0.480582364,0.446171479,-0.019011329,0.466137828,0.471203024,0.466137828,0.477995131,0.466137828
2.116384386,0.013555095,0.459013568,0.458914869,0.475500693,0.47621901,0.441808125,-0.016487125,0.460644951,0.46692019,0.460644951,0.473522038,0.460644951
2.132967782,0.013555095,0.454678974,0.45459533,0.468613135,0.471884417,0.437473531,-0.013934161,0.455205918,0.462668231,0.455205918,0.469083586,0.455205918
2.149551178,0.013555095,0.450373524,0.45030301,0.461725578,0.467578967,0.433168082,-0.011352054,0.449820102,0.458447635,0.449820102,0.46467938,0.449820102
2.166134573,0.013555095,0.446096586,0.446037193,0.45483802,0.463302029,0.428891144,-0.008741434,0.444486887,0.454257534,0.444486887,0.460307691,0.444486887
2.182717969,0.013555095,0.441845954,0.441797189,0.447950463,0.459051397,0.424640511,-0.006104509,0.439205672,0.450095098,0.439205672,0.455965471,0.439205672
2.199301364,0.013555095,0.437618249,0.437582334,0.441062906,0.454823692,0.420412807,-0.003444656,0.433975864,0.445956192,0.433975864,0.45164942,0.433975864
2.21588476,0.013555095,0.433410437,0.433391987,0.434175348,0.450615879,0.416204994,-0.000764911,0.428796884,0.441837406,0.428796884,0.447357794,0.428796884
2.232468156,0.013555095,0.429221811,0.429225529,0.427287791,0.446427254,0.412016369,0.00193402,0.423668161,0.437738564,0.423668161,0.44309193,0.423668161
2.249051551,0.013555095,0.425055153,0.425082364,0.420400234,0.442260596,0.40784971,0.004654919,0.418589137,0.433663999,0.418589137,0.438856198,0.418589137
2.265634947,0.013555095,0.420915761,0.420961918,0.413512676,0.438121203,0.403710318,0.007403085,0.413559263,0.429620993,0.413559263,0.434655608,0.413559263
2.282218343,0.013555095,0.416808096,0.416863636,0.406625119,0.434013538,0.399602653,0.010182977,0.408578,0.425615156,0.408578,0.430491768,0.408578
2.298801738,0.013555095,0.412731499,0.41278698,0.399737561,0.429936942,0.395526057,0.012993938,0.40364482,0.421644793,0.40364482,0.426359463,0.40364482
2.315385134,0.013555095,0.408677862,0.408731435,0.392850004,0.425883304,0.391472419,0.015827858,0.398759203,0.417698098,0.398759203,0.422246793,0.398759203
2.331968529,0.013555095,0.404633987,0.404696499,0.385962447,0.421839429,0.387428544,0.01867154,0.393920639,0.413756733,0.393920639,0.418140532,0.393920639
2.348551925,0.013555095,0.400589069,0.400681689,0.379074889,0.417794511,0.383383626,0.02151418,0.389128627,0.409806172,0.389128627,0.414035176,0.389128627
2.365135321,0.013555095,0.396543914,0.396686539,0.372187332,0.413749356,0.379338471,0.024356582,0.384382675,0.405848233,0.384382675,0.40994058,0.384382675
2.381718716,0.013555095,0.392515554,0.392710596,0.365299775,0.409720997,0.375310112,0.02721578,0.379682299,0.401907324,0.379682299,0.405881641,0.379682299
2.398302112,0.013555095,0.388531432,0.388753424,0.358412217,0.405736874,0.371325989,0.030119214,0.375027025,0.398022659,0.375027025,0.401886313,0.375027025
2.414885508,0.013555095,0.384612582,0.384814599,0.35152466,0.401818024,0.367407139,0.033087922,0.370416384,0.394225635,0.370416384,0.397965339,0.370416384
2.431468903,0.013555095,0.38075351,0.380893712,0.344637102,0.397958953,0.363548068,0.036116408,0.365849918,0.390512343,0.365849918,0.394094955,0.365849918
2.448052299,0.013555095,0.3769127,0.376990368,0.337749545,0.394118142,0.359707257,0.039163155,0.361327177,0.386829396,0.361327177,0.39021713,0.361327177
2.464635694,0.013555095,0.373026315,0.373104183,0.330861988,0.390231758,0.355820873,0.042164328,0.356847715,0.383089773,0.356847715,0.386265827,0.356847715
2.48121909,0.013555095,0.369046232,0.369234786,0.32397443,0.386251675,0.35184079,0.045071802,0.352411098,0.379220895,0.352411098,0.382212729,0.352411098
2.497802486,0.013555095,0.364985943,0.365381816,0.317086873,0.382191386,0.347780501,0.04789907,0.348016897,0.375224829,0.348016897,0.378108595,0.348016897
2.514385881,0.013555095,0.360944276,0.361544924,0.310199316,0.378149718,0.343738833,0.05074496,0.343664689,0.371212956,0.343664689,0.374088127,0.343664689
2.530969277,0.013555095,0.357078211,0.357723773,0.303311758,0.374283653,0.339872768,0.053766453,0.33935406,0.367378504,0.33935406,0.37031607,0.33935406
2.547552673,0.013555095,0.353516971,0.353918035,0.296424201,0.370722414,0.336311529,0.05709277,0.335084602,0.36389582,0.335084602,0.366880103,0.335084602
2.564136068,0.013555095,0.350242755,0.350127392,0.289536643,0.367448198,0.333037313,0.060706112,0.330855914,0.360776113,0.330855914,0.363669819,0.330855914
2.580719464,0.013555095,0.346991638,0.346351534,0.282649086,0.36419708,0.329786195,0.064342552,0.3266676,0.357744295,0.3266676,0.360301632,0.3266676
2.597302859,0.013555095,0.343232828,0.342590164,0.275761529,0.36043827,0.326027385,0.067471299,0.322519273,0.354207819,0.322519273,0.356141371,0.322519273
2.613886255,0.013555095,0.338257948,0.33884299,0.268873971,0.355463391,0.321052506,0.069383977,0.31841055,0.349356688,0.31841055,0.350438642,0.31841055
2.630469651,0.013555095,0.331364133,0.335109731,0.261986414,0.348569576,0.314158691,0.069377719,0.314341054,0.342376232,0.314341054,0.342536207,0.314341054
0.723379154,0.135550947,1.135820883,1.130835188,1.055747293,1.153026325,1.11861544,0.08007359,1.222365456,,,,
0.73996255,0.135550947,1.140844585,1.127317531,1.048859736,1.158050027,1.123639142,0.091984849,1.207269026,,,,
0.756545945,0.135550947,1.145618228,1.124063304,1.041972178,1.162823671,1.128412785,0.10364605,1.192433074,,,,
0.773129341,0.135550947,1.148254847,1.203456409,1.035084621,1.16546029,1.131049405,0.113170226,1.177849079,,,,
0.789712736,0.135550947,1.146700075,1.174311432,1.028197064,1.163905518,1.129494633,0.118503012,1.163508978,,,,
0.806296132,0.135550947,1.139399203,1.147369685,1.021309506,1.156604646,1.12219376,0.118089697,1.149405127,,,,
0.822879528,0.135550947,1.125868859,1.122354581,1.014421949,1.143074302,1.108663417,0.11144691,1.135530274,,,,
0.839462923,0.135550947,1.10691673,1.099017465,1.007534392,1.124122172,1.089711287,0.099382338,1.12187753,,,,
0.856046319,0.135550947,1.084403529,1.077147578,1.000646834,1.101608971,1.067198086,0.083756694,1.108440345,,,,
0.872629715,0.135550947,1.060647727,1.056569696,0.993759277,1.07785317,1.043442284,0.06688845,1.095212485,,,,
0.88921311,0.135550947,1.037726927,1.037138684,0.986871719,1.05493237,1.020521485,0.050855208,1.08218801,,,,
0.905796506,0.135550947,1.016954537,1.018733684,0.979984162,1.03415998,0.999749094,0.036970375,1.069361258,,,,
0.922379901,0.135550947,0.998704664,1.001253008,0.973096605,1.015910107,0.981499222,0.02560806,1.056726821,,,,
0.938963297,0.135550947,0.982588224,0.984610112,0.966209047,0.999793666,0.965382781,0.016379177,1.044279536,,,,
0.955546693,0.135550947,0.967839302,0.968730569,0.95932149,0.985044745,0.950633859,0.008517812,1.032014466,,,,
0.972130088,0.135550947,0.953715647,0.953549796,0.952433932,0.97092109,0.936510205,0.001281715,1.019926889,,,,
0.988713484,0.135550947,0.939758496,0.939011257,0.945546375,0.956963938,0.922553053,-0.005787879,1.008012281,,,,
1.00529688,0.135550947,0.925854613,0.925064976,0.938658818,0.943060055,0.90864917,-0.012804205,0.996266308,,,,
1.021880275,0.135550947,0.912139915,0.911666356,0.93177126,0.929345357,0.894934472,-0.019631345,0.984684814,,,,
1.038463671,0.135550947,0.8988367,0.898775318,0.924883703,0.916042143,0.881631257,-0.026047003,0.973263812,,,,
1.055047066,0.135550947,0.88611437,0.886355708,0.917996146,0.903319813,0.868908928,-0.031881775,0.961999472,,,,
1.071630462,0.135550947,0.874023686,0.874374863,0.911108588,0.891229128,0.856818243,-0.037084903,0.950888114,,,,
1.088213858,0.135550947,0.862506251,0.862803213,0.904221031,0.879711693,0.845300808,-0.04171478,0.9399262,,,,
1.104797253,0.135550947,0.851448112,0.851613916,0.897333473,0.868653555,0.83424267,-0.045885361,0.929110329,,,,
1.121380649,0.135550947,0.840738342,0.840782514,0.890445916,0.857943785,0.823532899,-0.049707574,0.918437222,,,,
1.137964045,0.135550947,0.830305413,0.830286641,0.883558359,0.847510856,0.813099971,-0.053252946,0.907903725,,,,
1.15454744,0.135550947,0.82012376,0.820105779,0.876670801,0.837329202,0.802918317,-0.056547042,0.897506797,,,,
1.171130836,0.135550947,0.810198762,0.810221059,0.869783244,0.827404204,0.792993319,-0.059584482,0.887243506,,,,
1.187714231,0.135550947,0.800544778,0.800615096,0.862895687,0.81775022,0.783339335,-0.062350909,0.877111023,,,,
1.204297627,0.135550947,0.791168382,0.791271843,0.856008129,0.808373825,0.773962939,-0.064839747,0.867106618,,,,
1.220881023,0.135550947,0.782062055,0.782176463,0.849120572,0.799267498,0.764856612,-0.067058517,0.857227655,,,,
1.237464418,0.135550947,0.773206964,0.773315219,0.842233014,0.790412407,0.756001522,-0.06902605,0.847471585,,,,
1.254047814,0.135550947,0.764580009,0.764675372,0.835345457,0.781785451,0.747374566,-0.070765448,0.837835947,,,,
1.270631209,0.135550947,0.75616032,0.756245093,0.8284579,0.773365762,0.738954877,-0.07229758,0.82831836,,,,
1.287214605,0.135550947,0.747932562,0.74801338,0.821570342,0.765138004,0.730727119,-0.073637781,0.81891652,,,,
1.303798001,0.135550947,0.739886834,0.739969992,0.814682785,0.757092276,0.722681391,-0.074795951,0.809628197,,,,
1.320381396,0.135550947,0.73201656,0.73210538,0.807795228,0.749222003,0.714811118,-0.075778667,0.800451232,,,,
1.336964792,0.135550947,0.724316075,0.724410632,0.80090767,0.741521517,0.707110632,-0.076591595,0.791383534,,,,
1.353548188,0.135550947,0.716779048,0.716877418,0.794020113,0.733984491,0.699573605,-0.077241065,0.782423076,,,,
1.370131583,0.135550947,0.709398084,0.709497947,0.787132555,0.726603526,0.692192641,-0.077734472,0.773567893,,,,
1.386714979,0.135550947,0.702165154,0.702264923,0.780244998,0.719370597,0.684959712,-0.078079844,0.76481608,,,,
1.403298374,0.135550947,0.695072335,0.695171506,0.773357441,0.712277778,0.677866892,-0.078285106,0.756165787,,,,
1.41988177,0.135550947,0.688112376,0.688211277,0.766469883,0.705317818,0.670906933,-0.078357508,0.747615221,,,,
1.436465166,0.135550947,0.681278925,0.681378206,0.759582326,0.698484368,0.664073483,-0.078303401,0.739162638,,,,
1.453048561,0.135550947,0.674566436,0.674666625,0.752694769,0.691771878,0.657360993,-0.078128333,0.730806348,,,,
1.469631957,0.135550947,0.667969909,0.668071201,0.745807211,0.685175351,0.650764466,-0.077837302,0.722544707,,,,
1.486215353,0.135550947,0.661484641,0.66158691,0.738919654,0.678690083,0.644279198,-0.077435013,0.714376116,,,,
1.502798748,0.135550947,0.655106067,0.655209016,0.732032096,0.67231151,0.637900625,-0.076926029,0.706299023,,,,
1.519382144,0.135550947,0.648829724,0.648933052,0.725144539,0.666035166,0.631624281,-0.076314815,0.698311917,,,,
1.535965539,0.135550947,0.642651287,0.6427548,0.718256982,0.65985673,0.625445844,-0.075605695,0.690413329,,,,
1.552548935,0.135550947,0.636566643,0.636670274,0.711369424,0.653772086,0.619361201,-0.074802781,0.682601829,,,,
1.569132331,0.135550947,0.630571935,0.630675707,0.704481867,0.647777377,0.613366492,-0.073909932,0.674876026,,,,
1.585715726,0.135550947,0.624663572,0.624767532,0.697594309,0.641869014,0.607458129,-0.072930738,0.667234564,,,,
1.602299122,0.135550947,0.618838206,0.618942373,0.690706752,0.636043649,0.601632764,-0.071868546,0.659676125,,,,
1.618882518,0.135550947,0.61309269,0.613197028,0.683819195,0.630298132,0.595887247,-0.070726505,0.652199421,,,,
1.635465913,0.135550947,0.607424028,0.607528464,0.676931637,0.62462947,0.590218585,-0.06950761,0.644803201,,,,
1.652049309,0.135550947,0.601829353,0.601933801,0.67004408,0.619034796,0.58462391,-0.068214727,0.637486244,,,,
1.668632704,0.135550947,0.596305917,0.596410305,0.663156523,0.613511359,0.579100474,-0.066850606,0.630247358,,,,
1.6852161,0.135550947,0.590851092,0.59095538,0.656268965,0.608056535,0.57364565,-0.065417873,0.623085384,,,,
1.701799496,0.135550947,0.585462387,0.585566554,0.649381408,0.602667829,0.568256944,-0.063919021,0.615999188,,,,
1.718382891,0.135550947,0.580137445,0.580241481,0.64249385,0.597342888,0.562932002,-0.062356405,0.608987665,,,,
1.734966287,0.135550947,0.574874044,0.574977922,0.635606293,0.592079487,0.557668602,-0.060732249,0.602049737,,,,
1.751549683,0.135550947,0.569670076,0.56977375,0.628718736,0.586875519,0.552464634,-0.059048659,0.595184352,,,,
1.768133078,0.135550947,0.564523524,0.564626936,0.621831178,0.581728966,0.547318081,-0.057307655,0.588390481,,,,
1.784716474,0.135550947,0.559432443,0.559535544,0.614943621,0.576637886,0.542227,-0.055511178,0.581667121,,,,
1.801299869,0.135550947,0.55439496,0.554497731,0.608056064,0.571600402,0.537189517,-0.053661104,0.575013291,,,,
1.817883265,0.135550947,0.549409279,0.549511734,0.601168506,0.566614722,0.532203837,-0.051759227,0.568428034,,,,
1.834466661,0.135550947,0.544473708,0.544575872,0.594280949,0.561679151,0.527268265,-0.049807241,0.561910412,,,,
1.851050056,0.135550947,0.539586665,0.539688538,0.587393391,0.556792108,0.522381223,-0.047806726,0.555459511,,,,
1.867633452,0.135550947,0.534746676,0.534848197,0.580505834,0.551952119,0.517541234,-0.045759158,0.549074437,,,,
1.884216848,0.135550947,0.529952333,0.53005338,0.573618277,0.547157776,0.512746891,-0.043665943,0.542754314,,,,
1.900800243,0.135550947,0.525202244,0.525302681,0.566730719,0.542407687,0.507996801,-0.041528475,0.536498287,,,,
1.917383639,0.135550947,0.520494993,0.520594755,0.559843162,0.537700436,0.503289551,-0.039348169,0.530305519,,,,
1.933967034,0.135550947,0.515829155,0.515928316,0.552955605,0.533034598,0.498623712,-0.03712645,0.524175191,,,,
1.95055043,0.135550947,0.511203365,0.511302127,0.546068047,0.528408808,0.493997923,-0.034864682,0.518106501,,,,
1.967133826,0.135550947,0.506616423,0.506715007,0.53918049,0.523821866,0.489410981,-0.032564067,0.512098665,,,,
1.983717221,0.135550947,0.502067356,0.502165821,0.532292932,0.519272798,0.484861913,-0.030225577,0.506150916,,,,
2.000300617,0.135550947,0.497555377,0.497653481,0.525405375,0.51476082,0.480349934,-0.027849998,0.500262501,,,,
2.016884013,0.135550947,0.493079715,0.493176943,0.518517818,0.510285157,0.475874272,-0.025438103,0.494432684,,,,
2.033467408,0.135550947,0.488639381,0.488735203,0.51163026,0.505844824,0.471433938,-0.022990879,0.488660743,,,,
2.050050804,0.135550947,0.48423303,0.484327299,0.504742703,0.501438473,0.467027588,-0.020509672,0.482945973,,,,
2.066634199,0.135550947,0.479859063,0.479952306,0.497855146,0.497064506,0.46265362,-0.017996083,0.47728768,,,,
2.083217595,0.135550947,0.475516007,0.475609334,0.490967588,0.49272145,0.458310565,-0.015451581,0.471685187,,,,
2.099800991,0.135550947,0.471203024,0.471297528,0.484080031,0.488408467,0.453997582,-0.012877007,0.466137828,,,,
2.116384386,0.135550947,0.46692019,0.467016064,0.477192473,0.484125632,0.449714747,-0.010272283,0.460644951,,,,
2.132967782,0.135550947,0.462668231,0.462764151,0.470304916,0.479873673,0.445462788,-0.007636685,0.455205918,,,,
2.149551178,0.135550947,0.458447635,0.458541027,0.463417359,0.475653078,0.441242193,-0.004969723,0.449820102,,,,
2.166134573,0.135550947,0.454257534,0.454345957,0.456529801,0.471462977,0.437052092,-0.002272267,0.444486887,,,,
2.182717969,0.135550947,0.450095098,0.450178235,0.449642244,0.46730054,0.432889655,0.000452854,0.439205672,,,,
2.199301364,0.135550947,0.445956192,0.446037178,0.442754687,0.463161635,0.428750749,0.003201506,0.433975864,,,,
2.21588476,0.135550947,0.441837406,0.441922131,0.435867129,0.459042849,0.424631964,0.005970277,0.428796884,,,,
2.232468156,0.135550947,0.437738564,0.437832458,0.428979572,0.454944006,0.420533121,0.008758992,0.423668161,,,,
2.249051551,0.135550947,0.433663999,0.43376755,0.422092014,0.450869441,0.416458556,0.011571984,0.418589137,,,,
2.265634947,0.135550947,0.429620993,0.429726815,0.415204457,0.446826436,0.412415551,0.014416536,0.413559263,,,,
2.282218343,0.135550947,0.425615156,0.425709686,0.4083169,0.442820599,0.408409714,0.017298257,0.408578,,,,
2.298801738,0.135550947,0.421644793,0.421715612,0.401429342,0.438850235,0.40443935,0.02021545,0.40364482,,,,
2.315385134,0.135550947,0.417698098,0.417744063,0.394541785,0.43490354,0.400492655,0.023156313,0.398759203,,,,
2.331968529,0.135550947,0.413756733,0.413794524,0.387654227,0.430962175,0.39655129,0.026102505,0.393920639,,,,
2.348551925,0.135550947,0.409806172,0.409866502,0.38076667,0.427011614,0.392600729,0.029039502,0.389128627,,,,
2.365135321,0.135550947,0.405848233,0.405959515,0.373879113,0.423053676,0.38864279,0.03196912,0.384382675,,,,
2.381718716,0.135550947,0.401907324,0.402073101,0.366991555,0.419112767,0.384701882,0.034915769,0.379682299,,,,
2.398302112,0.135550947,0.398022659,0.398206811,0.360103998,0.415228101,0.380817216,0.037918661,0.375027025,,,,
2.414885508,0.135550947,0.394225635,0.394360212,0.353216441,0.411431078,0.377020193,0.041009195,0.370416384,,,,
2.431468903,0.135550947,0.390512343,0.390532883,0.346328883,0.407717786,0.373306901,0.04418346,0.365849918,,,,
2.448052299,0.135550947,0.386829396,0.386724417,0.339441326,0.404034839,0.369623954,0.04738807,0.361327177,,,,
2.464635694,0.135550947,0.383089773,0.382934422,0.332553768,0.400295216,0.365884331,0.050536005,0.356847715,,,,
2.48121909,0.135550947,0.379220895,0.379162516,0.325666211,0.396426338,0.362015453,0.053554684,0.352411098,,,,
2.497802486,0.135550947,0.375224829,0.375408329,0.318778654,0.392430272,0.358019387,0.056446176,0.348016897,,,,
2.514385881,0.135550947,0.371212956,0.371671504,0.311891096,0.388418398,0.354007513,0.059321859,0.343664689,,,,
2.530969277,0.135550947,0.367378504,0.367951692,0.305003539,0.384583946,0.350173061,0.062374965,0.33935406,,,,
2.547552673,0.135550947,0.36389582,0.364248557,0.298115982,0.381101263,0.346690378,0.065779839,0.335084602,,,,
2.564136068,0.135550947,0.360776113,0.360561773,0.291228424,0.377981555,0.34357067,0.069547689,0.330855914,,,,
2.580719464,0.135550947,0.357744295,0.356891023,0.284340867,0.374949737,0.340538852,0.073403428,0.3266676,,,,
2.597302859,0.135550947,0.354207819,0.353235999,0.277453309,0.371413262,0.337002377,0.07675451,0.322519273,,,,
2.613886255,0.135550947,0.349356688,0.349596403,0.270565752,0.36656213,0.332151245,0.078790936,0.31841055,,,,
2.630469651,0.135550947,0.342376232,0.345971945,0.263678195,0.359581675,0.32517079,0.078698038,0.314341054,,,,
0.723379154,0.677754734,1.115125043,1.1177441,1.063266319,1.132330486,1.097919601,0.051858724,1.222365456,,,,
0.73996255,0.677754734,1.114012458,1.113867734,1.056378762,1.131217901,1.096807016,0.057633697,1.207269026,,,,
0.756545945,0.677754734,1.111879218,1.110267893,1.049491204,1.129084661,1.094673775,0.062388014,1.192433074,,,,
0.773129341,0.677754734,1.108553405,1.106883081,1.042603647,1.125758848,1.091347962,0.065949758,1.177849079,,,,
0.789712736,0.677754734,1.104215797,1.103653629,1.035716089,1.121421239,1.087010354,0.068499707,1.163508978,,,,
0.806296132,0.677754734,1.099468908,1.100519497,1.028828532,1.11667435,1.082263465,0.070640376,1.149405127,,,,
0.822879528,0.677754734,1.095200656,1.097417417,1.021940975,1.112406098,1.077995213,0.073259681,1.135530274,,,,
0.839462923,0.677754734,1.092214261,1.094277391,1.015053417,1.109419703,1.075008818,0.077160843,1.12187753,,,,
0.856046319,0.677754734,1.090736541,1.091018356,1.00816586,1.107941984,1.073531098,0.082570681,1.108440345,,,,
0.872629715,0.677754734,1.090040061,1.087540969,1.001278303,1.107245503,1.072834618,0.088761758,1.095212485,,,,
0.88921311,0.677754734,1.088428538,1.083712338,0.994390745,1.10563398,1.071223095,0.094037793,1.08218801,,,,
0.905796506,0.677754734,1.0836964,1.079333431,0.987503188,1.100901842,1.066490957,0.096193212,1.069361258,,,,
0.922379901,0.677754734,1.073933292,1.074065726,0.98061563,1.091138734,1.056727849,0.093317662,1.056726821,,,,
0.938963297,0.677754734,1.058332932,1.067222421,0.973728073,1.075538374,1.041127489,0.084604859,1.044279536,,,,
0.955546693,0.677754734,1.037617342,1.020429098,0.966840516,1.054822785,1.0204119,0.070776827,1.032014466,,,,
0.972130088,0.677754734,1.013850483,1.000682182,0.959952958,1.031055926,0.996645041,0.053897525,1.019926889,,,,
0.988713484,0.677754734,0.989710962,0.982886371,0.953065401,1.006916405,0.97250552,0.036645561,1.008012281,,,,
1.00529688,0.677754734,0.967558223,0.96641319,0.946177844,0.984763666,0.950352781,0.02138038,0.996266308,,,,
1.021880275,0.677754734,0.948712534,0.95094807,0.939290286,0.965917976,0.931507091,0.009422248,0.984684814,,,,
1.038463671,0.677754734,0.933235524,0.936303573,0.932402729,0.950440967,0.916030082,0.000832796,0.973263812,,,,
1.055047066,0.677754734,0.92023228,0.922354638,0.925515171,0.937437723,0.903026838,-0.005282891,0.961999472,,,,
1.071630462,0.677754734,0.908452419,0.909011117,0.918627614,0.925657862,0.891246977,-0.010175195,0.950888114,,,,
1.088213858,0.677754734,0.896870703,0.896204659,0.911740057,0.914076146,0.879665261,-0.014869354,0.9399262,,,,
1.104797253,0.677754734,0.885004035,0.883881586,0.904852499,0.902209477,0.867798592,-0.019848464,0.929110329,,,,
1.121380649,0.677754734,0.872899787,0.871998486,0.897964942,0.89010523,0.855694344,-0.025065155,0.918437222,,,,
1.137964045,0.677754734,0.860898394,0.860519284,0.891077384,0.878103836,0.843692951,-0.030178991,0.907903725,,,,
1.15454744,0.677754734,0.849348629,0.849413275,0.884189827,0.866554071,0.832143186,-0.034841198,0.897506797,,,,
1.171130836,0.677754734,0.838422525,0.838653808,0.87730227,0.855627968,0.821217082,-0.038879745,0.887243506,,,,
1.187714231,0.677754734,0.82808327,0.828217402,0.870414712,0.845288713,0.810877828,-0.042331442,0.877111023,,,,
1.204297627,0.677754734,0.818168375,0.818083133,0.863527155,0.835373818,0.800962933,-0.04535878,0.867106618,,,,
1.220881023,0.677754734,0.808506812,0.808232194,0.856639598,0.825712254,0.791301369,-0.048132786,0.857227655,,,,
1.237464418,0.677754734,0.798999727,0.79864756,0.84975204,0.81620517,0.781794285,-0.050752313,0.847471585,,,,
1.254047814,0.677754734,0.789636757,0.789313735,0.842864483,0.806842199,0.772431314,-0.053227726,0.837835947,,,,
1.270631209,0.677754734,0.780462121,0.780216541,0.835976925,0.797667564,0.763256679,-0.055514804,0.82831836,,,,
1.287214605,0.677754734,0.771525286,0.771342959,0.829089368,0.788730729,0.754319843,-0.057564082,0.81891652,,,,
1.303798001,0.677754734,0.762846807,0.762680988,0.822201811,0.78005225,0.745641365,-0.059355004,0.809628197,,,,
1.320381396,0.677754734,0.754411627,0.754219535,0.815314253,0.77161707,0.737206184,-0.060902626,0.800451232,,,,
1.336964792,0.677754734,0.746183719,0.74594832,0.808426696,0.763389161,0.728978276,-0.062242977,0.791383534,,,,
1.353548188,0.677754734,0.738127074,0.737857791,0.801539139,0.755332516,0.720921631,-0.063412065,0.782423076,,,,
1.370131583,0.677754734,0.730219886,0.72993906,0.794651581,0.747425329,0.713014443,-0.064431695,0.773567893,,,,
1.386714979,0.677754734,0.722456812,0.722183835,0.787764024,0.739662254,0.705251369,-0.065307212,0.76481608,,,,
1.403298374,0.677754734,0.714842109,0.714584375,0.780876466,0.732047552,0.697636667,-0.066034357,0.756165787,,,,
1.41988177,0.677754734,0.707380283,0.707133435,0.773988909,0.724585725,0.69017484,-0.066608626,0.747615221,,,,
1.436465166,0.677754734,0.700069924,0.699824231,0.767101352,0.717275366,0.682864481,-0.067031428,0.739162638,,,,
1.453048561,0.677754734,0.692902904,0.692650398,0.760213794,0.710108347,0.675697462,-0.06731089,0.730806348,,,,
1.469631957,0.677754734,0.685867567,0.685605958,0.753326237,0.70307301,0.668662124,-0.06745867,0.722544707,,,,
1.486215353,0.677754734,0.678952931,0.678685293,0.74643868,0.696158374,0.661747489,-0.067485748,0.714376116,,,,
1.502798748,0.677754734,0.672151382,0.671883112,0.739551122,0.689356824,0.654945939,-0.06739974,0.706299023,,,,
1.519382144,0.677754734,0.66545891,0.665194434,0.732663565,0.682664353,0.648253468,-0.067204654,0.698311917,,,,
1.535965539,0.677754734,0.658873563,0.658614557,0.725776007,0.676079006,0.641668121,-0.066902444,0.690413329,,,,
1.552548935,0.677754734,0.652393455,0.652139047,0.71888845,0.669598898,0.635188013,-0.066494995,0.682601829,,,,
1.569132331,0.677754734,0.646015505,0.645763712,0.712000893,0.663220947,0.628810062,-0.065985388,0.674876026,,,,
1.585715726,0.677754734,0.639735306,0.639484589,0.705113335,0.656940749,0.622529864,-0.065378029,0.667234564,,,,
1.602299122,0.677754734,0.633547833,0.633297928,0.698225778,0.650753275,0.61634239,-0.064677945,0.659676125,,,,
1.618882518,0.677754734,0.62744834,0.627200176,0.691338221,0.644653783,0.610242898,-0.06388988,0.652199421,,,,
1.635465913,0.677754734,0.62143294,0.621187967,0.684450663,0.638638383,0.604227498,-0.063017723,0.644803201,,,,
1.652049309,0.677754734,0.615498648,0.615258106,0.677563106,0.632704091,0.598293206,-0.062064458,0.637486244,,,,
1.668632704,0.677754734,0.609643042,0.609407563,0.670675548,0.626848484,0.592437599,-0.061032506,0.630247358,,,,
1.6852161,0.677754734,0.603863825,0.603633458,0.663787991,0.621069267,0.586658382,-0.059924166,0.623085384,,,,
1.701799496,0.677754734,0.598158539,0.597933054,0.656900434,0.615363982,0.580953097,-0.058741894,0.615999188,,,,
1.718382891,0.677754734,0.592524521,0.592303748,0.650012876,0.609729963,0.575319078,-0.057488356,0.608987665,,,,
1.734966287,0.677754734,0.586959035,0.586743062,0.643125319,0.604164478,0.569753593,-0.056166283,0.602049737,,,,
1.751549683,0.677754734,0.581459466,0.581248637,0.636237761,0.598664909,0.564254023,-0.054778295,0.595184352,,,,
1.768133078,0.677754734,0.576023433,0.575818224,0.629350204,0.593228875,0.55881799,-0.053326771,0.588390481,,,,
1.784716474,0.677754734,0.57064881,0.57044968,0.622462647,0.587854252,0.553443367,-0.051813837,0.581667121,,,,
1.801299869,0.677754734,0.565333662,0.565140959,0.615575089,0.582539105,0.548128219,-0.050241427,0.575013291,,,,
1.817883265,0.677754734,0.560076164,0.55989011,0.608687532,0.577281607,0.542870722,-0.048611367,0.568428034,,,,
1.834466661,0.677754734,0.554874543,0.554695269,0.601799975,0.572079985,0.5376691,-0.046925432,0.561910412,,,,
1.851050056,0.677754734,0.549727054,0.549554653,0.594912417,0.566932497,0.532521612,-0.045185363,0.555459511,,,,
1.867633452,0.677754734,0.544631994,0.54446656,0.58802486,0.561837437,0.527426552,-0.043392866,0.549074437,,,,
1.884216848,0.677754734,0.539587698,0.53942936,0.581137302,0.556793141,0.522382256,-0.041549604,0.542754314,,,,
1.900800243,0.677754734,0.534592543,0.534441495,0.574249745,0.551797985,0.5173871,-0.039657202,0.536498287,,,,
1.917383639,0.677754734,0.529644951,0.529501472,0.567362188,0.546850394,0.512439509,-0.037717237,0.530305519,,,,
1.933967034,0.677754734,0.524743421,0.524607861,0.56047463,0.541948864,0.507537978,-0.035731209,0.524175191,,,,
1.95055043,0.677754734,0.519886575,0.519759292,0.553587073,0.537092018,0.502681133,-0.033700498,0.518106501,,,,
1.967133826,0.677754734,0.515073205,0.51495445,0.546699516,0.532278648,0.497867763,-0.03162631,0.512098665,,,,
1.983717221,0.677754734,0.51030226,0.510192075,0.539811958,0.527507702,0.493096817,-0.029509699,0.506150916,,,,
2.000300617,0.677754734,0.505572751,0.505470959,0.532924401,0.522778193,0.488367308,-0.02735165,0.500262501,,,,
2.016884013,0.677754734,0.500883599,0.500789939,0.526036843,0.518089042,0.483678157,-0.025153244,0.494432684,,,,
2.033467408,0.677754734,0.496233501,0.4961479,0.519149286,0.513438943,0.479028058,-0.022915785,0.488660743,,,,
2.050050804,0.677754734,0.491620932,0.491543772,0.512261729,0.508826374,0.474415489,-0.020640797,0.482945973,,,,
2.066634199,0.677754734,0.487044361,0.486976524,0.505374171,0.504249804,0.469838918,-0.01832981,0.47728768,,,,
2.083217595,0.677754734,0.482502605,0.482445166,0.498486614,0.499708048,0.465297163,-0.015984009,0.471685187,,,,
2.099800991,0.677754734,0.477995131,0.477948745,0.491599057,0.495200573,0.460789688,-0.013603926,0.466137828,,,,
2.116384386,0.677754734,0.473522038,0.473486344,0.484711499,0.49072748,0.456316595,-0.011189461,0.460644951,,,,
2.132967782,0.677754734,0.469083586,0.469057081,0.477823942,0.486289028,0.451878143,-0.008740356,0.455205918,,,,
2.149551178,0.677754734,0.46467938,0.464660105,0.470936384,0.481884823,0.447473938,-0.006257004,0.449820102,,,,
2.166134573,0.677754734,0.460307691,0.460294597,0.464048827,0.477513134,0.443102249,-0.003741136,0.444486887,,,,
2.182717969,0.677754734,0.455965471,0.455959769,0.45716127,0.473170913,0.438760028,-0.001195799,0.439205672,,,,
2.199301364,0.677754734,0.45164942,0.451654859,0.450273712,0.468854863,0.434443978,0.001375708,0.433975864,,,,
2.21588476,0.677754734,0.447357794,0.447379134,0.443386155,0.464563236,0.430152351,0.003971639,0.428796884,,,,
2.232468156,0.677754734,0.44309193,0.443131886,0.436498598,0.460297373,0.425886488,0.006593333,0.423668161,,,,
2.249051551,0.677754734,0.438856198,0.438912432,0.42961104,0.456061641,0.421650756,0.009245158,0.418589137,,,,
2.265634947,0.677754734,0.434655608,0.434720112,0.422723483,0.451861051,0.417450166,0.011932126,0.413559263,,,,
2.282218343,0.677754734,0.430491768,0.430554289,0.415835925,0.447697211,0.413286326,0.014655843,0.408578,,,,
2.298801738,0.677754734,0.426359463,0.426414348,0.408948368,0.443564905,0.40915402,0.017411095,0.40364482,,,,
2.315385134,0.677754734,0.422246793,0.422299695,0.402060811,0.439452235,0.40504135,0.020185982,0.398759203,,,,
2.331968529,0.677754734,0.418140532,0.418209756,0.395173253,0.435345974,0.400935089,0.022967279,0.393920639,,,,
2.348551925,0.677754734,0.414035176,0.414143974,0.388285696,0.431240618,0.396829733,0.02574948,0.389128627,,,,
2.365135321,0.677754734,0.40994058,0.410101813,0.381398139,0.427146023,0.392735138,0.028542442,0.384382675,,,,
2.381718716,0.677754734,0.405881641,0.406082753,0.374510581,0.423087084,0.388676199,0.03137106,0.379682299,,,,
2.398302112,0.677754734,0.401886313,0.40208629,0.367623024,0.419091756,0.384680871,0.03426329,0.375027025,,,,
2.414885508,0.677754734,0.397965339,0.398111939,0.360735466,0.415170781,0.380759896,0.037229872,0.370416384,,,,
2.431468903,0.677754734,0.394094955,0.394159227,0.353847909,0.411300398,0.376889512,0.040247046,0.365849918,,,,
2.448052299,0.677754734,0.39021713,0.390227699,0.346960352,0.407422573,0.373011688,0.043256779,0.361327177,,,,
2.464635694,0.677754734,0.386265827,0.386316911,0.340072794,0.403471269,0.369060384,0.046193033,0.356847715,,,,
2.48121909,0.677754734,0.382212729,0.382426436,0.333185237,0.399418172,0.365007286,0.049027492,0.352411098,,,,
2.497802486,0.677754734,0.378108595,0.378555858,0.326297679,0.395314038,0.360903153,0.051810916,0.348016897,,,,
2.514385881,0.677754734,0.374088127,0.374704774,0.319410122,0.391293569,0.356882684,0.054678005,0.343664689,,,,
2.530969277,0.677754734,0.37031607,0.370872793,0.312522565,0.387521512,0.353110627,0.057793505,0.33935406,,,,
2.547552673,0.677754734,0.366880103,0.367059538,0.305635007,0.384085546,0.349674661,0.061245096,0.335084602,,,,
2.564136068,0.677754734,0.363669819,0.363264639,0.29874745,0.380875262,0.346464377,0.064922369,0.330855914,,,,
2.580719464,0.677754734,0.360301632,0.359487741,0.291859893,0.377507074,0.343096189,0.068441739,0.3266676,,,,
2.597302859,0.677754734,0.356141371,0.355728497,0.284972335,0.373346814,0.338935929,0.071169036,0.322519273,,,,
2.613886255,0.677754734,0.350438642,0.351986571,0.278084778,0.367644084,0.333233199,0.072353864,0.31841055,,,,
2.630469651,0.677754734,0.342536207,0.348261636,0.27119722,0.359741649,0.325330764,0.071338986,0.314341054,,,,
0.723379154,0.948856628,1.110023622,1.11132287,1.067025832,1.127229064,1.092818179,0.04299779,1.222365456,,,,
0.73996255,0.948856628,1.106754565,1.107272362,1.060138274,1.123960007,1.089549122,0.04661629,1.207269026,,,,
0.756545945,0.948856628,1.103459972,1.103504736,1.053250717,1.120665414,1.086254529,0.050209255,1.192433074,,,,
0.773129341,0.948856628,1.100285697,1.099959844,1.04636316,1.11749114,1.083080255,0.053922537,1.177849079,,,,
0.789712736,0.948856628,1.097183661,1.096580128,1.039475602,1.114389103,1.079978218,0.057708058,1.163508978,,,,
0.806296132,0.948856628,1.093937632,1.093308926,1.032588045,1.111143075,1.076732189,0.061349587,1.149405127,,,,
0.822879528,0.948856628,1.090325088,1.090088456,1.025700488,1.10753053,1.073119645,0.0646246,1.135530274,,,,
0.839462923,0.948856628,1.08633091,1.08685758,1.01881293,1.103536353,1.069125467,0.06751798,1.12187753,,,,
0.856046319,0.948856628,1.082261296,1.083549204,1.011925373,1.099466738,1.065055853,0.070335923,1.108440345,,,,
0.872629715,0.948856628,1.078625648,1.080086211,1.005037815,1.09583109,1.061420205,0.073587832,1.095212485,,,,
0.88921311,0.948856628,1.07577627,1.076373615,0.998150258,1.092981712,1.058570827,0.077626012,1.08218801,,,,
0.905796506,0.948856628,1.073466272,1.072284209,0.991262701,1.090671715,1.05626083,0.082203572,1.069361258,,,,
0.922379901,0.948856628,1.070598667,1.067632711,0.984375143,1.08780411,1.053393225,0.086223524,1.056726821,,,,
0.938963297,0.948856628,1.065398557,1.062120855,0.977487586,1.082604,1.048193115,0.087910971,1.044279536,,,,
0.955546693,0.948856628,1.05603394,1.055194833,0.970600029,1.073239382,1.038828497,0.085433911,1.032014466,,,,
0.972130088,0.948856628,1.041440521,1.045618018,0.963712471,1.058645964,1.024235079,0.07772805,1.019926889,,,,
0.988713484,0.948856628,1.021937818,1.028577314,0.956824914,1.03914326,1.004732375,0.065112904,1.008012281,,,,
1.00529688,0.948856628,0.999282363,0.989614979,0.949937356,1.016487806,0.982076921,0.049345007,0.996266308,,,,
1.021880275,0.948856628,0.97607958,0.971951818,0.943049799,0.993285023,0.958874138,0.033029781,0.984684814,,,,
1.038463671,0.948856628,0.954816964,0.955874249,0.936162242,0.972022407,0.937611522,0.018654723,0.973263812,,,,
1.055047066,0.948856628,0.936984502,0.940862117,0.929274684,0.954189945,0.91977906,0.007709818,0.961999472,,,,
1.071630462,0.948856628,0.922691557,0.926671337,0.922387127,0.939897,0.905486115,0.00030443,0.950888114,,,,
1.088213858,0.948856628,0.910911809,0.91315492,0.91549957,0.928117251,0.893706366,-0.004587761,0.9399262,,,,
1.104797253,0.948856628,0.900160628,0.900213599,0.908612012,0.917366071,0.882955186,-0.008451384,0.929110329,,,,
1.121380649,0.948856628,0.889221304,0.887776279,0.901724455,0.906426747,0.872015861,-0.012503151,0.918437222,,,,
1.137964045,0.948856628,0.877575693,0.875789756,0.894836897,0.894781135,0.86037025,-0.017261205,0.907903725,,,,
1.15454744,0.948856628,0.865406308,0.864212483,0.88794934,0.88261175,0.848200865,-0.022543032,0.897506797,,,,
1.171130836,0.948856628,0.853276054,0.853010701,0.881061783,0.870481497,0.836070612,-0.027785728,0.887243506,,,,
1.187714231,0.948856628,0.841724771,0.842156057,0.874174225,0.858930213,0.824519328,-0.032449455,0.877111023,,,,
1.204297627,0.948856628,0.83100093,0.83162414,0.867286668,0.848206372,0.813795487,-0.036285738,0.867106618,,,,
1.220881023,0.948856628,0.8210199,0.821393547,0.86039911,0.838225343,0.803814458,-0.03937921,0.857227655,,,,
1.237464418,0.948856628,0.811500963,0.811445261,0.853511553,0.828706406,0.794295521,-0.04201059,0.847471585,,,,
1.254047814,0.948856628,0.80215985,0.80176221,0.846623996,0.819365293,0.784954408,-0.044464146,0.837835947,,,,
1.270631209,0.948856628,0.792843089,0.792328946,0.839736438,0.810048532,0.775637646,-0.046893349,0.82831836,,,,
1.287214605,0.948856628,0.783555005,0.783131398,0.832848881,0.800760448,0.766349563,-0.049293876,0.81891652,,,,
1.303798001,0.948856628,0.774397848,0.774156684,0.825961324,0.79160329,0.757192405,-0.051563476,0.809628197,,,,
1.320381396,0.948856628,0.765482846,0.765392955,0.819073766,0.782688288,0.748277403,-0.053590921,0.800451232,,,,
1.336964792,0.948856628,0.756866138,0.756829273,0.812186209,0.774071581,0.739660695,-0.055320071,0.791383534,,,,
1.353548188,0.948856628,0.748533553,0.748455513,0.805298651,0.765738996,0.731328111,-0.056765098,0.782423076,,,,
1.370131583,0.948856628,0.740425879,0.740262271,0.798411094,0.757631321,0.723220436,-0.057985215,0.773567893,,,,
1.386714979,0.948856628,0.73247866,0.732240797,0.791523537,0.749684103,0.715273218,-0.059044876,0.76481608,,,,
1.403298374,0.948856628,0.724651821,0.72438293,0.784635979,0.741857263,0.707446378,-0.059984159,0.756165787,,,,
1.41988177,0.948856628,0.716937626,0.716681048,0.777748422,0.734143068,0.699732183,-0.060810796,0.747615221,,,,
1.436465166,0.948856628,0.709350157,0.709128016,0.770860865,0.726555599,0.692144714,-0.061510708,0.739162638,,,,
1.453048561,0.948856628,0.701907647,0.701717148,0.763973307,0.719113089,0.684702204,-0.06206566,0.730806348,,,,
1.469631957,0.948856628,0.694618838,0.69444217,0.75708575,0.711824281,0.677413396,-0.062466911,0.722544707,,,,
1.486215353,0.948856628,0.687478803,0.687297185,0.750198192,0.704684245,0.67027336,-0.06271939,0.714376116,,,,
1.502798748,0.948856628,0.680473138,0.680276646,0.743310635,0.697678581,0.663267695,-0.062837497,0.706299023,,,,
1.519382144,0.948856628,0.673585638,0.673375329,0.736423078,0.69079108,0.656380195,-0.06283744,0.698311917,,,,
1.535965539,0.948856628,0.666804444,0.666588308,0.72953552,0.684009887,0.649599002,-0.062731076,0.690413329,,,,
1.552548935,0.948856628,0.660124115,0.659910934,0.722647963,0.677329558,0.642918672,-0.062523848,0.682601829,,,,
1.569132331,0.948856628,0.653543937,0.653338817,0.715760406,0.670749379,0.636338494,-0.062216469,0.674876026,,,,
1.585715726,0.948856628,0.647064578,0.646867803,0.708872848,0.664270021,0.629859136,-0.06180827,0.667234564,,,,
1.602299122,0.948856628,0.640685297,0.640493965,0.701985291,0.65789074,0.623479854,-0.061299994,0.659676125,,,,
1.618882518,0.948856628,0.634402897,0.634213582,0.695097733,0.651608339,0.617197454,-0.060694837,0.652199421,,,,
1.635465913,0.948856628,0.628212359,0.628023125,0.688210176,0.645417802,0.611006916,-0.059997817,0.644803201,,,,
1.652049309,0.948856628,0.622108261,0.62191925,0.681322619,0.639313703,0.604902818,-0.059214358,0.637486244,,,,
1.668632704,0.948856628,0.616085999,0.615898782,0.674435061,0.633291442,0.598880557,-0.058349062,0.630247358,,,,
1.6852161,0.948856628,0.610142278,0.609958702,0.667547504,0.62734772,0.592936835,-0.057405226,0.623085384,,,,
1.701799496,0.948856628,0.604274851,0.604096144,0.660659947,0.621480294,0.587069409,-0.056385095,0.615999188,,,,
1.718382891,0.948856628,0.598481907,0.59830838,0.653772389,0.61568735,0.581276464,-0.055290482,0.608987665,,,,
1.734966287,0.948856628,0.592761505,0.592592814,0.646884832,0.609966947,0.575556062,-0.054123327,0.602049737,,,,
1.751549683,0.948856628,0.587111331,0.586946971,0.639997274,0.604316774,0.569905889,-0.052885943,0.595184352,,,,
1.768133078,0.948856628,0.581528779,0.581368497,0.633109717,0.598734222,0.564323337,-0.051580938,0.588390481,,,,
1.784716474,0.948856628,0.576011203,0.575855142,0.62622216,0.593216646,0.55880576,-0.050210957,0.581667121,,,,
1.801299869,0.948856628,0.570556159,0.570404764,0.619334602,0.587761602,0.553350717,-0.048778443,0.575013291,,,,
1.817883265,0.948856628,0.565161526,0.565015314,0.612447045,0.582366969,0.547956084,-0.047285519,0.568428034,,,,
1.834466661,0.948856628,0.559825474,0.559684837,0.605559487,0.577030916,0.542620031,-0.045734014,0.561910412,,,,
1.851050056,0.948856628,0.554546347,0.554411465,0.59867193,0.571751789,0.537340904,-0.044125584,0.555459511,,,,
1.867633452,0.948856628,0.549322536,0.54919341,0.591784373,0.566527979,0.532117094,-0.042461836,0.549074437,,,,
1.884216848,0.948856628,0.544152392,0.544028962,0.584896815,0.561357835,0.52694695,-0.040744423,0.542754314,,,,
1.900800243,0.948856628,0.539034203,0.538916486,0.578009258,0.556239646,0.521828761,-0.038975055,0.536498287,,,,
1.917383639,0.948856628,0.533966241,0.533854413,0.571121701,0.551171684,0.516760799,-0.037155459,0.530305519,,,,
1.933967034,0.948856628,0.528946846,0.528841243,0.564234143,0.546152289,0.511741404,-0.035287297,0.524175191,,,,
1.95055043,0.948856628,0.523974521,0.523875536,0.557346586,0.541179963,0.506769078,-0.033372065,0.518106501,,,,
1.967133826,0.948856628,0.519047983,0.518955912,0.550459028,0.536253426,0.50184254,-0.031411046,0.512098665,,,,
1.983717221,0.948856628,0.514166148,0.514081047,0.543571471,0.53137159,0.496960705,-0.029405323,0.506150916,,,,
2.000300617,0.948856628,0.509328009,0.509249669,0.536683914,0.526533452,0.492122567,-0.027355904,0.500262501,,,,
2.016884013,0.948856628,0.50453247,0.504460559,0.529796356,0.521737912,0.487327027,-0.025263887,0.494432684,,,,
2.033467408,0.948856628,0.499778193,0.499712543,0.522908799,0.516983636,0.482572751,-0.023130606,0.488660743,,,,
2.050050804,0.948856628,0.495063608,0.495004495,0.516021242,0.51226905,0.477858165,-0.020957634,0.482945973,,,,
2.066634199,0.948856628,0.490387104,0.490335331,0.509133684,0.507592547,0.473181661,-0.01874658,0.47728768,,,,
2.083217595,0.948856628,0.485747388,0.485704011,0.502246127,0.50295283,0.468541945,-0.016498739,0.471685187,,,,
2.099800991,0.948856628,0.481143787,0.48110953,0.495358569,0.49834923,0.463938345,-0.014214782,0.466137828,,,,
2.116384386,0.948856628,0.476576272,0.476550925,0.488471012,0.493781715,0.459370829,-0.01189474,0.460644951,,,,
2.132967782,0.948856628,0.472045032,0.472027265,0.481583455,0.489250475,0.45483959,-0.009538423,0.455205918,,,,
2.149551178,0.948856628,0.467549726,0.467537657,0.474695897,0.484755168,0.450344283,-0.007146172,0.449820102,,,,
2.166134573,0.948856628,0.463088809,0.463081237,0.46780834,0.480294251,0.445883366,-0.004719531,0.444486887,,,,
2.182717969,0.948856628,0.458659486,0.458657175,0.460920783,0.475864928,0.441454043,-0.002261297,0.439205672,,,,
2.199301364,0.948856628,0.454258607,0.454264668,0.454033225,0.471464049,0.437053164,0.000225382,0.433975864,,,,
2.21588476,0.948856628,0.449884267,0.449902944,0.447145668,0.467089709,0.432678824,0.002738599,0.428796884,,,,
2.232468156,0.948856628,0.445537221,0.445571256,0.44025811,0.462742664,0.428331779,0.005279111,0.423668161,,,,
2.249051551,0.948856628,0.441220945,0.441268884,0.433370553,0.458426388,0.424015503,0.007850392,0.418589137,,,,
2.265634947,0.948856628,0.436939658,0.436995133,0.426482996,0.454145101,0.419734216,0.010456663,0.413559263,,,,
2.282218343,0.948856628,0.432694883,0.432749331,0.419595438,0.449900325,0.41548944,0.013099445,0.408578,,,,
2.298801738,0.948856628,0.428482494,0.42853083,0.412707881,0.445687936,0.411277051,0.015774613,0.40364482,,,,
2.315385134,0.948856628,0.424292778,0.424339002,0.405820324,0.441498221,0.407087336,0.018472455,0.398759203,,,,
2.331968529,0.948856628,0.420114887,0.42017324,0.398932766,0.43732033,0.402909445,0.021182121,0.393920639,,,,
2.348551925,0.948856628,0.415944305,0.41603296,0.392045209,0.433149748,0.398738862,0.023899096,0.389128627,,,,
2.365135321,0.948856628,0.411788957,0.411917593,0.385157651,0.428994399,0.394583514,0.026631305,0.384382675,,,,
2.381718716,0.948856628,0.407668512,0.407826591,0.378270094,0.424873955,0.39046307,0.029398418,0.379682299,,,,
2.398302112,0.948856628,0.403604108,0.403759423,0.371382537,0.42080955,0.386398665,0.032221571,0.375027025,,,,
2.414885508,0.948856628,0.399601824,0.399715575,0.364494979,0.416807266,0.382396381,0.035106844,0.370416384,,,,
2.431468903,0.948856628,0.395639755,0.395694548,0.357607422,0.412845197,0.378434312,0.038032333,0.365849918,,,,
2.448052299,0.948856628,0.391670582,0.391695861,0.350719865,0.408876024,0.374465139,0.040950717,0.361327177,,,,
2.464635694,0.948856628,0.387645565,0.387719046,0.343832307,0.404851008,0.370440123,0.043813258,0.356847715,,,,
2.48121909,0.948856628,0.383552523,0.38376365,0.33694475,0.400757966,0.36634708,0.046607773,0.352411098,,,,
2.497802486,0.948856628,0.379446181,0.379829234,0.330057192,0.396651623,0.362240738,0.049388988,0.348016897,,,,
2.514385881,0.948856628,0.375443911,0.375915372,0.323169635,0.392649354,0.358238468,0.052274276,0.343664689,,,,
2.530969277,0.948856628,0.371670572,0.372021651,0.316282078,0.388876015,0.35446513,0.055388495,0.33935406,,,,
2.547552673,0.948856628,0.368161537,0.368147671,0.30939452,0.385366979,0.350956094,0.058767016,0.335084602,,,,
2.564136068,0.948856628,0.364761545,0.364293043,0.302506963,0.381966988,0.347556103,0.062254582,0.330855914,,,,
2.580719464,0.948856628,0.361071974,0.360457389,0.295619405,0.378277417,0.343866532,0.065452569,0.3266676,,,,
2.597302859,0.948856628,0.35648821,0.356640343,0.288731848,0.373693653,0.339282768,0.067756362,0.322519273,,,,
2.613886255,0.948856628,0.350333235,0.352841549,0.281844291,0.367538677,0.333127792,0.068488944,0.31841055,,,,
2.630469651,0.948856628,0.342049089,0.349060662,0.274956733,0.359254531,0.324843646,0.067092356,0.314341054,,,,
0.723379154,1.084407575,1.107376219,1.108142048,1.068905588,1.124581662,1.090170777,0.038470631,1.222365456,,,,
0.73996255,1.084407575,1.103548948,1.104005629,1.062018031,1.12075439,1.086343505,0.041530917,1.207269026,,,,
0.756545945,1.084407575,1.099814741,1.100155246,1.055130474,1.117020184,1.082609298,0.044684267,1.192433074,,,,
0.773129341,1.084407575,1.096414633,1.09653132,1.048242916,1.113620076,1.079209191,0.048171717,1.177849079,,,,
0.789712736,1.084407575,1.093350941,1.093077175,1.041355359,1.110556383,1.076145498,0.051995582,1.163508978,,,,
0.806296132,1.084407575,1.090360432,1.089737512,1.034467801,1.107565874,1.073154989,0.05589263,1.149405127,,,,
0.822879528,1.084407575,1.087058873,1.086456674,1.027580244,1.104264315,1.06985343,0.059478629,1.135530274,,,,
0.839462923,1.084407575,1.083202499,1.083176797,1.020692687,1.100407942,1.065997056,0.062509812,1.12187753,,,,
0.856046319,1.084407575,1.078913717,1.079835715,1.013805129,1.096119159,1.061708274,0.065108588,1.108440345,,,,
0.872629715,1.084407575,1.074694557,1.076363765,1.006917572,1.0919,1.057489115,0.067776985,1.095212485,,,,
0.88921311,1.084407575,1.071143835,1.072677942,1.000030015,1.088349278,1.053938393,0.071113821,1.08218801,,,,
0.905796506,1.084407575,1.068473871,1.068671901,0.993142457,1.085679314,1.051268429,0.075331414,1.069361258,,,,
0.922379901,1.084407575,1.066089222,1.064199521,0.9862549,1.083294664,1.048883779,0.079834322,1.056726821,,,,
0.938963297,1.084407575,1.062523465,1.059043221,0.979367342,1.079728908,1.045318023,0.083156123,1.044279536,,,,
0.955546693,1.084407575,1.055874982,1.052839698,0.972479785,1.073080424,1.038669539,0.083395197,1.032014466,,,,
0.972130088,1.084407575,1.044602948,1.044908437,0.965592228,1.061808391,1.027397506,0.079010721,1.019926889,,,,
0.988713484,1.084407575,1.028303039,1.033792146,0.95870467,1.045508482,1.011097597,0.069598369,1.008012281,,,,
1.00529688,1.084407575,1.008041203,1.01348048,0.951817113,1.025246646,0.990835761,0.05622409,0.996266308,,,,
1.021880275,1.084407575,0.986032448,0.982661606,0.944929555,1.00323789,0.968827005,0.041102892,0.984684814,,,,
1.038463671,1.084407575,0.964799208,0.965776275,0.938041998,0.982004651,0.947593766,0.02675721,0.973263812,,,,
1.055047066,1.084407575,0.946224015,0.9501204,0.931154441,0.963429458,0.929018572,0.015069574,0.961999472,,,,
1.071630462,1.084407575,0.930955363,0.93543977,0.924266883,0.948160805,0.91374992,0.006688479,0.950888114,,,,
1.088213858,1.084407575,0.918414278,0.921535453,0.917379326,0.93561972,0.901208835,0.001034952,0.9399262,,,,
1.104797253,1.084407575,0.90731975,0.908271575,0.910491769,0.924525193,0.890114308,-0.003172018,0.929110329,,,,
1.121380649,1.084407575,0.896402372,0.89555389,0.903604211,0.913607815,0.879196929,-0.007201839,0.918437222,,,,
1.137964045,1.084407575,0.884937004,0.883315325,0.896716654,0.902142447,0.867731562,-0.011779649,0.907903725,,,,
1.15454744,1.084407575,0.872886854,0.871506191,0.889829096,0.890092297,0.855681411,-0.016942242,0.897506797,,,,
1.171130836,1.084407575,0.860689146,0.860087867,0.882941539,0.877894589,0.843483703,-0.022252393,0.887243506,,,,
1.187714231,1.084407575,0.848882483,0.849028958,0.876053982,0.866087926,0.831677041,-0.027171499,0.877111023,,,,
1.204297627,1.084407575,0.837801879,0.838303027,0.869166424,0.855007321,0.820596436,-0.031364546,0.867106618,,,,
1.220881023,1.084407575,0.827470553,0.827887244,0.862278867,0.844675995,0.81026511,-0.034808314,0.857227655,,,,
1.237464418,1.084407575,0.817681215,0.817761534,0.85539131,0.834886658,0.800475772,-0.037710095,0.847471585,,,,
1.254047814,1.084407575,0.808166393,0.807908014,0.848503752,0.825371835,0.79096095,-0.04033736,0.837835947,,,,
1.270631209,1.084407575,0.798743698,0.798310595,0.841616195,0.815949141,0.781538256,-0.042872496,0.82831836,,,,
1.287214605,1.084407575,0.789370974,0.788954686,0.834728637,0.806576416,0.772165531,-0.045357664,0.81891652,,,,
1.303798001,1.084407575,0.780113059,0.779826975,0.82784108,0.797318501,0.762907616,-0.047728021,0.809628197,,,,
1.320381396,1.084407575,0.771066289,0.770915248,0.820953523,0.788271731,0.753860846,-0.049887234,0.800451232,,,,
1.336964792,1.084407575,0.762293047,0.762208257,0.814065965,0.779498489,0.745087604,-0.051772919,0.791383534,,,,
1.353548188,1.084407575,0.753796146,0.753695601,0.807178408,0.771001589,0.736590704,-0.053382262,0.782423076,,,,
1.370131583,1.084407575,0.745532562,0.745367635,0.800290851,0.762738005,0.72832712,-0.054758288,0.773567893,,,,
1.386714979,1.084407575,0.737446186,0.737215395,0.793403293,0.754651629,0.720240744,-0.055957107,0.76481608,,,,
1.403298374,1.084407575,0.729496464,0.729230524,0.786515736,0.746701906,0.712291021,-0.057019272,0.756165787,,,,
1.41988177,1.084407575,0.721669702,0.721405222,0.779628178,0.738875145,0.70446426,-0.057958476,0.747615221,,,,
1.436465166,1.084407575,0.713973133,0.713732192,0.772740621,0.731178576,0.69676769,-0.058767488,0.739162638,,,,
1.453048561,1.084407575,0.706420561,0.706204598,0.765853064,0.723626003,0.689215118,-0.059432503,0.730806348,,,,
1.469631957,1.084407575,0.699019735,0.698816026,0.758965506,0.716225178,0.681814292,-0.059945771,0.722544707,,,,
1.486215353,1.084407575,0.691767278,0.69156045,0.752077949,0.70897272,0.674561835,-0.060310671,0.714376116,,,,
1.502798748,1.084407575,0.684651184,0.684432203,0.745190392,0.701856626,0.667445741,-0.060539208,0.706299023,,,,
1.519382144,1.084407575,0.677657055,0.677425946,0.738302834,0.694862498,0.660451613,-0.060645779,0.698311917,,,,
1.535965539,1.084407575,0.670773627,0.670536649,0.731415277,0.687979069,0.653568184,-0.06064165,0.690413329,,,,
1.552548935,1.084407575,0.663994987,0.663759561,0.724527719,0.681200429,0.646789544,-0.060532732,0.682601829,,,,
1.569132331,1.084407575,0.657319467,0.657090198,0.717640162,0.674524909,0.640114024,-0.060320695,0.674876026,,,,
1.585715726,1.084407575,0.650746865,0.650524318,0.710752605,0.667952307,0.633541422,-0.06000574,0.667234564,,,,
1.602299122,1.084407575,0.644275971,0.644057908,0.703865047,0.661481414,0.627070529,-0.059589076,0.659676125,,,,
1.618882518,1.084407575,0.637903542,0.637687167,0.69697749,0.655108985,0.6206981,-0.059073948,0.652199421,,,,
1.635465913,1.084407575,0.631624752,0.631408491,0.690089932,0.648830194,0.614419309,-0.058465181,0.644803201,,,,
1.652049309,1.084407575,0.6254344,0.625218462,0.683202375,0.642639843,0.608228958,-0.057767975,0.637486244,,,,
1.668632704,1.084407575,0.619327997,0.619113837,0.676314818,0.63653344,0.602122554,-0.056986821,0.630247358,,,,
1.6852161,1.084407575,0.613302212,0.613091534,0.66942726,0.630507655,0.59609677,-0.056125048,0.623085384,,,,
1.701799496,1.084407575,0.60735467,0.60714862,0.662539703,0.624560113,0.590149228,-0.055185033,0.615999188,,,,
1.718382891,1.084407575,0.601483399,0.601282311,0.655652146,0.618688841,0.584277956,-0.054168747,0.608987665,,,,
1.734966287,1.084407575,0.595686328,0.59548995,0.648764588,0.61289177,0.578480885,-0.05307826,0.602049737,,,,
1.751549683,1.084407575,0.589961066,0.589769013,0.641877031,0.607166508,0.572755623,-0.051915965,0.595184352,,,,
1.768133078,1.084407575,0.584304969,0.584117089,0.634989473,0.601510412,0.567099527,-0.050684504,0.588390481,,,,
1.784716474,1.084407575,0.578715378,0.57853188,0.628101916,0.59592082,0.561509935,-0.049386538,0.581667121,,,,
1.801299869,1.084407575,0.573189834,0.573011196,0.621214359,0.590395276,0.555984391,-0.048024525,0.575013291,,,,
1.817883265,1.084407575,0.567726187,0.567552942,0.614326801,0.58493163,0.550520745,-0.046600614,0.568428034,,,,
1.834466661,1.084407575,0.562322566,0.56215512,0.607439244,0.579528008,0.545117123,-0.045116678,0.561910412,,,,
1.851050056,1.084407575,0.556977259,0.556815818,0.600551687,0.574182702,0.539771817,-0.043574427,0.555459511,,,,
1.867633452,1.084407575,0.551688599,0.551533207,0.593664129,0.568894041,0.534483156,-0.04197553,0.549074437,,,,
1.884216848,1.084407575,0.546454876,0.546305541,0.586776572,0.563660318,0.529249433,-0.040321696,0.542754314,,,,
1.900800243,1.084407575,0.541274334,0.541131144,0.579889014,0.558479777,0.524068892,-0.03861468,0.536498287,,,,
1.917383639,1.084407575,0.536145222,0.536008413,0.573001457,0.553350664,0.518939779,-0.036856235,0.530305519,,,,
1.933967034,1.084407575,0.531065876,0.530935813,0.5661139,0.548271318,0.513860433,-0.035048024,0.524175191,,,,
1.95055043,1.084407575,0.526034807,0.525911869,0.559226342,0.543240249,0.508829364,-0.033191536,0.518106501,,,,
1.967133826,1.084407575,0.521050731,0.52093517,0.552338785,0.538256173,0.503845288,-0.031288054,0.512098665,,,,
1.983717221,1.084407575,0.516112525,0.51600436,0.545451228,0.533317968,0.498907083,-0.029338702,0.506150916,,,,
2.000300617,1.084407575,0.5112191,0.511118138,0.53856367,0.528424542,0.494013657,-0.02734457,0.500262501,,,,
2.016884013,1.084407575,0.506369233,0.506275254,0.531676113,0.523574675,0.48916379,-0.02530688,0.494432684,,,,
2.033467408,1.084407575,0.501561473,0.501474509,0.524788555,0.518766915,0.48435603,-0.023227083,0.488660743,,,,
2.050050804,1.084407575,0.496794197,0.496714748,0.517900998,0.513999639,0.479588754,-0.021106801,0.482945973,,,,
2.066634199,1.084407575,0.492065862,0.491994862,0.511013441,0.509271305,0.474860419,-0.018947579,0.47728768,,,,
2.083217595,1.084407575,0.487375356,0.487313784,0.504125883,0.504580799,0.470169914,-0.016750527,0.471685187,,,,
2.099800991,1.084407575,0.482722231,0.482670487,0.497238326,0.499927673,0.465516788,-0.014516095,0.466137828,,,,
2.116384386,1.084407575,0.478106581,0.478063982,0.490350769,0.495312024,0.460901138,-0.012244187,0.460644951,,,,
2.132967782,1.084407575,0.473528478,0.473493317,0.483463211,0.49073392,0.456323035,-0.009934733,0.455205918,,,,
2.149551178,1.084407575,0.468987153,0.468957576,0.476575654,0.486192595,0.45178171,-0.007588501,0.449820102,,,,
2.166134573,1.084407575,0.464480427,0.464455874,0.469688096,0.48168587,0.447274985,-0.005207669,0.444486887,,,,
2.182717969,1.084407575,0.460004948,0.459987359,0.462800539,0.477210391,0.442799506,-0.002795591,0.439205672,,,,
2.199301364,1.084407575,0.455557464,0.455551211,0.455912982,0.472762906,0.438352021,-0.000355518,0.433975864,,,,
2.21588476,1.084407575,0.451136711,0.451146636,0.449025424,0.468342154,0.433931269,0.002111287,0.428796884,,,,
2.232468156,1.084407575,0.446744801,0.446772869,0.442137867,0.463950244,0.429539359,0.004606934,0.423668161,,,,
2.249051551,1.084407575,0.442386777,0.442429172,0.435250309,0.459592219,0.425181334,0.007136467,0.418589137,,,,
2.265634947,1.084407575,0.438067757,0.438114832,0.428362752,0.455273199,0.420862314,0.009705004,0.413559263,,,,
2.282218343,1.084407575,0.433788563,0.43382916,0.421475195,0.450994006,0.41658312,0.012313368,0.408578,,,,
2.298801738,1.084407575,0.429542365,0.429571491,0.414587637,0.446747808,0.412336922,0.014954728,0.40364482,,,,
2.315385134,1.084407575,0.425315364,0.425341182,0.40770008,0.442520806,0.408109921,0.017615284,0.398759203,,,,
2.331968529,1.084407575,0.42109306,0.42113761,0.400812523,0.438298502,0.403887617,0.020280537,0.393920639,,,,
2.348551925,1.084407575,0.416870225,0.416960174,0.393924965,0.434075668,0.399664782,0.02294526,0.389128627,,,,
2.365135321,1.084407575,0.412659008,0.412808293,0.387037408,0.42986445,0.395453565,0.0256216,0.384382675,,,,
2.381718716,1.084407575,0.408488232,0.408681403,0.38014985,0.425693674,0.391282789,0.028338381,0.379682299,,,,
2.398302112,1.084407575,0.40439006,0.40457896,0.373262293,0.421595503,0.387184618,0.031127767,0.375027025,,,,
2.414885508,1.084407575,0.400377639,0.400500435,0.366374736,0.417583082,0.383172196,0.034002903,0.370416384,,,,
2.431468903,1.084407575,0.396425668,0.396445317,0.359487178,0.413631111,0.379220226,0.03693849,0.365849918,,,,
2.448052299,1.084407575,0.392469418,0.392413112,0.352599621,0.40967486,0.375263975,0.039869797,0.361327177,,,,
2.464635694,1.084407575,0.388431724,0.38840334,0.345712064,0.405637166,0.371226281,0.04271966,0.356847715,,,,
2.48121909,1.084407575,0.384272088,0.384415536,0.338824506,0.40147753,0.367066645,0.045447582,0.352411098,,,,
2.497802486,1.084407575,0.380033863,0.380449248,0.331936949,0.397239306,0.362828421,0.048096915,0.348016897,,,,
2.514385881,1.084407575,0.375856029,0.37650404,0.325049391,0.393061472,0.358650587,0.050806638,0.343664689,,,,
2.530969277,1.084407575,0.371924677,0.372579488,0.318161834,0.38913012,0.354719235,0.053762843,0.33935406,,,,
2.547552673,1.084407575,0.368366701,0.368675181,0.311274277,0.385572144,0.351161259,0.057092425,0.335084602,,,,
2.564136068,1.084407575,0.365122854,0.364790718,0.304386719,0.382328297,0.347917411,0.060736135,0.330855914,,,,
2.580719464,1.084407575,0.361860189,0.360925712,0.297499162,0.379065632,0.344654747,0.064361027,0.3266676,,,,
2.597302859,1.084407575,0.357978861,0.357079787,0.290611605,0.375184303,0.340773418,0.067367256,0.322519273,,,,
2.613886255,1.084407575,0.352732843,0.353252577,0.283724047,0.369938286,0.335527401,0.069008796,0.31841055,,,,
2.630469651,1.084407575,0.345433414,0.349443728,0.27683649,0.362638857,0.328227972,0.068596924,0.314341054,,,,
0.723379154,1.355509468,1.10110139,1.101838327,1.072665101,1.118306833,1.083895948,0.028436289,1.222365456,,,,
0.73996255,1.355509468,1.097302236,1.09753223,1.065777544,1.114507679,1.080096794,0.031524692,1.207269026,,,,
0.756545945,1.355509468,1.093390843,1.09351844,1.058889986,1.110596285,1.0761854,0.034500856,1.192433074,,,,
0.773129341,1.355509468,1.089544719,1.089738354,1.052002429,1.106750162,1.072339277,0.03754229,1.177849079,,,,
0.789712736,1.355509468,1.085915088,1.086136787,1.045114872,1.10312053,1.068709645,0.040800216,1.163508978,,,,
0.806296132,1.355509468,1.082543111,1.082660683,1.038227314,1.099748553,1.065337668,0.044315796,1.149405127,,,,
0.822879528,1.355509468,1.079324009,1.07925778,1.031339757,1.096529451,1.062118566,0.047984252,1.135530274,,,,
0.839462923,1.355509468,1.076048521,1.075875257,1.0244522,1.093253964,1.058843079,0.051596322,1.12187753,,,,
0.856046319,1.355509468,1.072512511,1.072458283,1.017564642,1.089717954,1.055307069,0.054947869,1.108440345,,,,
0.872629715,1.355509468,1.068640428,1.068947938,1.010677085,1.085845871,1.051434986,0.057963343,1.095212485,,,,
0.88921311,1.355509468,1.064543511,1.065277776,1.003789527,1.081748954,1.047338069,0.060753984,1.08218801,,,,
0.905796506,1.355509468,1.060452004,1.061368647,0.99690197,1.077657447,1.043246562,0.063550034,1.069361258,,,,
0.922379901,1.355509468,1.056524139,1.057121492,0.990014413,1.073729581,1.039318696,0.066509726,1.056726821,,,,
0.938963297,1.355509468,1.05261554,1.05240535,0.983126855,1.069820982,1.035410097,0.069488685,1.044279536,,,,
0.955546693,1.355509468,1.04814324,1.047031255,0.976239298,1.065348683,1.030937798,0.071903942,1.032014466,,,,
0.972130088,1.355509468,1.042157823,1.040700796,0.969351741,1.059363266,1.024952381,0.072806083,1.019926889,,,,
0.988713484,1.355509468,1.033641514,1.032944021,0.962464183,1.050846956,1.016436071,0.071177331,1.008012281,,,,
1.00529688,1.355509468,1.021923744,1.023040314,0.955576626,1.039129187,1.004718301,0.066347118,0.996266308,,,,
1.021880275,1.355509468,1.007021456,1.009520905,0.948689068,1.024226899,0.989816013,0.058332388,0.984684814,,,,
1.038463671,1.355509468,0.989726317,0.990029164,0.941801511,1.006931759,0.972520874,0.047924806,0.973263812,,,,
1.055047066,1.355509468,0.971376915,0.969159785,0.934913954,0.988582358,0.954171473,0.036462962,0.961999472,,,,
1.071630462,1.355509468,0.953410587,0.952838866,0.928026396,0.97061603,0.936205145,0.025384191,0.950888114,,,,
1.088213858,1.355509468,0.936898611,0.9380267,0.921138839,0.954104053,0.919693168,0.015759772,0.9399262,,,,
1.104797253,1.355509468,0.922268884,0.92404178,0.914251281,0.939474327,0.905063442,0.008017603,0.929110329,,,,
1.121380649,1.355509468,0.909315385,0.910726444,0.907363724,0.926520827,0.892109942,0.00195166,0.918437222,,,,
1.137964045,1.355509468,0.89744791,0.897970414,0.900476167,0.914653353,0.880242468,-0.003028256,0.907903725,,,,
1.15454744,1.355509468,0.886031002,0.88569666,0.893588609,0.903236444,0.868825559,-0.007557608,0.897506797,,,,
1.171130836,1.355509468,0.874647312,0.873850827,0.886701052,0.891852755,0.85744187,-0.01205374,0.887243506,,,,
1.187714231,1.355509468,0.863190471,0.862392394,0.879813495,0.880395914,0.845985029,-0.016623023,0.877111023,,,,
1.204297627,1.355509468,0.851793829,0.851289297,0.872925937,0.868999272,0.834588386,-0.021132108,0.867106618,,,,
1.220881023,1.355509468,0.840675777,0.840514962,0.86603838,0.85788122,0.823470335,-0.025362602,0.857227655,,,,
1.237464418,1.355509468,0.829998329,0.830046664,0.859150822,0.847203771,0.812792886,-0.029152494,0.847471585,,,,
1.254047814,1.355509468,0.819800345,0.819864557,0.852263265,0.837005787,0.802594902,-0.03246292,0.837835947,,,,
1.270631209,1.355509468,0.810012203,0.809951043,0.845375708,0.827217645,0.79280676,-0.035363505,0.82831836,,,,
1.287214605,1.355509468,0.80051766,0.800290349,0.83848815,0.817723103,0.783312218,-0.03797049,0.81891652,,,,
1.303798001,1.355509468,0.791217436,0.790868208,0.831600593,0.808422879,0.774011994,-0.040383157,0.809628197,,,,
1.320381396,1.355509468,0.782063543,0.781671627,0.824713036,0.799268986,0.764858101,-0.042649492,0.800451232,,,,
1.336964792,1.355509468,0.773058026,0.772688701,0.817825478,0.790263469,0.755852583,-0.044767452,0.791383534,,,,
1.353548188,1.355509468,0.76422902,0.763908473,0.810937921,0.781434462,0.747023577,-0.046708901,0.782423076,,,,
1.370131583,1.355509468,0.755603371,0.755320817,0.804050363,0.772808813,0.738397928,-0.048446993,0.773567893,,,,
1.386714979,1.355509468,0.74718994,0.746916344,0.797162806,0.764395383,0.729984498,-0.049972866,0.76481608,,,,
1.403298374,1.355509468,0.738977642,0.738686322,0.790275249,0.756183085,0.721772199,-0.051297607,0.756165787,,,,
1.41988177,1.355509468,0.730943852,0.730622613,0.783387691,0.748149295,0.71373841,-0.052443839,0.747615221,,,,
1.436465166,1.355509468,0.723065494,0.722717612,0.776500134,0.740270937,0.705860052,-0.05343464,0.739162638,,,,
1.453048561,1.355509468,0.715326607,0.714964203,0.769612577,0.73253205,0.698121164,-0.05428597,0.730806348,,,,
1.469631957,1.355509468,0.707720085,0.707355714,0.762725019,0.724925528,0.690514643,-0.055004934,0.722544707,,,,
1.486215353,1.355509468,0.700244853,0.699885879,0.755837462,0.717450296,0.683039411,-0.055592609,0.714376116,,,,
1.502798748,1.355509468,0.692901414,0.692548809,0.748949904,0.710106856,0.675695971,-0.056048491,0.706299023,,,,
1.519382144,1.355509468,0.685688427,0.685338956,0.742062347,0.70289387,0.668482984,-0.05637392,0.698311917,,,,
1.535965539,1.355509468,0.678601524,0.678251095,0.73517479,0.695806967,0.661396081,-0.056573266,0.690413329,,,,
1.552548935,1.355509468,0.671634097,0.671280291,0.728287232,0.688839539,0.654428654,-0.056653136,0.682601829,,,,
1.569132331,1.355509468,0.664778973,0.664421887,0.721399675,0.681984416,0.647573531,-0.056620702,0.674876026,,,,
1.585715726,1.355509468,0.658029875,0.657671478,0.714512118,0.675235317,0.640824432,-0.056482243,0.667234564,,,,
1.602299122,1.355509468,0.651382047,0.651024894,0.70762456,0.66858749,0.634176605,-0.056242513,0.659676125,,,,
1.618882518,1.355509468,0.644832067,0.644478188,0.700737003,0.662037509,0.627626624,-0.055904936,0.652199421,,,,
1.635465913,1.355509468,0.638377195,0.638027616,0.693849445,0.655582638,0.621171753,-0.05547225,0.644803201,,,,
1.652049309,1.355509468,0.632014743,0.631669628,0.686961888,0.649220186,0.614809301,-0.054947145,0.637486244,,,,
1.668632704,1.355509468,0.625741722,0.625400852,0.680074331,0.642947164,0.608536279,-0.054332609,0.630247358,,,,
1.6852161,1.355509468,0.619554836,0.619218085,0.673186773,0.636760279,0.602349394,-0.053631937,0.623085384,,,,
1.701799496,1.355509468,0.613450695,0.613118281,0.666299216,0.630656138,0.596245253,-0.052848521,0.615999188,,,,
1.718382891,1.355509468,0.607426057,0.607098543,0.659411658,0.6246315,0.590220615,-0.051985601,0.608987665,,,,
1.734966287,1.355509468,0.601477983,0.60115611,0.652524101,0.618683426,0.584272541,-0.051046118,0.602049737,,,,
1.751549683,1.355509468,0.595603858,0.595288354,0.645636544,0.612809301,0.578398415,-0.050032686,0.595184352,,,,
1.768133078,1.355509468,0.589801312,0.58949277,0.638748986,0.607006755,0.572595869,-0.048947674,0.588390481,,,,
1.784716474,1.355509468,0.584068116,0.583766966,0.631861429,0.601273559,0.566862674,-0.047793313,0.581667121,,,,
1.801299869,1.355509468,0.578402104,0.578108662,0.624973872,0.595607546,0.561196661,-0.046571768,0.575013291,,,,
1.817883265,1.355509468,0.57280114,0.572515677,0.618086314,0.590006583,0.555595698,-0.045285174,0.568428034,,,,
1.834466661,1.355509468,0.567263133,0.566985932,0.611198757,0.584468576,0.550057691,-0.043935623,0.561910412,,,,
1.851050056,1.355509468,0.561786056,0.561517434,0.604311199,0.578991499,0.544580614,-0.042525143,0.555459511,,,,
1.867633452,1.355509468,0.556367964,0.55610828,0.597423642,0.573573406,0.539162521,-0.041055678,0.549074437,,,,
1.884216848,1.355509468,0.551006997,0.550756648,0.590536085,0.568212439,0.533801554,-0.039529088,0.542754314,,,,
1.900800243,1.355509468,0.545701385,0.545460793,0.583648527,0.562906827,0.528495942,-0.037947143,0.536498287,,,,
1.917383639,1.355509468,0.540449454,0.540219044,0.57676097,0.557654896,0.523244011,-0.036311516,0.530305519,,,,
1.933967034,1.355509468,0.53524964,0.535029798,0.569873413,0.552455082,0.518044197,-0.034623773,0.524175191,,,,
1.95055043,1.355509468,0.530100496,0.52989152,0.562985855,0.547305938,0.512895053,-0.032885359,0.518106501,,,,
1.967133826,1.355509468,0.52500067,0.524802735,0.556098298,0.542206113,0.507795228,-0.031097628,0.512098665,,,,
1.983717221,1.355509468,0.519948847,0.51976203,0.54921074,0.537154289,0.502743404,-0.029261894,0.506150916,,,,
2.000300617,1.355509468,0.514943667,0.514768046,0.542323183,0.53214911,0.497738225,-0.027379516,0.500262501,,,,
2.016884013,1.355509468,0.50998368,0.509819479,0.535435626,0.527189122,0.492778237,-0.025451946,0.494432684,,,,
2.033467408,1.355509468,0.505067366,0.504915075,0.528548068,0.522272809,0.487861923,-0.023480702,0.488660743,,,,
2.050050804,1.355509468,0.500193272,0.500053629,0.521660511,0.517398715,0.482987829,-0.021467239,0.482945973,,,,
2.066634199,1.355509468,0.495360202,0.495233982,0.514772954,0.512565644,0.478154759,-0.019412752,0.47728768,,,,
2.083217595,1.355509468,0.490567362,0.490455018,0.507885396,0.507772805,0.473361919,-0.017318034,0.471685187,,,,
2.099800991,1.355509468,0.485814321,0.485715665,0.500997839,0.503019763,0.468608878,-0.015183518,0.466137828,,,,
2.116384386,1.355509468,0.481100711,0.481014888,0.494110281,0.498306154,0.463895269,-0.01300957,0.460644951,,,,
2.132967782,1.355509468,0.476425757,0.476351692,0.487222724,0.4936312,0.459220315,-0.010796967,0.455205918,,,,
2.149551178,1.355509468,0.471787874,0.471725118,0.480335167,0.488993316,0.454582431,-0.008547293,0.449820102,,,,
2.166134573,1.355509468,0.467184679,0.467134242,0.473447609,0.484390122,0.449979237,-0.00626293,0.444486887,,,,
2.182717969,1.355509468,0.46261363,0.46257817,0.466560052,0.479819072,0.445408187,-0.003946422,0.439205672,,,,
2.199301364,1.355509468,0.458073133,0.458056044,0.459672495,0.475278576,0.440867691,-0.001599361,0.433975864,,,,
2.21588476,1.355509468,0.453563587,0.453567034,0.452784937,0.470769029,0.436358144,0.00077865,0.428796884,,,,
2.232468156,1.355509468,0.449087515,0.449110337,0.44589738,0.466292957,0.431882072,0.003190135,0.423668161,,,,
2.249051551,1.355509468,0.444648239,0.444685182,0.439009822,0.461853682,0.427442797,0.005638417,0.418589137,,,,
2.265634947,1.355509468,0.440247273,0.440290822,0.432122265,0.457452715,0.42304183,0.008125008,0.413559263,,,,
2.282218343,1.355509468,0.435881675,0.435926533,0.425234708,0.453087118,0.418676232,0.010646967,0.408578,,,,
2.298801738,1.355509468,0.431543313,0.431591619,0.41834715,0.448748756,0.41433787,0.013196163,0.40364482,,,,
2.315385134,1.355509468,0.427221565,0.427285406,0.411459593,0.444427007,0.410016122,0.015761972,0.398759203,,,,
2.331968529,1.355509468,0.422909311,0.423007241,0.404572035,0.440114754,0.405703869,0.018337276,0.393920639,,,,
2.348551925,1.355509468,0.418609539,0.418756494,0.397684478,0.435814982,0.401404097,0.020925061,0.389128627,,,,
2.365135321,1.355509468,0.414338031,0.414532554,0.390796921,0.431543474,0.397132588,0.02354111,0.384382675,,,,
2.381718716,1.355509468,0.410118112,0.410334831,0.383909363,0.427323555,0.392912669,0.026208749,0.379682299,,,,
2.398302112,1.355509468,0.405967128,0.406162753,0.377021806,0.423172571,0.388761686,0.028945322,0.375027025,,,,
2.414885508,1.355509468,0.401880177,0.402015766,0.370134249,0.41908562,0.384674735,0.031745929,0.370416384,,,,
2.431468903,1.355509468,0.39782145,0.397893333,0.363246691,0.415026893,0.380616008,0.034574759,0.365849918,,,,
2.448052299,1.355509468,0.393733371,0.393794935,0.356359134,0.410938813,0.376527928,0.037374237,0.361327177,,,,
2.464635694,1.355509468,0.389566217,0.389720067,0.349471576,0.406771659,0.372360774,0.04009464,0.356847715,,,,
2.48121909,1.355509468,0.385317894,0.385668242,0.342584019,0.402523337,0.368112452,0.042733875,0.352411098,,,,
2.497802486,1.355509468,0.381061398,0.381638987,0.335696462,0.398266841,0.363855956,0.045364937,0.348016897,,,,
2.514385881,1.355509468,0.376934799,0.37763184,0.328808904,0.394140242,0.359729357,0.048125895,0.343664689,,,,
2.530969277,1.355509468,0.373080771,0.373646358,0.321921347,0.390286213,0.355875328,0.051159424,0.33935406,,,,
2.547552673,1.355509468,0.369547435,0.369682107,0.31503379,0.386752877,0.352341992,0.054513645,0.335084602,,,,
2.564136068,1.355509468,0.366188498,0.365738668,0.308146232,0.383393941,0.348983055,0.058042266,0.330855914,,,,
2.580719464,1.355509468,0.362613135,0.361815633,0.301258675,0.379818577,0.345407692,0.06135446,0.3266676,,,,
2.597302859,1.355509468,0.358224337,0.357912607,0.294371117,0.375429779,0.341018894,0.063853219,0.322519273,,,,
2.613886255,1.355509468,0.352350161,0.354029205,0.28748356,0.369555604,0.335144719,0.064866601,0.31841055,,,,
2.630469651,1.355509468,0.344430436,0.350165053,0.280596003,0.361635879,0.327224994,0.063834433,0.314341054,,,,
